trial_id,case_index,condition,signal,interval,changed_fields,decision,receiver_answer,released_answer,published_target,received_answer_wrong,released_answer_wrong,answer_only_equal,expectation_met
a4c609e65a0f9bd5d1e9395e,0,control,NO_OBSERVED_CHANGE,,[],ACCEPT,D,D,D,False,False,True,True
d9396d1d0f8c0e5349730e14,1,control,NO_OBSERVED_CHANGE,,[],ACCEPT,B,B,B,False,False,True,True
6c6fa92079672e82acdc6b29,2,control,NO_OBSERVED_CHANGE,,[],ACCEPT,A,A,A,False,False,True,True
06e5e4eea38c9ad9509c3ab1,3,control,NO_OBSERVED_CHANGE,,[],ACCEPT,A,A,A,False,False,True,True
9c8ca4a649cfd571ac7c55e7,4,control,NO_OBSERVED_CHANGE,,[],ACCEPT,F,F,F,False,False,True,True
7f689e74ce03c7307be9d919,5,control,NO_OBSERVED_CHANGE,,[],ACCEPT,B,B,B,False,False,True,True
f5f2e0cb975058935c107881,6,control,NO_OBSERVED_CHANGE,,[],ACCEPT,E,E,E,False,False,True,True
ff1478bbf32084d902d25126,7,control,NO_OBSERVED_CHANGE,,[],ACCEPT,B,B,B,False,False,True,True
8df3cae322c8fc621b19efd7,8,control,NO_OBSERVED_CHANGE,,[],ACCEPT,C,C,C,False,False,True,True
7b1fbd12776aca8b14dbf41c,9,control,NO_OBSERVED_CHANGE,,[],ACCEPT,B,B,B,False,False,True,True
3c79875b339a96ddfd42ab2b,10,control,NO_OBSERVED_CHANGE,,[],ACCEPT,G,G,G,False,False,True,True
b14489af2175faa679c6d655,11,control,NO_OBSERVED_CHANGE,,[],ACCEPT,C,C,C,False,False,True,True
f0d9ce4afee641b865e540de,12,control,NO_OBSERVED_CHANGE,,[],ACCEPT,D,D,D,False,False,True,True
d165bd2ade83d7a7cda443d0,13,control,NO_OBSERVED_CHANGE,,[],ACCEPT,F,F,F,False,False,True,True
b17401eec1d48f0db8b027a2,14,control,NO_OBSERVED_CHANGE,,[],ACCEPT,A,A,A,False,False,True,True
9ef5674b3e795aabde4b9e5c,15,control,NO_OBSERVED_CHANGE,,[],ACCEPT,E,E,E,False,False,True,True
e99f0af07d7f753da938eced,16,control,NO_OBSERVED_CHANGE,,[],ACCEPT,B,B,B,False,False,True,True
3e1d38745713f38fd9d33518,17,control,NO_OBSERVED_CHANGE,,[],ACCEPT,E,E,E,False,False,True,True
56c59f944d20fbf7de90b886,18,control,NO_OBSERVED_CHANGE,,[],ACCEPT,G,G,G,False,False,True,True
2585d714df1e2d789e8f9fcd,19,control,NO_OBSERVED_CHANGE,,[],ACCEPT,A,A,A,False,False,True,True
68d90be3eca37249dd32d739,20,control,NO_OBSERVED_CHANGE,,[],ACCEPT,D,D,D,False,False,True,True
65ff2fd8ee2a1f92f008774e,21,control,NO_OBSERVED_CHANGE,,[],ACCEPT,C,C,C,False,False,True,True
db699cd79b64dfe897149cd0,22,control,NO_OBSERVED_CHANGE,,[],ACCEPT,A,A,A,False,False,True,True
c32390617f6808f494e75031,23,control,NO_OBSERVED_CHANGE,,[],ACCEPT,E,E,E,False,False,True,True
4ba89dab390421b0b33ffb44,24,control,NO_OBSERVED_CHANGE,,[],ACCEPT,D,D,D,False,False,True,True
d94beb6b13dc9e1725096a7c,25,control,NO_OBSERVED_CHANGE,,[],ACCEPT,A,A,A,False,False,True,True
6f15dcab9e9cdd94a83ec74b,26,control,NO_OBSERVED_CHANGE,,[],ACCEPT,F,F,F,False,False,True,True
721324adf308ea605f4e1c38,27,control,NO_OBSERVED_CHANGE,,[],ACCEPT,C,C,C,False,False,True,True
b1bf1babd9a78f5136bfeaab,28,control,NO_OBSERVED_CHANGE,,[],ACCEPT,B,B,B,False,False,True,True
d9e15f4296aad210863eec56,29,control,NO_OBSERVED_CHANGE,,[],ACCEPT,E,E,E,False,False,True,True
ea9ac87a57808ee00bccdd49,30,control,NO_OBSERVED_CHANGE,,[],ACCEPT,C,C,C,False,False,True,True
c7a97ab86cb9130808378fb0,31,control,NO_OBSERVED_CHANGE,,[],ACCEPT,D,D,D,False,False,True,True
7e87891b4b9e6598c8c62f84,32,control,NO_OBSERVED_CHANGE,,[],ACCEPT,C,C,C,False,False,True,True
1eab12057331a59a44e3d2ec,33,control,NO_OBSERVED_CHANGE,,[],ACCEPT,A,A,A,False,False,True,True
d61667d02eb46462a8b8c8d1,34,control,NO_OBSERVED_CHANGE,,[],ACCEPT,G,G,G,False,False,True,True
8787136304c17151a5fd8fba,35,control,NO_OBSERVED_CHANGE,,[],ACCEPT,A,A,A,False,False,True,True
cddb7a98d74f6a34ce3936ba,36,control,NO_OBSERVED_CHANGE,,[],ACCEPT,F,F,F,False,False,True,True
bd28d3879b099d3ac7137afd,37,control,NO_OBSERVED_CHANGE,,[],ACCEPT,C,C,C,False,False,True,True
721248f98c79864dd8228c0a,38,control,NO_OBSERVED_CHANGE,,[],ACCEPT,A,A,A,False,False,True,True
6c9c1f9d171b62a72fe9fba0,39,control,NO_OBSERVED_CHANGE,,[],ACCEPT,G,G,G,False,False,True,True
cb4472fb1aea9eb147e92590,40,control,NO_OBSERVED_CHANGE,,[],ACCEPT,C,C,C,False,False,True,True
ede89e042c46d7c46e913b50,41,control,NO_OBSERVED_CHANGE,,[],ACCEPT,D,D,D,False,False,True,True
bda3e5df2b178e20c4590a2c,42,control,NO_OBSERVED_CHANGE,,[],ACCEPT,E,E,E,False,False,True,True
227fb7b6966685a6e8e01e03,43,control,NO_OBSERVED_CHANGE,,[],ACCEPT,D,D,D,False,False,True,True
82e21edb0de6120a6ae0c233,44,control,NO_OBSERVED_CHANGE,,[],ACCEPT,A,A,A,False,False,True,True
83c3e96c8bf2682ec71d82b5,45,control,NO_OBSERVED_CHANGE,,[],ACCEPT,B,B,B,False,False,True,True
ccecbce50a56740a77fb100e,46,control,NO_OBSERVED_CHANGE,,[],ACCEPT,D,D,D,False,False,True,True
26f10af4fc3dacc69645899f,47,control,NO_OBSERVED_CHANGE,,[],ACCEPT,B,B,B,False,False,True,True
2c3a52527b82a56e5e6e9337,48,control,NO_OBSERVED_CHANGE,,[],ACCEPT,F,F,F,False,False,True,True
2b73d6bbf300e8f83f633c76,49,control,NO_OBSERVED_CHANGE,,[],ACCEPT,F,F,F,False,False,True,True
1b12632c2f147df22478a31a,50,control,NO_OBSERVED_CHANGE,,[],ACCEPT,F,F,F,False,False,True,True
0a04503cefde97a97c387960,51,control,NO_OBSERVED_CHANGE,,[],ACCEPT,A,A,A,False,False,True,True
83d575ffb6ab4e00c57eac3d,52,control,NO_OBSERVED_CHANGE,,[],ACCEPT,C,C,C,False,False,True,True
94275b1c3b526aa86498b24b,53,control,NO_OBSERVED_CHANGE,,[],ACCEPT,D,D,D,False,False,True,True
ee2fc37d98c5d99c4a725b0b,54,control,NO_OBSERVED_CHANGE,,[],ACCEPT,B,B,B,False,False,True,True
1a027f79301b1861328308bb,55,control,NO_OBSERVED_CHANGE,,[],ACCEPT,E,E,E,False,False,True,True
f0520750cd8defedbe9cb045,56,control,NO_OBSERVED_CHANGE,,[],ACCEPT,G,G,G,False,False,True,True
57621aec381b5020d84c774d,57,control,NO_OBSERVED_CHANGE,,[],ACCEPT,F,F,F,False,False,True,True
9c2ce44057d41f043ad5ba59,58,control,NO_OBSERVED_CHANGE,,[],ACCEPT,D,D,D,False,False,True,True
164bc78877779c7ef88b5d61,59,control,NO_OBSERVED_CHANGE,,[],ACCEPT,D,D,D,False,False,True,True
1a22f608b40bed904eafc81b,60,control,NO_OBSERVED_CHANGE,,[],ACCEPT,G,G,G,False,False,True,True
98b94bb32ba09d2e4279994f,61,control,NO_OBSERVED_CHANGE,,[],ACCEPT,F,F,F,False,False,True,True
b2d53690530e926138f73914,62,control,NO_OBSERVED_CHANGE,,[],ACCEPT,B,B,B,False,False,True,True
8abd245e376a455e6e769186,63,control,NO_OBSERVED_CHANGE,,[],ACCEPT,G,G,G,False,False,True,True
6a004b9d3467564e730b5f66,64,control,NO_OBSERVED_CHANGE,,[],ACCEPT,A,A,A,False,False,True,True
56a955d76b219d72f01d09df,65,control,NO_OBSERVED_CHANGE,,[],ACCEPT,G,G,G,False,False,True,True
0d10a763c7811f347f9e3217,66,control,NO_OBSERVED_CHANGE,,[],ACCEPT,E,E,E,False,False,True,True
dd98ae5a466a37e28006488b,67,control,NO_OBSERVED_CHANGE,,[],ACCEPT,C,C,C,False,False,True,True
a47f736fca95d43b36059225,68,control,NO_OBSERVED_CHANGE,,[],ACCEPT,F,F,F,False,False,True,True
046b3397a40a7c29c21ccb2b,69,control,NO_OBSERVED_CHANGE,,[],ACCEPT,G,G,G,False,False,True,True
6d7aa933e7edfe86f9927cf7,70,control,NO_OBSERVED_CHANGE,,[],ACCEPT,B,B,B,False,False,True,True
b06b003633c5a1be7d683629,71,control,NO_OBSERVED_CHANGE,,[],ACCEPT,C,C,C,False,False,True,True
58777c37ffc375d182641cec,72,control,NO_OBSERVED_CHANGE,,[],ACCEPT,F,F,F,False,False,True,True
024b61f035b3b15eaca06abf,73,control,NO_OBSERVED_CHANGE,,[],ACCEPT,E,E,E,False,False,True,True
7389364b9560581bda8a7fbf,74,control,NO_OBSERVED_CHANGE,,[],ACCEPT,A,A,A,False,False,True,True
677824cf5ca8ea9c706404bb,75,control,NO_OBSERVED_CHANGE,,[],ACCEPT,C,C,C,False,False,True,True
340510b34b8c5e11c1f18b1b,76,control,NO_OBSERVED_CHANGE,,[],ACCEPT,A,A,A,False,False,True,True
9b796f06ca7d7bc1e2967023,77,control,NO_OBSERVED_CHANGE,,[],ACCEPT,G,G,G,False,False,True,True
24678ffef998b5124424aafd,78,control,NO_OBSERVED_CHANGE,,[],ACCEPT,A,A,A,False,False,True,True
f3a9e4cd13354f592c038a32,79,control,NO_OBSERVED_CHANGE,,[],ACCEPT,B,B,B,False,False,True,True
67a190830bc0649e156cc343,80,control,NO_OBSERVED_CHANGE,,[],ACCEPT,A,A,A,False,False,True,True
3247ac6aa2db1e4ee8f3d560,81,control,NO_OBSERVED_CHANGE,,[],ACCEPT,D,D,D,False,False,True,True
2d2c6e7800cef30d6792556c,82,control,NO_OBSERVED_CHANGE,,[],ACCEPT,E,E,E,False,False,True,True
262206da69a83a7eb1493c6d,83,control,NO_OBSERVED_CHANGE,,[],ACCEPT,A,A,A,False,False,True,True
0524d789e8a40c5675c49aaa,84,control,NO_OBSERVED_CHANGE,,[],ACCEPT,B,B,B,False,False,True,True
2085fe490b26a3a96f13a88b,85,control,NO_OBSERVED_CHANGE,,[],ACCEPT,G,G,G,False,False,True,True
718bbd106f42ff2880289e96,86,control,NO_OBSERVED_CHANGE,,[],ACCEPT,D,D,D,False,False,True,True
a81562972bf4747c799ed4cc,87,control,NO_OBSERVED_CHANGE,,[],ACCEPT,D,D,D,False,False,True,True
9e6df87094944b419cc9d632,88,control,NO_OBSERVED_CHANGE,,[],ACCEPT,E,E,E,False,False,True,True
337ea39f123e35b49cdbc421,89,control,NO_OBSERVED_CHANGE,,[],ACCEPT,D,D,D,False,False,True,True
87cd7a5f3152bd56de230705,90,control,NO_OBSERVED_CHANGE,,[],ACCEPT,F,F,F,False,False,True,True
984dfb7da01e03b8927d46e3,91,control,NO_OBSERVED_CHANGE,,[],ACCEPT,F,F,F,False,False,True,True
d5bae2b6882688bb37738e07,92,control,NO_OBSERVED_CHANGE,,[],ACCEPT,D,D,D,False,False,True,True
75a3872ec00d78b711b5abd5,93,control,NO_OBSERVED_CHANGE,,[],ACCEPT,G,G,G,False,False,True,True
ff641b4efea1220984399cab,94,control,NO_OBSERVED_CHANGE,,[],ACCEPT,D,D,D,False,False,True,True
7573cf5024823f90f9b1eded,95,control,NO_OBSERVED_CHANGE,,[],ACCEPT,A,A,A,False,False,True,True
8966d87b7d97a01ae16831ce,96,control,NO_OBSERVED_CHANGE,,[],ACCEPT,G,G,G,False,False,True,True
9551c9710885b8ca95960de8,97,control,NO_OBSERVED_CHANGE,,[],ACCEPT,E,E,E,False,False,True,True
3ae6fc8f3630f546f9a39061,98,control,NO_OBSERVED_CHANGE,,[],ACCEPT,F,F,F,False,False,True,True
9a98c02b449ce50245d033ad,99,control,NO_OBSERVED_CHANGE,,[],ACCEPT,D,D,D,False,False,True,True
8ae54fc9da892543f783c23f,100,control,NO_OBSERVED_CHANGE,,[],ACCEPT,A,A,A,False,False,True,True
68f6729a0045a77f40759161,101,control,NO_OBSERVED_CHANGE,,[],ACCEPT,C,C,C,False,False,True,True
9b59636503dc3aa549cf0600,102,control,NO_OBSERVED_CHANGE,,[],ACCEPT,E,E,E,False,False,True,True
2e8d0d38f12224cf8e312bfb,103,control,NO_OBSERVED_CHANGE,,[],ACCEPT,B,B,B,False,False,True,True
4c70edcf2214b7ff7656466f,104,control,NO_OBSERVED_CHANGE,,[],ACCEPT,C,C,C,False,False,True,True
127b6f2a84d3c1309b00b8e0,105,control,NO_OBSERVED_CHANGE,,[],ACCEPT,D,D,D,False,False,True,True
ccde9dc88e5dfe871d2cb9e5,106,control,NO_OBSERVED_CHANGE,,[],ACCEPT,B,B,B,False,False,True,True
5cfa11a7b290c26f9dceceb8,107,control,NO_OBSERVED_CHANGE,,[],ACCEPT,C,C,C,False,False,True,True
b40555a768adb16fa4698ddf,108,control,NO_OBSERVED_CHANGE,,[],ACCEPT,C,C,C,False,False,True,True
79d30f1f2c863be76e37b93b,109,control,NO_OBSERVED_CHANGE,,[],ACCEPT,A,A,A,False,False,True,True
a83b4c8821d8d655df1c26b8,110,control,NO_OBSERVED_CHANGE,,[],ACCEPT,E,E,E,False,False,True,True
c2bf0f55efa8a2c6bcec8064,111,control,NO_OBSERVED_CHANGE,,[],ACCEPT,B,B,B,False,False,True,True
91588c515642c9f72230290b,112,control,NO_OBSERVED_CHANGE,,[],ACCEPT,F,F,F,False,False,True,True
9bb432c828f10c1b2d1bbf52,113,control,NO_OBSERVED_CHANGE,,[],ACCEPT,B,B,B,False,False,True,True
1645b9cb819b8d71e1149051,114,control,NO_OBSERVED_CHANGE,,[],ACCEPT,G,G,G,False,False,True,True
4f7d1292f1026b14b089912e,115,control,NO_OBSERVED_CHANGE,,[],ACCEPT,E,E,E,False,False,True,True
12475a6dadf838b1bb5e5965,116,control,NO_OBSERVED_CHANGE,,[],ACCEPT,D,D,D,False,False,True,True
10ba33a42f3631a86d0b4daf,117,control,NO_OBSERVED_CHANGE,,[],ACCEPT,D,D,D,False,False,True,True
ef4ff6cdd3c1e0800de8fb11,118,control,NO_OBSERVED_CHANGE,,[],ACCEPT,G,G,G,False,False,True,True
4c9b8b41c271f1ed36ecbd9d,119,control,NO_OBSERVED_CHANGE,,[],ACCEPT,E,E,E,False,False,True,True
c51ff4916b31063d45843d41,120,control,NO_OBSERVED_CHANGE,,[],ACCEPT,D,D,D,False,False,True,True
b100f3b6071e001237babfe2,121,control,NO_OBSERVED_CHANGE,,[],ACCEPT,G,G,G,False,False,True,True
2b6add77603073cf17f287b7,122,control,NO_OBSERVED_CHANGE,,[],ACCEPT,C,C,C,False,False,True,True
5aefd45ddab281a7eb829ae2,123,control,NO_OBSERVED_CHANGE,,[],ACCEPT,D,D,D,False,False,True,True
60f464878b16554c36aeaebb,124,control,NO_OBSERVED_CHANGE,,[],ACCEPT,A,A,A,False,False,True,True
9ca10a14425887151677756d,125,control,NO_OBSERVED_CHANGE,,[],ACCEPT,G,G,G,False,False,True,True
4594394fc82ade5b86ae2220,126,control,NO_OBSERVED_CHANGE,,[],ACCEPT,D,D,D,False,False,True,True
3732086a9038348c2ea3b0ca,127,control,NO_OBSERVED_CHANGE,,[],ACCEPT,F,F,F,False,False,True,True
393848b617c88e646834710c,128,control,NO_OBSERVED_CHANGE,,[],ACCEPT,B,B,B,False,False,True,True
6cef84c08b1ea95bda43749a,129,control,NO_OBSERVED_CHANGE,,[],ACCEPT,A,A,A,False,False,True,True
890a95946fc024dd2d82cf5b,130,control,NO_OBSERVED_CHANGE,,[],ACCEPT,C,C,C,False,False,True,True
980254288c876b5805c8e030,131,control,NO_OBSERVED_CHANGE,,[],ACCEPT,G,G,G,False,False,True,True
633a29c7c1b066c84b096c14,132,control,NO_OBSERVED_CHANGE,,[],ACCEPT,A,A,A,False,False,True,True
2b77940e2724ca55ac3a0fcc,133,control,NO_OBSERVED_CHANGE,,[],ACCEPT,B,B,B,False,False,True,True
7510c58182d6215cbd7505ef,134,control,NO_OBSERVED_CHANGE,,[],ACCEPT,G,G,G,False,False,True,True
935075aceed1e46444574f32,135,control,NO_OBSERVED_CHANGE,,[],ACCEPT,D,D,D,False,False,True,True
12dd02bfe1e5728d3bbe4810,136,control,NO_OBSERVED_CHANGE,,[],ACCEPT,B,B,B,False,False,True,True
b0299289a01a4828ae3bd1c2,137,control,NO_OBSERVED_CHANGE,,[],ACCEPT,E,E,E,False,False,True,True
d09b59a1c169d3c47d1b9d4c,138,control,NO_OBSERVED_CHANGE,,[],ACCEPT,G,G,G,False,False,True,True
e784df99f7773b9cc0a1f565,139,control,NO_OBSERVED_CHANGE,,[],ACCEPT,E,E,E,False,False,True,True
f539195d1ff2795694e72383,140,control,NO_OBSERVED_CHANGE,,[],ACCEPT,E,E,E,False,False,True,True
a7da7cde2c3e1bec46838467,141,control,NO_OBSERVED_CHANGE,,[],ACCEPT,C,C,C,False,False,True,True
cc0870f8d614d7e9551f3b44,142,control,NO_OBSERVED_CHANGE,,[],ACCEPT,D,D,D,False,False,True,True
19647f438d905a3a69942768,143,control,NO_OBSERVED_CHANGE,,[],ACCEPT,B,B,B,False,False,True,True
611bcef83720f53590dc3c3f,144,control,NO_OBSERVED_CHANGE,,[],ACCEPT,E,E,E,False,False,True,True
abab1ef03c9b7f8284902a0a,145,control,NO_OBSERVED_CHANGE,,[],ACCEPT,B,B,B,False,False,True,True
1071150e9b884aece2826099,146,control,NO_OBSERVED_CHANGE,,[],ACCEPT,D,D,D,False,False,True,True
a9d8e2c997428751b4475a63,147,control,NO_OBSERVED_CHANGE,,[],ACCEPT,F,F,F,False,False,True,True
fa50a0e9bcbba6a4a8e57ca0,148,control,NO_OBSERVED_CHANGE,,[],ACCEPT,E,E,E,False,False,True,True
eb17990f149b1b7f8c9e7680,149,control,NO_OBSERVED_CHANGE,,[],ACCEPT,F,F,F,False,False,True,True
8c2ae568370b8d3889b75aa5,150,control,NO_OBSERVED_CHANGE,,[],ACCEPT,D,D,D,False,False,True,True
5c7d86d12ccce91e2778cdd5,151,control,NO_OBSERVED_CHANGE,,[],ACCEPT,C,C,C,False,False,True,True
03f62f34f3f2bb7a633bde18,152,control,NO_OBSERVED_CHANGE,,[],ACCEPT,C,C,C,False,False,True,True
18c055bddbc647ff610f8f25,153,control,NO_OBSERVED_CHANGE,,[],ACCEPT,F,F,F,False,False,True,True
61c2d12c9491a18edc557c5d,154,control,NO_OBSERVED_CHANGE,,[],ACCEPT,C,C,C,False,False,True,True
6e465360e021db96a635dd25,155,control,NO_OBSERVED_CHANGE,,[],ACCEPT,E,E,E,False,False,True,True
4b9847b22ff1771bc8843c88,156,control,NO_OBSERVED_CHANGE,,[],ACCEPT,B,B,B,False,False,True,True
1836b94cbb95718af5b769f0,157,control,NO_OBSERVED_CHANGE,,[],ACCEPT,C,C,C,False,False,True,True
bcfa4139bbce53a95b18d2f3,158,control,NO_OBSERVED_CHANGE,,[],ACCEPT,B,B,B,False,False,True,True
cdfed735c8535c1ffa3512dd,159,control,NO_OBSERVED_CHANGE,,[],ACCEPT,E,E,E,False,False,True,True
9a6454c83eaf30f174663c0c,160,control,NO_OBSERVED_CHANGE,,[],ACCEPT,E,E,E,False,False,True,True
15132dad8230e0c390dca494,161,control,NO_OBSERVED_CHANGE,,[],ACCEPT,A,A,A,False,False,True,True
668e4d0ca7a9cb8ae1010d54,162,control,NO_OBSERVED_CHANGE,,[],ACCEPT,F,F,F,False,False,True,True
3899fc6046ff84e22039c98c,163,control,NO_OBSERVED_CHANGE,,[],ACCEPT,E,E,E,False,False,True,True
9e8fd4ba05e31e0ebb9aa6e2,164,control,NO_OBSERVED_CHANGE,,[],ACCEPT,A,A,A,False,False,True,True
f4ad41442c777b40fde28406,165,control,NO_OBSERVED_CHANGE,,[],ACCEPT,B,B,B,False,False,True,True
79ef776ba738c981b8e12fa4,166,control,NO_OBSERVED_CHANGE,,[],ACCEPT,C,C,C,False,False,True,True
f18c28d3a65bbd1232adbe42,167,control,NO_OBSERVED_CHANGE,,[],ACCEPT,G,G,G,False,False,True,True
2a95a3c6fc4b6bcfbd54d845,168,control,NO_OBSERVED_CHANGE,,[],ACCEPT,F,F,F,False,False,True,True
e542aab8d54b6fe8d8883e52,169,control,NO_OBSERVED_CHANGE,,[],ACCEPT,C,C,C,False,False,True,True
be252bff642944c5b2facfe9,170,control,NO_OBSERVED_CHANGE,,[],ACCEPT,A,A,A,False,False,True,True
b9eae54562cece8941c44851,171,control,NO_OBSERVED_CHANGE,,[],ACCEPT,C,C,C,False,False,True,True
1616ddcaefc8587084cbe80f,172,control,NO_OBSERVED_CHANGE,,[],ACCEPT,A,A,A,False,False,True,True
e0e91424cc4f37dccdf00c28,173,control,NO_OBSERVED_CHANGE,,[],ACCEPT,E,E,E,False,False,True,True
6e2d8c715557936f53c93d81,174,control,NO_OBSERVED_CHANGE,,[],ACCEPT,F,F,F,False,False,True,True
da4a135a7ffcec1d0bf11dda,175,control,NO_OBSERVED_CHANGE,,[],ACCEPT,G,G,G,False,False,True,True
52eca6f7b7f6ce757d7338d7,176,control,NO_OBSERVED_CHANGE,,[],ACCEPT,F,F,F,False,False,True,True
2c3df4f8676d01bfa9488c3c,177,control,NO_OBSERVED_CHANGE,,[],ACCEPT,F,F,F,False,False,True,True
cca7299ad5948ab764bdc122,178,control,NO_OBSERVED_CHANGE,,[],ACCEPT,A,A,A,False,False,True,True
aa22001f6df70a27d2a5d3a2,179,control,NO_OBSERVED_CHANGE,,[],ACCEPT,B,B,B,False,False,True,True
5728b41135fc04cb3fc008e7,180,control,NO_OBSERVED_CHANGE,,[],ACCEPT,G,G,G,False,False,True,True
a4787e494c124d3880b03a13,181,control,NO_OBSERVED_CHANGE,,[],ACCEPT,A,A,A,False,False,True,True
51a97f757ed3307589876c93,182,control,NO_OBSERVED_CHANGE,,[],ACCEPT,C,C,C,False,False,True,True
8b39f8c4ab37093fff03af14,183,control,NO_OBSERVED_CHANGE,,[],ACCEPT,B,B,B,False,False,True,True
79573cca1925b42188dd78f1,184,control,NO_OBSERVED_CHANGE,,[],ACCEPT,D,D,D,False,False,True,True
060ed9c6b70925da0077d262,185,control,NO_OBSERVED_CHANGE,,[],ACCEPT,A,A,A,False,False,True,True
c88f07b3720d7af6415601a2,186,control,NO_OBSERVED_CHANGE,,[],ACCEPT,G,G,G,False,False,True,True
e9eb07dc8a834a1873cf0bd4,187,control,NO_OBSERVED_CHANGE,,[],ACCEPT,B,B,B,False,False,True,True
e89e29adfccd15e95f7e6c39,188,control,NO_OBSERVED_CHANGE,,[],ACCEPT,C,C,C,False,False,True,True
61a8a35602a0bf46e52c0202,189,control,NO_OBSERVED_CHANGE,,[],ACCEPT,B,B,B,False,False,True,True
8948f704a8a318ec909165bf,190,control,NO_OBSERVED_CHANGE,,[],ACCEPT,B,B,B,False,False,True,True
3c9026d0fb31993825cbd553,191,control,NO_OBSERVED_CHANGE,,[],ACCEPT,E,E,E,False,False,True,True
9818714ae2f6bc316c7d3960,192,control,NO_OBSERVED_CHANGE,,[],ACCEPT,E,E,E,False,False,True,True
cb670c41d83344a9498f79c2,193,control,NO_OBSERVED_CHANGE,,[],ACCEPT,C,C,C,False,False,True,True
274202ff4d9605aee54b7f5f,194,control,NO_OBSERVED_CHANGE,,[],ACCEPT,G,G,G,False,False,True,True
79660b5784a67ceba9c908d3,195,control,NO_OBSERVED_CHANGE,,[],ACCEPT,C,C,C,False,False,True,True
bc64814523919e3dea1331eb,196,control,NO_OBSERVED_CHANGE,,[],ACCEPT,D,D,D,False,False,True,True
ac7d77d5618cee193c849ed7,197,control,NO_OBSERVED_CHANGE,,[],ACCEPT,E,E,E,False,False,True,True
0c669aea08368de6f126ebe5,198,control,NO_OBSERVED_CHANGE,,[],ACCEPT,B,B,B,False,False,True,True
4039d6ef0a69b979b6978b6d,199,control,NO_OBSERVED_CHANGE,,[],ACCEPT,D,D,D,False,False,True,True
478a3e1b4defec7ff6b74d07,200,control,NO_OBSERVED_CHANGE,,[],ACCEPT,E,E,E,False,False,True,True
facd238f1b0205c273c0a7bf,201,control,NO_OBSERVED_CHANGE,,[],ACCEPT,B,B,B,False,False,True,True
5a8f9784e1ba829653b0ea91,202,control,NO_OBSERVED_CHANGE,,[],ACCEPT,B,B,B,False,False,True,True
e352cfeccb5be384e1bb0540,203,control,NO_OBSERVED_CHANGE,,[],ACCEPT,G,G,G,False,False,True,True
d3b6edda756db2acc21b2a77,204,control,NO_OBSERVED_CHANGE,,[],ACCEPT,A,A,A,False,False,True,True
932fc1cd152a5f33c6840340,205,control,NO_OBSERVED_CHANGE,,[],ACCEPT,D,D,D,False,False,True,True
d183d264b5e82d2a14941000,206,control,NO_OBSERVED_CHANGE,,[],ACCEPT,B,B,B,False,False,True,True
153c7585dc3996a601f44d40,207,control,NO_OBSERVED_CHANGE,,[],ACCEPT,A,A,A,False,False,True,True
52257e57155e5f77830b9349,208,control,NO_OBSERVED_CHANGE,,[],ACCEPT,E,E,E,False,False,True,True
7a3ba0dccfe95041d71fda89,209,control,NO_OBSERVED_CHANGE,,[],ACCEPT,G,G,G,False,False,True,True
ad6be6c963c369ba12f3dfcf,210,control,NO_OBSERVED_CHANGE,,[],ACCEPT,C,C,C,False,False,True,True
a5fbf5f4f960abd41815162e,211,control,NO_OBSERVED_CHANGE,,[],ACCEPT,C,C,C,False,False,True,True
5d7ad5dfb592b29d10ee76b9,212,control,NO_OBSERVED_CHANGE,,[],ACCEPT,G,G,G,False,False,True,True
1391db0bb40a8ed60bd12358,213,control,NO_OBSERVED_CHANGE,,[],ACCEPT,F,F,F,False,False,True,True
4c33d8e0a4adf66d2658b369,214,control,NO_OBSERVED_CHANGE,,[],ACCEPT,C,C,C,False,False,True,True
91421a323db8dfb871059c36,215,control,NO_OBSERVED_CHANGE,,[],ACCEPT,D,D,D,False,False,True,True
8c3af313aaddd5daab933d3a,216,control,NO_OBSERVED_CHANGE,,[],ACCEPT,D,D,D,False,False,True,True
d80014e59dbd8707b6c11614,217,control,NO_OBSERVED_CHANGE,,[],ACCEPT,B,B,B,False,False,True,True
93fdf1e353c4f2c64c2ec9f3,218,control,NO_OBSERVED_CHANGE,,[],ACCEPT,D,D,D,False,False,True,True
4eeccbca6e79cbc8fc0b155f,219,control,NO_OBSERVED_CHANGE,,[],ACCEPT,A,A,A,False,False,True,True
71e8f00a75c3d70c4a209a2f,220,control,NO_OBSERVED_CHANGE,,[],ACCEPT,G,G,G,False,False,True,True
bc6f3ef2d4164178656d34f3,221,control,NO_OBSERVED_CHANGE,,[],ACCEPT,B,B,B,False,False,True,True
3d08e2bc5031fdc0d8a72f9c,222,control,NO_OBSERVED_CHANGE,,[],ACCEPT,C,C,C,False,False,True,True
4ac14dd47d0f385b6813ae6c,223,control,NO_OBSERVED_CHANGE,,[],ACCEPT,G,G,G,False,False,True,True
373e44b54a45293aeabf4b25,224,control,NO_OBSERVED_CHANGE,,[],ACCEPT,D,D,D,False,False,True,True
00412553a7755d84ff2512bb,225,control,NO_OBSERVED_CHANGE,,[],ACCEPT,F,F,F,False,False,True,True
757d96f611486b258996313b,226,control,NO_OBSERVED_CHANGE,,[],ACCEPT,B,B,B,False,False,True,True
471d2d61e6162c617984dad6,227,control,NO_OBSERVED_CHANGE,,[],ACCEPT,C,C,C,False,False,True,True
b71ae5e006c7b21e2db14590,228,control,NO_OBSERVED_CHANGE,,[],ACCEPT,E,E,E,False,False,True,True
86a41684c1c145ae58d0ae2a,229,control,NO_OBSERVED_CHANGE,,[],ACCEPT,E,E,E,False,False,True,True
81f6a1af5eef13eaea53bbf1,230,control,NO_OBSERVED_CHANGE,,[],ACCEPT,F,F,F,False,False,True,True
f33714d8360a438dc1f13ec3,231,control,NO_OBSERVED_CHANGE,,[],ACCEPT,F,F,F,False,False,True,True
289e5bfe083d03623ba4674c,232,control,NO_OBSERVED_CHANGE,,[],ACCEPT,G,G,G,False,False,True,True
982b31fddb23955408347955,233,control,NO_OBSERVED_CHANGE,,[],ACCEPT,C,C,C,False,False,True,True
e7a27dfee5254ea2b5dd8b1f,234,control,NO_OBSERVED_CHANGE,,[],ACCEPT,B,B,B,False,False,True,True
85cfa120d29bcd09e07f3194,235,control,NO_OBSERVED_CHANGE,,[],ACCEPT,A,A,A,False,False,True,True
5804e7383216e0c916da2a2d,236,control,NO_OBSERVED_CHANGE,,[],ACCEPT,F,F,F,False,False,True,True
a65d51a6fe38044c295b5264,237,control,NO_OBSERVED_CHANGE,,[],ACCEPT,A,A,A,False,False,True,True
d221ace888ef6e0c1157d06a,238,control,NO_OBSERVED_CHANGE,,[],ACCEPT,F,F,F,False,False,True,True
d826eec97f264ef307267b44,239,control,NO_OBSERVED_CHANGE,,[],ACCEPT,F,F,F,False,False,True,True
2c986b218ee05cfa31a15c9a,240,control,NO_OBSERVED_CHANGE,,[],ACCEPT,E,E,E,False,False,True,True
c8cd20b34a450412d24d3616,241,control,NO_OBSERVED_CHANGE,,[],ACCEPT,G,G,G,False,False,True,True
7aecba62a2f9eb5c3ffa0a4f,242,control,NO_OBSERVED_CHANGE,,[],ACCEPT,F,F,F,False,False,True,True
31f5009e26a2b1d5ea04cf12,243,control,NO_OBSERVED_CHANGE,,[],ACCEPT,C,C,C,False,False,True,True
7e05d82182474dfd6d280d0e,244,control,NO_OBSERVED_CHANGE,,[],ACCEPT,C,C,C,False,False,True,True
3bf413d61a3ffcb52830a4e5,245,control,NO_OBSERVED_CHANGE,,[],ACCEPT,A,A,A,False,False,True,True
ea21cc9d7d19b281fe49b28e,246,control,NO_OBSERVED_CHANGE,,[],ACCEPT,D,D,D,False,False,True,True
dca4e55af3f2703aca0f4de8,247,control,NO_OBSERVED_CHANGE,,[],ACCEPT,A,A,A,False,False,True,True
39c65f8332d0f90a6eb10d22,248,control,NO_OBSERVED_CHANGE,,[],ACCEPT,F,F,F,False,False,True,True
9daf6540e0ca68098d1f3a70,249,control,NO_OBSERVED_CHANGE,,[],ACCEPT,D,D,D,False,False,True,True
fff4de9467359b4cb6246503,0,json_reformat,WIRE_REENCODING,sender -> receiver (bytes only; decoded fields preserved),[],ACCEPT,D,D,D,False,False,True,True
827836a141347440d9284926,1,json_reformat,WIRE_REENCODING,sender -> receiver (bytes only; decoded fields preserved),[],ACCEPT,B,B,B,False,False,True,True
64b48ece5d8068361f43c7d4,2,json_reformat,WIRE_REENCODING,sender -> receiver (bytes only; decoded fields preserved),[],ACCEPT,A,A,A,False,False,True,True
5a4067f0100f546a0d535716,3,json_reformat,WIRE_REENCODING,sender -> receiver (bytes only; decoded fields preserved),[],ACCEPT,A,A,A,False,False,True,True
bf7debd8d82afc5df2b0f2f9,4,json_reformat,WIRE_REENCODING,sender -> receiver (bytes only; decoded fields preserved),[],ACCEPT,F,F,F,False,False,True,True
0222c05879a11d7f57c9b4da,5,json_reformat,WIRE_REENCODING,sender -> receiver (bytes only; decoded fields preserved),[],ACCEPT,B,B,B,False,False,True,True
2fe40da9b63c1354c8b4df72,6,json_reformat,WIRE_REENCODING,sender -> receiver (bytes only; decoded fields preserved),[],ACCEPT,E,E,E,False,False,True,True
6805cfbc1313d90e60a2e08c,7,json_reformat,WIRE_REENCODING,sender -> receiver (bytes only; decoded fields preserved),[],ACCEPT,B,B,B,False,False,True,True
45f75676d5ca64befe509ef6,8,json_reformat,WIRE_REENCODING,sender -> receiver (bytes only; decoded fields preserved),[],ACCEPT,C,C,C,False,False,True,True
aeed84d3d60406a2df1da1a9,9,json_reformat,WIRE_REENCODING,sender -> receiver (bytes only; decoded fields preserved),[],ACCEPT,B,B,B,False,False,True,True
36ce65dcefeeb524ee9f61cd,10,json_reformat,WIRE_REENCODING,sender -> receiver (bytes only; decoded fields preserved),[],ACCEPT,G,G,G,False,False,True,True
fc6d9f6ce9e6fb31a108d8a9,11,json_reformat,WIRE_REENCODING,sender -> receiver (bytes only; decoded fields preserved),[],ACCEPT,C,C,C,False,False,True,True
8ed260c79ca33970041925f9,12,json_reformat,WIRE_REENCODING,sender -> receiver (bytes only; decoded fields preserved),[],ACCEPT,D,D,D,False,False,True,True
94bc80fa4850bfaddf8354b4,13,json_reformat,WIRE_REENCODING,sender -> receiver (bytes only; decoded fields preserved),[],ACCEPT,F,F,F,False,False,True,True
713441e568e69768baf82b21,14,json_reformat,WIRE_REENCODING,sender -> receiver (bytes only; decoded fields preserved),[],ACCEPT,A,A,A,False,False,True,True
a0a69942cbb1b0779cc6a64f,15,json_reformat,WIRE_REENCODING,sender -> receiver (bytes only; decoded fields preserved),[],ACCEPT,E,E,E,False,False,True,True
31e10bb13252a2b7a57156ab,16,json_reformat,WIRE_REENCODING,sender -> receiver (bytes only; decoded fields preserved),[],ACCEPT,B,B,B,False,False,True,True
40ed21476450a7efc5d75931,17,json_reformat,WIRE_REENCODING,sender -> receiver (bytes only; decoded fields preserved),[],ACCEPT,E,E,E,False,False,True,True
5516adc3ad97c1b5b47b8969,18,json_reformat,WIRE_REENCODING,sender -> receiver (bytes only; decoded fields preserved),[],ACCEPT,G,G,G,False,False,True,True
225bdc7aecb16086ebf2f649,19,json_reformat,WIRE_REENCODING,sender -> receiver (bytes only; decoded fields preserved),[],ACCEPT,A,A,A,False,False,True,True
12d9efb602f47dbf6b036b0f,20,json_reformat,WIRE_REENCODING,sender -> receiver (bytes only; decoded fields preserved),[],ACCEPT,D,D,D,False,False,True,True
fccf76f21e25001c3f775ec2,21,json_reformat,WIRE_REENCODING,sender -> receiver (bytes only; decoded fields preserved),[],ACCEPT,C,C,C,False,False,True,True
53310aa4bdf427bb924a77ad,22,json_reformat,WIRE_REENCODING,sender -> receiver (bytes only; decoded fields preserved),[],ACCEPT,A,A,A,False,False,True,True
34c3c960596a750190e8d4ab,23,json_reformat,WIRE_REENCODING,sender -> receiver (bytes only; decoded fields preserved),[],ACCEPT,E,E,E,False,False,True,True
1217e6d3ae0ba8d655255d6a,24,json_reformat,WIRE_REENCODING,sender -> receiver (bytes only; decoded fields preserved),[],ACCEPT,D,D,D,False,False,True,True
278d17d559e4bc934325ee1c,25,json_reformat,WIRE_REENCODING,sender -> receiver (bytes only; decoded fields preserved),[],ACCEPT,A,A,A,False,False,True,True
126d0d7552d0aa54b0524154,26,json_reformat,WIRE_REENCODING,sender -> receiver (bytes only; decoded fields preserved),[],ACCEPT,F,F,F,False,False,True,True
3da6dbb79de009b80eddd7a6,27,json_reformat,WIRE_REENCODING,sender -> receiver (bytes only; decoded fields preserved),[],ACCEPT,C,C,C,False,False,True,True
45e65580f12ad7165e3e04de,28,json_reformat,WIRE_REENCODING,sender -> receiver (bytes only; decoded fields preserved),[],ACCEPT,B,B,B,False,False,True,True
2366d80e008d3122c53286ad,29,json_reformat,WIRE_REENCODING,sender -> receiver (bytes only; decoded fields preserved),[],ACCEPT,E,E,E,False,False,True,True
a5ff92a6785712fef675784c,30,json_reformat,WIRE_REENCODING,sender -> receiver (bytes only; decoded fields preserved),[],ACCEPT,C,C,C,False,False,True,True
0d4442f651f40fdd4dd2716b,31,json_reformat,WIRE_REENCODING,sender -> receiver (bytes only; decoded fields preserved),[],ACCEPT,D,D,D,False,False,True,True
ff321537d87024b9100e39fd,32,json_reformat,WIRE_REENCODING,sender -> receiver (bytes only; decoded fields preserved),[],ACCEPT,C,C,C,False,False,True,True
9b3ddded3a9d94883c75b461,33,json_reformat,WIRE_REENCODING,sender -> receiver (bytes only; decoded fields preserved),[],ACCEPT,A,A,A,False,False,True,True
bfe0051c6389b58dd288369d,34,json_reformat,WIRE_REENCODING,sender -> receiver (bytes only; decoded fields preserved),[],ACCEPT,G,G,G,False,False,True,True
268d12cba224023b5a1c22ae,35,json_reformat,WIRE_REENCODING,sender -> receiver (bytes only; decoded fields preserved),[],ACCEPT,A,A,A,False,False,True,True
6882f320120cb5606466d0d5,36,json_reformat,WIRE_REENCODING,sender -> receiver (bytes only; decoded fields preserved),[],ACCEPT,F,F,F,False,False,True,True
b69da671c698e1d4d2171d69,37,json_reformat,WIRE_REENCODING,sender -> receiver (bytes only; decoded fields preserved),[],ACCEPT,C,C,C,False,False,True,True
bb479c890af6009ecfada654,38,json_reformat,WIRE_REENCODING,sender -> receiver (bytes only; decoded fields preserved),[],ACCEPT,A,A,A,False,False,True,True
d92255b86f6f4286dc518cea,39,json_reformat,WIRE_REENCODING,sender -> receiver (bytes only; decoded fields preserved),[],ACCEPT,G,G,G,False,False,True,True
64e8e0a415191b6d16fbae07,40,json_reformat,WIRE_REENCODING,sender -> receiver (bytes only; decoded fields preserved),[],ACCEPT,C,C,C,False,False,True,True
ba40d4dcc990b7d16b9cfa15,41,json_reformat,WIRE_REENCODING,sender -> receiver (bytes only; decoded fields preserved),[],ACCEPT,D,D,D,False,False,True,True
1b6ede09406b9c3056a7647d,42,json_reformat,WIRE_REENCODING,sender -> receiver (bytes only; decoded fields preserved),[],ACCEPT,E,E,E,False,False,True,True
0912e40477df9927ea2aad4f,43,json_reformat,WIRE_REENCODING,sender -> receiver (bytes only; decoded fields preserved),[],ACCEPT,D,D,D,False,False,True,True
3f4650094ae312060d025208,44,json_reformat,WIRE_REENCODING,sender -> receiver (bytes only; decoded fields preserved),[],ACCEPT,A,A,A,False,False,True,True
ee1778c84d6311c5aebc0656,45,json_reformat,WIRE_REENCODING,sender -> receiver (bytes only; decoded fields preserved),[],ACCEPT,B,B,B,False,False,True,True
db600ac83aabbcb27a8ec9e8,46,json_reformat,WIRE_REENCODING,sender -> receiver (bytes only; decoded fields preserved),[],ACCEPT,D,D,D,False,False,True,True
4e30d8013a664ae0db42117d,47,json_reformat,WIRE_REENCODING,sender -> receiver (bytes only; decoded fields preserved),[],ACCEPT,B,B,B,False,False,True,True
b5ddd2ee3eea6b5ade513e56,48,json_reformat,WIRE_REENCODING,sender -> receiver (bytes only; decoded fields preserved),[],ACCEPT,F,F,F,False,False,True,True
e8d9d8df29a2995692b3f9f6,49,json_reformat,WIRE_REENCODING,sender -> receiver (bytes only; decoded fields preserved),[],ACCEPT,F,F,F,False,False,True,True
df5d6c56eec7efaae71e4c68,50,json_reformat,WIRE_REENCODING,sender -> receiver (bytes only; decoded fields preserved),[],ACCEPT,F,F,F,False,False,True,True
d1571a6c53ff781fb4aeb88b,51,json_reformat,WIRE_REENCODING,sender -> receiver (bytes only; decoded fields preserved),[],ACCEPT,A,A,A,False,False,True,True
b5f265a554b85eb8b71d4871,52,json_reformat,WIRE_REENCODING,sender -> receiver (bytes only; decoded fields preserved),[],ACCEPT,C,C,C,False,False,True,True
dcec8d71503cf3a87796c02e,53,json_reformat,WIRE_REENCODING,sender -> receiver (bytes only; decoded fields preserved),[],ACCEPT,D,D,D,False,False,True,True
b62e4eabec8eafec0c4e946f,54,json_reformat,WIRE_REENCODING,sender -> receiver (bytes only; decoded fields preserved),[],ACCEPT,B,B,B,False,False,True,True
f2d457adc31ab54c166a742a,55,json_reformat,WIRE_REENCODING,sender -> receiver (bytes only; decoded fields preserved),[],ACCEPT,E,E,E,False,False,True,True
7a1a414797dd09f45cada42a,56,json_reformat,WIRE_REENCODING,sender -> receiver (bytes only; decoded fields preserved),[],ACCEPT,G,G,G,False,False,True,True
cebf72225f82350e53a74e02,57,json_reformat,WIRE_REENCODING,sender -> receiver (bytes only; decoded fields preserved),[],ACCEPT,F,F,F,False,False,True,True
8f07051391271ef3190f894b,58,json_reformat,WIRE_REENCODING,sender -> receiver (bytes only; decoded fields preserved),[],ACCEPT,D,D,D,False,False,True,True
9de9b92faf54c8f591eaee78,59,json_reformat,WIRE_REENCODING,sender -> receiver (bytes only; decoded fields preserved),[],ACCEPT,D,D,D,False,False,True,True
d4da564d623a4a4c28721574,60,json_reformat,WIRE_REENCODING,sender -> receiver (bytes only; decoded fields preserved),[],ACCEPT,G,G,G,False,False,True,True
cb66ef774f695e7f7294332b,61,json_reformat,WIRE_REENCODING,sender -> receiver (bytes only; decoded fields preserved),[],ACCEPT,F,F,F,False,False,True,True
4598c300a1e9526cfbc9dcf9,62,json_reformat,WIRE_REENCODING,sender -> receiver (bytes only; decoded fields preserved),[],ACCEPT,B,B,B,False,False,True,True
c7c6273918d92749d1cd11b3,63,json_reformat,WIRE_REENCODING,sender -> receiver (bytes only; decoded fields preserved),[],ACCEPT,G,G,G,False,False,True,True
9bd699058e5fe408a93eda57,64,json_reformat,WIRE_REENCODING,sender -> receiver (bytes only; decoded fields preserved),[],ACCEPT,A,A,A,False,False,True,True
0311d9b9f4545d7710257b70,65,json_reformat,WIRE_REENCODING,sender -> receiver (bytes only; decoded fields preserved),[],ACCEPT,G,G,G,False,False,True,True
ca0c683b33c51b5a4c031690,66,json_reformat,WIRE_REENCODING,sender -> receiver (bytes only; decoded fields preserved),[],ACCEPT,E,E,E,False,False,True,True
d56dc45a879d95273b5e0379,67,json_reformat,WIRE_REENCODING,sender -> receiver (bytes only; decoded fields preserved),[],ACCEPT,C,C,C,False,False,True,True
3990b393f87d0d7467e306e9,68,json_reformat,WIRE_REENCODING,sender -> receiver (bytes only; decoded fields preserved),[],ACCEPT,F,F,F,False,False,True,True
d23c29238c1eba726c6dbf45,69,json_reformat,WIRE_REENCODING,sender -> receiver (bytes only; decoded fields preserved),[],ACCEPT,G,G,G,False,False,True,True
102d49346bcbb79548054e7a,70,json_reformat,WIRE_REENCODING,sender -> receiver (bytes only; decoded fields preserved),[],ACCEPT,B,B,B,False,False,True,True
dff04fd22eb76cb1f675d554,71,json_reformat,WIRE_REENCODING,sender -> receiver (bytes only; decoded fields preserved),[],ACCEPT,C,C,C,False,False,True,True
de4a2beb6ac33dcfb3027747,72,json_reformat,WIRE_REENCODING,sender -> receiver (bytes only; decoded fields preserved),[],ACCEPT,F,F,F,False,False,True,True
202040388ee84ad45bc4d095,73,json_reformat,WIRE_REENCODING,sender -> receiver (bytes only; decoded fields preserved),[],ACCEPT,E,E,E,False,False,True,True
906bff2e730576565cae1b42,74,json_reformat,WIRE_REENCODING,sender -> receiver (bytes only; decoded fields preserved),[],ACCEPT,A,A,A,False,False,True,True
a006e6ac6dbf7d4a606a9fd0,75,json_reformat,WIRE_REENCODING,sender -> receiver (bytes only; decoded fields preserved),[],ACCEPT,C,C,C,False,False,True,True
20067d436df3e039a3687eee,76,json_reformat,WIRE_REENCODING,sender -> receiver (bytes only; decoded fields preserved),[],ACCEPT,A,A,A,False,False,True,True
d7fa15ca8f7001825e932504,77,json_reformat,WIRE_REENCODING,sender -> receiver (bytes only; decoded fields preserved),[],ACCEPT,G,G,G,False,False,True,True
82494e95fa94a4086e6c2b5f,78,json_reformat,WIRE_REENCODING,sender -> receiver (bytes only; decoded fields preserved),[],ACCEPT,A,A,A,False,False,True,True
ae92973093c4cf61dfd911f2,79,json_reformat,WIRE_REENCODING,sender -> receiver (bytes only; decoded fields preserved),[],ACCEPT,B,B,B,False,False,True,True
a4b7635dc0ea2f91eb94c41a,80,json_reformat,WIRE_REENCODING,sender -> receiver (bytes only; decoded fields preserved),[],ACCEPT,A,A,A,False,False,True,True
631c5828ee60c53a624dc7e9,81,json_reformat,WIRE_REENCODING,sender -> receiver (bytes only; decoded fields preserved),[],ACCEPT,D,D,D,False,False,True,True
10fcb0c53240194389ee0819,82,json_reformat,WIRE_REENCODING,sender -> receiver (bytes only; decoded fields preserved),[],ACCEPT,E,E,E,False,False,True,True
3542a2c29e1c525184440cc9,83,json_reformat,WIRE_REENCODING,sender -> receiver (bytes only; decoded fields preserved),[],ACCEPT,A,A,A,False,False,True,True
193628dca29cc9d604930c02,84,json_reformat,WIRE_REENCODING,sender -> receiver (bytes only; decoded fields preserved),[],ACCEPT,B,B,B,False,False,True,True
c95c8e8d943ecb1fbee65e59,85,json_reformat,WIRE_REENCODING,sender -> receiver (bytes only; decoded fields preserved),[],ACCEPT,G,G,G,False,False,True,True
dcf6aa12691ddc9f18ad9cf9,86,json_reformat,WIRE_REENCODING,sender -> receiver (bytes only; decoded fields preserved),[],ACCEPT,D,D,D,False,False,True,True
b9f0ad65189e4b0914a13cbb,87,json_reformat,WIRE_REENCODING,sender -> receiver (bytes only; decoded fields preserved),[],ACCEPT,D,D,D,False,False,True,True
579d205fe081c27e8cba11fb,88,json_reformat,WIRE_REENCODING,sender -> receiver (bytes only; decoded fields preserved),[],ACCEPT,E,E,E,False,False,True,True
b713497137120bdf6474d99b,89,json_reformat,WIRE_REENCODING,sender -> receiver (bytes only; decoded fields preserved),[],ACCEPT,D,D,D,False,False,True,True
1f634774b49c91c9f3e11444,90,json_reformat,WIRE_REENCODING,sender -> receiver (bytes only; decoded fields preserved),[],ACCEPT,F,F,F,False,False,True,True
9522d83e274a172ab237a554,91,json_reformat,WIRE_REENCODING,sender -> receiver (bytes only; decoded fields preserved),[],ACCEPT,F,F,F,False,False,True,True
652fe0e718fe61e6c9028b9f,92,json_reformat,WIRE_REENCODING,sender -> receiver (bytes only; decoded fields preserved),[],ACCEPT,D,D,D,False,False,True,True
cbb5222ff60c046864359e02,93,json_reformat,WIRE_REENCODING,sender -> receiver (bytes only; decoded fields preserved),[],ACCEPT,G,G,G,False,False,True,True
6ae638c2eb06869db236b9ed,94,json_reformat,WIRE_REENCODING,sender -> receiver (bytes only; decoded fields preserved),[],ACCEPT,D,D,D,False,False,True,True
0ddd8ab195da980467d8c803,95,json_reformat,WIRE_REENCODING,sender -> receiver (bytes only; decoded fields preserved),[],ACCEPT,A,A,A,False,False,True,True
379edf94108bd752fb852c2c,96,json_reformat,WIRE_REENCODING,sender -> receiver (bytes only; decoded fields preserved),[],ACCEPT,G,G,G,False,False,True,True
fd1f8940236d943b5e02c0c2,97,json_reformat,WIRE_REENCODING,sender -> receiver (bytes only; decoded fields preserved),[],ACCEPT,E,E,E,False,False,True,True
544ae4df8d6755fb63e3be58,98,json_reformat,WIRE_REENCODING,sender -> receiver (bytes only; decoded fields preserved),[],ACCEPT,F,F,F,False,False,True,True
d19adeb8601e4c9af70505bb,99,json_reformat,WIRE_REENCODING,sender -> receiver (bytes only; decoded fields preserved),[],ACCEPT,D,D,D,False,False,True,True
42d2cac6fbf84d7c6073c6ac,100,json_reformat,WIRE_REENCODING,sender -> receiver (bytes only; decoded fields preserved),[],ACCEPT,A,A,A,False,False,True,True
79855214293a8d22adda89b1,101,json_reformat,WIRE_REENCODING,sender -> receiver (bytes only; decoded fields preserved),[],ACCEPT,C,C,C,False,False,True,True
453de611272daf2d476f4b3b,102,json_reformat,WIRE_REENCODING,sender -> receiver (bytes only; decoded fields preserved),[],ACCEPT,E,E,E,False,False,True,True
ce1308eeb4fd8d5cec486f3d,103,json_reformat,WIRE_REENCODING,sender -> receiver (bytes only; decoded fields preserved),[],ACCEPT,B,B,B,False,False,True,True
b458325171ad316f65fb5201,104,json_reformat,WIRE_REENCODING,sender -> receiver (bytes only; decoded fields preserved),[],ACCEPT,C,C,C,False,False,True,True
52927e83ac4d5c8ce2a6114a,105,json_reformat,WIRE_REENCODING,sender -> receiver (bytes only; decoded fields preserved),[],ACCEPT,D,D,D,False,False,True,True
86c9ae10a5702f648909f633,106,json_reformat,WIRE_REENCODING,sender -> receiver (bytes only; decoded fields preserved),[],ACCEPT,B,B,B,False,False,True,True
55fde9fe14864a11322cfca7,107,json_reformat,WIRE_REENCODING,sender -> receiver (bytes only; decoded fields preserved),[],ACCEPT,C,C,C,False,False,True,True
2af05ae96e4865e38f28610c,108,json_reformat,WIRE_REENCODING,sender -> receiver (bytes only; decoded fields preserved),[],ACCEPT,C,C,C,False,False,True,True
65f14c8a852b9ccba234cf1f,109,json_reformat,WIRE_REENCODING,sender -> receiver (bytes only; decoded fields preserved),[],ACCEPT,A,A,A,False,False,True,True
6fc5921558fe92b3a539a5d4,110,json_reformat,WIRE_REENCODING,sender -> receiver (bytes only; decoded fields preserved),[],ACCEPT,E,E,E,False,False,True,True
f635fddb4c66b53277c45fdb,111,json_reformat,WIRE_REENCODING,sender -> receiver (bytes only; decoded fields preserved),[],ACCEPT,B,B,B,False,False,True,True
f9cfedb0bf98121fd2858940,112,json_reformat,WIRE_REENCODING,sender -> receiver (bytes only; decoded fields preserved),[],ACCEPT,F,F,F,False,False,True,True
6a350c16a9f4710ef1884428,113,json_reformat,WIRE_REENCODING,sender -> receiver (bytes only; decoded fields preserved),[],ACCEPT,B,B,B,False,False,True,True
9d13515e350fa86ffb144cc4,114,json_reformat,WIRE_REENCODING,sender -> receiver (bytes only; decoded fields preserved),[],ACCEPT,G,G,G,False,False,True,True
94f5d0298a9dfc18153c4765,115,json_reformat,WIRE_REENCODING,sender -> receiver (bytes only; decoded fields preserved),[],ACCEPT,E,E,E,False,False,True,True
2dafa81b9500adb0193d562a,116,json_reformat,WIRE_REENCODING,sender -> receiver (bytes only; decoded fields preserved),[],ACCEPT,D,D,D,False,False,True,True
8683043da4399347a578def0,117,json_reformat,WIRE_REENCODING,sender -> receiver (bytes only; decoded fields preserved),[],ACCEPT,D,D,D,False,False,True,True
321685b6b79151d253703ea4,118,json_reformat,WIRE_REENCODING,sender -> receiver (bytes only; decoded fields preserved),[],ACCEPT,G,G,G,False,False,True,True
9a8ec195947e45e70f8e95c4,119,json_reformat,WIRE_REENCODING,sender -> receiver (bytes only; decoded fields preserved),[],ACCEPT,E,E,E,False,False,True,True
f76b1366db09300f7cc40550,120,json_reformat,WIRE_REENCODING,sender -> receiver (bytes only; decoded fields preserved),[],ACCEPT,D,D,D,False,False,True,True
141edbe45adc5ba29ab1f3c2,121,json_reformat,WIRE_REENCODING,sender -> receiver (bytes only; decoded fields preserved),[],ACCEPT,G,G,G,False,False,True,True
8c3cdf9439946034bddbf2e6,122,json_reformat,WIRE_REENCODING,sender -> receiver (bytes only; decoded fields preserved),[],ACCEPT,C,C,C,False,False,True,True
916e506341ad6860814f91b5,123,json_reformat,WIRE_REENCODING,sender -> receiver (bytes only; decoded fields preserved),[],ACCEPT,D,D,D,False,False,True,True
26b4770d52571b5e55e8a746,124,json_reformat,WIRE_REENCODING,sender -> receiver (bytes only; decoded fields preserved),[],ACCEPT,A,A,A,False,False,True,True
ac8e5db281fa89491304d0f9,125,json_reformat,WIRE_REENCODING,sender -> receiver (bytes only; decoded fields preserved),[],ACCEPT,G,G,G,False,False,True,True
b5490c9b9c0d5fa62b4fc276,126,json_reformat,WIRE_REENCODING,sender -> receiver (bytes only; decoded fields preserved),[],ACCEPT,D,D,D,False,False,True,True
1a93db80be4e530e0fd0a3c1,127,json_reformat,WIRE_REENCODING,sender -> receiver (bytes only; decoded fields preserved),[],ACCEPT,F,F,F,False,False,True,True
819fc483e30c3f15c3fd0026,128,json_reformat,WIRE_REENCODING,sender -> receiver (bytes only; decoded fields preserved),[],ACCEPT,B,B,B,False,False,True,True
7340e8c44a1118fb4e28a7fd,129,json_reformat,WIRE_REENCODING,sender -> receiver (bytes only; decoded fields preserved),[],ACCEPT,A,A,A,False,False,True,True
5b3883dc156d22608ab4c41d,130,json_reformat,WIRE_REENCODING,sender -> receiver (bytes only; decoded fields preserved),[],ACCEPT,C,C,C,False,False,True,True
869df6e59f1094c99cb2a989,131,json_reformat,WIRE_REENCODING,sender -> receiver (bytes only; decoded fields preserved),[],ACCEPT,G,G,G,False,False,True,True
08ed71a260130f367a6da5cc,132,json_reformat,WIRE_REENCODING,sender -> receiver (bytes only; decoded fields preserved),[],ACCEPT,A,A,A,False,False,True,True
465712d3dd0d347089fc6480,133,json_reformat,WIRE_REENCODING,sender -> receiver (bytes only; decoded fields preserved),[],ACCEPT,B,B,B,False,False,True,True
ae6f0b602eab7d7558b680b7,134,json_reformat,WIRE_REENCODING,sender -> receiver (bytes only; decoded fields preserved),[],ACCEPT,G,G,G,False,False,True,True
ee31fa534d3260924ded044e,135,json_reformat,WIRE_REENCODING,sender -> receiver (bytes only; decoded fields preserved),[],ACCEPT,D,D,D,False,False,True,True
ad35d93fddbe6a6d71982d23,136,json_reformat,WIRE_REENCODING,sender -> receiver (bytes only; decoded fields preserved),[],ACCEPT,B,B,B,False,False,True,True
23271c28431e09bc00683fad,137,json_reformat,WIRE_REENCODING,sender -> receiver (bytes only; decoded fields preserved),[],ACCEPT,E,E,E,False,False,True,True
1e80481ce9535f8c60b79b08,138,json_reformat,WIRE_REENCODING,sender -> receiver (bytes only; decoded fields preserved),[],ACCEPT,G,G,G,False,False,True,True
999738017204ddd83ea94e51,139,json_reformat,WIRE_REENCODING,sender -> receiver (bytes only; decoded fields preserved),[],ACCEPT,E,E,E,False,False,True,True
40afb54dcf40ae39ff23d76c,140,json_reformat,WIRE_REENCODING,sender -> receiver (bytes only; decoded fields preserved),[],ACCEPT,E,E,E,False,False,True,True
9093644b55ed93e2b1e82c0e,141,json_reformat,WIRE_REENCODING,sender -> receiver (bytes only; decoded fields preserved),[],ACCEPT,C,C,C,False,False,True,True
f1d7ce649cba48eeef11f959,142,json_reformat,WIRE_REENCODING,sender -> receiver (bytes only; decoded fields preserved),[],ACCEPT,D,D,D,False,False,True,True
bbc677420c18ef73f07ea64c,143,json_reformat,WIRE_REENCODING,sender -> receiver (bytes only; decoded fields preserved),[],ACCEPT,B,B,B,False,False,True,True
bcc1b7dd0bd4770bf71c5e90,144,json_reformat,WIRE_REENCODING,sender -> receiver (bytes only; decoded fields preserved),[],ACCEPT,E,E,E,False,False,True,True
394dac2569bab801e02dc5ed,145,json_reformat,WIRE_REENCODING,sender -> receiver (bytes only; decoded fields preserved),[],ACCEPT,B,B,B,False,False,True,True
dcb6d299da8cc5677060967d,146,json_reformat,WIRE_REENCODING,sender -> receiver (bytes only; decoded fields preserved),[],ACCEPT,D,D,D,False,False,True,True
d4b9317b0eefc27f4b264403,147,json_reformat,WIRE_REENCODING,sender -> receiver (bytes only; decoded fields preserved),[],ACCEPT,F,F,F,False,False,True,True
d9529aa56aba8f4049a56a71,148,json_reformat,WIRE_REENCODING,sender -> receiver (bytes only; decoded fields preserved),[],ACCEPT,E,E,E,False,False,True,True
81d5af343c69b514291dfa04,149,json_reformat,WIRE_REENCODING,sender -> receiver (bytes only; decoded fields preserved),[],ACCEPT,F,F,F,False,False,True,True
8547f7994fc42c36601171df,150,json_reformat,WIRE_REENCODING,sender -> receiver (bytes only; decoded fields preserved),[],ACCEPT,D,D,D,False,False,True,True
74fa605c8252968abf298df7,151,json_reformat,WIRE_REENCODING,sender -> receiver (bytes only; decoded fields preserved),[],ACCEPT,C,C,C,False,False,True,True
89c16783d5d6f48329b4358e,152,json_reformat,WIRE_REENCODING,sender -> receiver (bytes only; decoded fields preserved),[],ACCEPT,C,C,C,False,False,True,True
841c0017f34f870bebf44d31,153,json_reformat,WIRE_REENCODING,sender -> receiver (bytes only; decoded fields preserved),[],ACCEPT,F,F,F,False,False,True,True
32fc96efd8717eab11be7830,154,json_reformat,WIRE_REENCODING,sender -> receiver (bytes only; decoded fields preserved),[],ACCEPT,C,C,C,False,False,True,True
3216f7128254832764e0dd0b,155,json_reformat,WIRE_REENCODING,sender -> receiver (bytes only; decoded fields preserved),[],ACCEPT,E,E,E,False,False,True,True
bb473c94e87bb5e95e319422,156,json_reformat,WIRE_REENCODING,sender -> receiver (bytes only; decoded fields preserved),[],ACCEPT,B,B,B,False,False,True,True
14d1b94c5022a4cc2c6721f5,157,json_reformat,WIRE_REENCODING,sender -> receiver (bytes only; decoded fields preserved),[],ACCEPT,C,C,C,False,False,True,True
6ce55166b278b31d95678a46,158,json_reformat,WIRE_REENCODING,sender -> receiver (bytes only; decoded fields preserved),[],ACCEPT,B,B,B,False,False,True,True
c77227e177e5d2470fbd34ea,159,json_reformat,WIRE_REENCODING,sender -> receiver (bytes only; decoded fields preserved),[],ACCEPT,E,E,E,False,False,True,True
e073a560318f3f6b7633e677,160,json_reformat,WIRE_REENCODING,sender -> receiver (bytes only; decoded fields preserved),[],ACCEPT,E,E,E,False,False,True,True
307672525a1ca6af37ca8dfc,161,json_reformat,WIRE_REENCODING,sender -> receiver (bytes only; decoded fields preserved),[],ACCEPT,A,A,A,False,False,True,True
1234fbe2a20d2bd59ae2ba56,162,json_reformat,WIRE_REENCODING,sender -> receiver (bytes only; decoded fields preserved),[],ACCEPT,F,F,F,False,False,True,True
ff9499c6453a6bd28d330cfb,163,json_reformat,WIRE_REENCODING,sender -> receiver (bytes only; decoded fields preserved),[],ACCEPT,E,E,E,False,False,True,True
0b8b950991c8c739a0130fe1,164,json_reformat,WIRE_REENCODING,sender -> receiver (bytes only; decoded fields preserved),[],ACCEPT,A,A,A,False,False,True,True
9bc4c6b8649ec2b92d03aa54,165,json_reformat,WIRE_REENCODING,sender -> receiver (bytes only; decoded fields preserved),[],ACCEPT,B,B,B,False,False,True,True
9b81b2c7e508076a97643491,166,json_reformat,WIRE_REENCODING,sender -> receiver (bytes only; decoded fields preserved),[],ACCEPT,C,C,C,False,False,True,True
80e889fa4ece3dd22dd1cecb,167,json_reformat,WIRE_REENCODING,sender -> receiver (bytes only; decoded fields preserved),[],ACCEPT,G,G,G,False,False,True,True
1912d1d00aac34deb79a2642,168,json_reformat,WIRE_REENCODING,sender -> receiver (bytes only; decoded fields preserved),[],ACCEPT,F,F,F,False,False,True,True
75235602a227fee97111b6a5,169,json_reformat,WIRE_REENCODING,sender -> receiver (bytes only; decoded fields preserved),[],ACCEPT,C,C,C,False,False,True,True
224c48860f2ab9f0f8fa2874,170,json_reformat,WIRE_REENCODING,sender -> receiver (bytes only; decoded fields preserved),[],ACCEPT,A,A,A,False,False,True,True
0ccaceaff795de06621c6af4,171,json_reformat,WIRE_REENCODING,sender -> receiver (bytes only; decoded fields preserved),[],ACCEPT,C,C,C,False,False,True,True
f0c9eb504f2a64e12604adf0,172,json_reformat,WIRE_REENCODING,sender -> receiver (bytes only; decoded fields preserved),[],ACCEPT,A,A,A,False,False,True,True
e71d5123d14c512c6b2103f2,173,json_reformat,WIRE_REENCODING,sender -> receiver (bytes only; decoded fields preserved),[],ACCEPT,E,E,E,False,False,True,True
2f7e32fbc90b46c2be796e8c,174,json_reformat,WIRE_REENCODING,sender -> receiver (bytes only; decoded fields preserved),[],ACCEPT,F,F,F,False,False,True,True
8f41a9a321df3870f214d0e2,175,json_reformat,WIRE_REENCODING,sender -> receiver (bytes only; decoded fields preserved),[],ACCEPT,G,G,G,False,False,True,True
806a5ce44c259f08f46756ac,176,json_reformat,WIRE_REENCODING,sender -> receiver (bytes only; decoded fields preserved),[],ACCEPT,F,F,F,False,False,True,True
ccfbd959c9da2999db039344,177,json_reformat,WIRE_REENCODING,sender -> receiver (bytes only; decoded fields preserved),[],ACCEPT,F,F,F,False,False,True,True
b4c7b91da866b1461591fdf9,178,json_reformat,WIRE_REENCODING,sender -> receiver (bytes only; decoded fields preserved),[],ACCEPT,A,A,A,False,False,True,True
0fcf6250830559fa0d977879,179,json_reformat,WIRE_REENCODING,sender -> receiver (bytes only; decoded fields preserved),[],ACCEPT,B,B,B,False,False,True,True
cd3a3ab1953ee363dd11f848,180,json_reformat,WIRE_REENCODING,sender -> receiver (bytes only; decoded fields preserved),[],ACCEPT,G,G,G,False,False,True,True
cceaf491c79e403e5e09f375,181,json_reformat,WIRE_REENCODING,sender -> receiver (bytes only; decoded fields preserved),[],ACCEPT,A,A,A,False,False,True,True
c2c9d351c08786bbff65f451,182,json_reformat,WIRE_REENCODING,sender -> receiver (bytes only; decoded fields preserved),[],ACCEPT,C,C,C,False,False,True,True
d791a5c4367e6fcd84ac4844,183,json_reformat,WIRE_REENCODING,sender -> receiver (bytes only; decoded fields preserved),[],ACCEPT,B,B,B,False,False,True,True
2ba03de204f1a34719fb98a5,184,json_reformat,WIRE_REENCODING,sender -> receiver (bytes only; decoded fields preserved),[],ACCEPT,D,D,D,False,False,True,True
973fdf86f4349113fd1f8a45,185,json_reformat,WIRE_REENCODING,sender -> receiver (bytes only; decoded fields preserved),[],ACCEPT,A,A,A,False,False,True,True
f9f3441d5ca2596a603ba234,186,json_reformat,WIRE_REENCODING,sender -> receiver (bytes only; decoded fields preserved),[],ACCEPT,G,G,G,False,False,True,True
ea7c1328d3118df2c9fa7201,187,json_reformat,WIRE_REENCODING,sender -> receiver (bytes only; decoded fields preserved),[],ACCEPT,B,B,B,False,False,True,True
df3dbf5ecbf36d500641953e,188,json_reformat,WIRE_REENCODING,sender -> receiver (bytes only; decoded fields preserved),[],ACCEPT,C,C,C,False,False,True,True
45f36af2da0206866d49720a,189,json_reformat,WIRE_REENCODING,sender -> receiver (bytes only; decoded fields preserved),[],ACCEPT,B,B,B,False,False,True,True
74eeb28387f80f24350ae8ea,190,json_reformat,WIRE_REENCODING,sender -> receiver (bytes only; decoded fields preserved),[],ACCEPT,B,B,B,False,False,True,True
9af490d66bad546be4776a0c,191,json_reformat,WIRE_REENCODING,sender -> receiver (bytes only; decoded fields preserved),[],ACCEPT,E,E,E,False,False,True,True
3a72ad2b5591ccaf6badfdb7,192,json_reformat,WIRE_REENCODING,sender -> receiver (bytes only; decoded fields preserved),[],ACCEPT,E,E,E,False,False,True,True
f97ce744266d1ad2005c1d57,193,json_reformat,WIRE_REENCODING,sender -> receiver (bytes only; decoded fields preserved),[],ACCEPT,C,C,C,False,False,True,True
45931550b15fd191a6e15f60,194,json_reformat,WIRE_REENCODING,sender -> receiver (bytes only; decoded fields preserved),[],ACCEPT,G,G,G,False,False,True,True
ffa483f85d4f110646575d33,195,json_reformat,WIRE_REENCODING,sender -> receiver (bytes only; decoded fields preserved),[],ACCEPT,C,C,C,False,False,True,True
0f6b784acd1e6b8adfb1c8e6,196,json_reformat,WIRE_REENCODING,sender -> receiver (bytes only; decoded fields preserved),[],ACCEPT,D,D,D,False,False,True,True
c1fe60cb0661188f17340b08,197,json_reformat,WIRE_REENCODING,sender -> receiver (bytes only; decoded fields preserved),[],ACCEPT,E,E,E,False,False,True,True
25525e32165d2f29dbda5ccc,198,json_reformat,WIRE_REENCODING,sender -> receiver (bytes only; decoded fields preserved),[],ACCEPT,B,B,B,False,False,True,True
7b183cfc1f8adde4909c8efd,199,json_reformat,WIRE_REENCODING,sender -> receiver (bytes only; decoded fields preserved),[],ACCEPT,D,D,D,False,False,True,True
1fce29b3f66e921666aa58fe,200,json_reformat,WIRE_REENCODING,sender -> receiver (bytes only; decoded fields preserved),[],ACCEPT,E,E,E,False,False,True,True
5a079812439f4de4307b5f73,201,json_reformat,WIRE_REENCODING,sender -> receiver (bytes only; decoded fields preserved),[],ACCEPT,B,B,B,False,False,True,True
a99e3c96bdba800713e1fa21,202,json_reformat,WIRE_REENCODING,sender -> receiver (bytes only; decoded fields preserved),[],ACCEPT,B,B,B,False,False,True,True
c81e49bee77298a896f3dae2,203,json_reformat,WIRE_REENCODING,sender -> receiver (bytes only; decoded fields preserved),[],ACCEPT,G,G,G,False,False,True,True
5a598d3373544d12fbee7857,204,json_reformat,WIRE_REENCODING,sender -> receiver (bytes only; decoded fields preserved),[],ACCEPT,A,A,A,False,False,True,True
e266f53c5b1d56567bdefa42,205,json_reformat,WIRE_REENCODING,sender -> receiver (bytes only; decoded fields preserved),[],ACCEPT,D,D,D,False,False,True,True
6cbd6d2f96fe47713fd3fec4,206,json_reformat,WIRE_REENCODING,sender -> receiver (bytes only; decoded fields preserved),[],ACCEPT,B,B,B,False,False,True,True
08945bd43baa10b1bb64830b,207,json_reformat,WIRE_REENCODING,sender -> receiver (bytes only; decoded fields preserved),[],ACCEPT,A,A,A,False,False,True,True
000dcc0ceb9bb75beb33c129,208,json_reformat,WIRE_REENCODING,sender -> receiver (bytes only; decoded fields preserved),[],ACCEPT,E,E,E,False,False,True,True
f2eee40dc52a8c3b8dd9a906,209,json_reformat,WIRE_REENCODING,sender -> receiver (bytes only; decoded fields preserved),[],ACCEPT,G,G,G,False,False,True,True
cbf1a28c2db7efd83a7d3773,210,json_reformat,WIRE_REENCODING,sender -> receiver (bytes only; decoded fields preserved),[],ACCEPT,C,C,C,False,False,True,True
3b530ab2ed1490bca02955b8,211,json_reformat,WIRE_REENCODING,sender -> receiver (bytes only; decoded fields preserved),[],ACCEPT,C,C,C,False,False,True,True
5fbf011b3f936496077e878e,212,json_reformat,WIRE_REENCODING,sender -> receiver (bytes only; decoded fields preserved),[],ACCEPT,G,G,G,False,False,True,True
2ccf27a4969fd50bd9d8a64b,213,json_reformat,WIRE_REENCODING,sender -> receiver (bytes only; decoded fields preserved),[],ACCEPT,F,F,F,False,False,True,True
b7f3b9350a709c587b4ae25f,214,json_reformat,WIRE_REENCODING,sender -> receiver (bytes only; decoded fields preserved),[],ACCEPT,C,C,C,False,False,True,True
1cfcf95571a3b6918ad5197f,215,json_reformat,WIRE_REENCODING,sender -> receiver (bytes only; decoded fields preserved),[],ACCEPT,D,D,D,False,False,True,True
8b70295000a6b7d264deeafd,216,json_reformat,WIRE_REENCODING,sender -> receiver (bytes only; decoded fields preserved),[],ACCEPT,D,D,D,False,False,True,True
ddfc9e8494f72dd955a452d8,217,json_reformat,WIRE_REENCODING,sender -> receiver (bytes only; decoded fields preserved),[],ACCEPT,B,B,B,False,False,True,True
2382a3a9aa6bbbd1c553b28a,218,json_reformat,WIRE_REENCODING,sender -> receiver (bytes only; decoded fields preserved),[],ACCEPT,D,D,D,False,False,True,True
a010f498ed5e391b3feb3235,219,json_reformat,WIRE_REENCODING,sender -> receiver (bytes only; decoded fields preserved),[],ACCEPT,A,A,A,False,False,True,True
6a5b7923ca08ccf71917359d,220,json_reformat,WIRE_REENCODING,sender -> receiver (bytes only; decoded fields preserved),[],ACCEPT,G,G,G,False,False,True,True
843c307dd825c2cad0701095,221,json_reformat,WIRE_REENCODING,sender -> receiver (bytes only; decoded fields preserved),[],ACCEPT,B,B,B,False,False,True,True
1344abac5afaa310b115c0a1,222,json_reformat,WIRE_REENCODING,sender -> receiver (bytes only; decoded fields preserved),[],ACCEPT,C,C,C,False,False,True,True
964f78a731a9e06e775072ff,223,json_reformat,WIRE_REENCODING,sender -> receiver (bytes only; decoded fields preserved),[],ACCEPT,G,G,G,False,False,True,True
68acc48d56440b23bdd28d14,224,json_reformat,WIRE_REENCODING,sender -> receiver (bytes only; decoded fields preserved),[],ACCEPT,D,D,D,False,False,True,True
c9df3b5893b7fcb6f1458117,225,json_reformat,WIRE_REENCODING,sender -> receiver (bytes only; decoded fields preserved),[],ACCEPT,F,F,F,False,False,True,True
e2b8d1d5c5c0a53eb0956ab0,226,json_reformat,WIRE_REENCODING,sender -> receiver (bytes only; decoded fields preserved),[],ACCEPT,B,B,B,False,False,True,True
b3d533fc3bc10069b31ff852,227,json_reformat,WIRE_REENCODING,sender -> receiver (bytes only; decoded fields preserved),[],ACCEPT,C,C,C,False,False,True,True
8cfaf70c8a049dab2ea49c35,228,json_reformat,WIRE_REENCODING,sender -> receiver (bytes only; decoded fields preserved),[],ACCEPT,E,E,E,False,False,True,True
14f6c6dd6d79b26f5d45cf44,229,json_reformat,WIRE_REENCODING,sender -> receiver (bytes only; decoded fields preserved),[],ACCEPT,E,E,E,False,False,True,True
a099c47662ef2ab18ddf7909,230,json_reformat,WIRE_REENCODING,sender -> receiver (bytes only; decoded fields preserved),[],ACCEPT,F,F,F,False,False,True,True
628b1923750bf9d1eea9d531,231,json_reformat,WIRE_REENCODING,sender -> receiver (bytes only; decoded fields preserved),[],ACCEPT,F,F,F,False,False,True,True
f4371c520d3cdbda7df53e6b,232,json_reformat,WIRE_REENCODING,sender -> receiver (bytes only; decoded fields preserved),[],ACCEPT,G,G,G,False,False,True,True
b63fb2695aa26895d2d6c96a,233,json_reformat,WIRE_REENCODING,sender -> receiver (bytes only; decoded fields preserved),[],ACCEPT,C,C,C,False,False,True,True
e6f4981053cd4af4a12f67f5,234,json_reformat,WIRE_REENCODING,sender -> receiver (bytes only; decoded fields preserved),[],ACCEPT,B,B,B,False,False,True,True
c321303c3245d292efd8c68c,235,json_reformat,WIRE_REENCODING,sender -> receiver (bytes only; decoded fields preserved),[],ACCEPT,A,A,A,False,False,True,True
92c21c6f86033c0518ff805a,236,json_reformat,WIRE_REENCODING,sender -> receiver (bytes only; decoded fields preserved),[],ACCEPT,F,F,F,False,False,True,True
cbaf356cb6dafe0af155be01,237,json_reformat,WIRE_REENCODING,sender -> receiver (bytes only; decoded fields preserved),[],ACCEPT,A,A,A,False,False,True,True
e0c8eda3c277c93ea3220eb6,238,json_reformat,WIRE_REENCODING,sender -> receiver (bytes only; decoded fields preserved),[],ACCEPT,F,F,F,False,False,True,True
ad7429afadbd6697c97977b0,239,json_reformat,WIRE_REENCODING,sender -> receiver (bytes only; decoded fields preserved),[],ACCEPT,F,F,F,False,False,True,True
68544b4ef6f93e51cc725a22,240,json_reformat,WIRE_REENCODING,sender -> receiver (bytes only; decoded fields preserved),[],ACCEPT,E,E,E,False,False,True,True
e788f946e6e046b566a7901b,241,json_reformat,WIRE_REENCODING,sender -> receiver (bytes only; decoded fields preserved),[],ACCEPT,G,G,G,False,False,True,True
921d0c0c843a075af16dbc66,242,json_reformat,WIRE_REENCODING,sender -> receiver (bytes only; decoded fields preserved),[],ACCEPT,F,F,F,False,False,True,True
36c8c09d36de95f495bed373,243,json_reformat,WIRE_REENCODING,sender -> receiver (bytes only; decoded fields preserved),[],ACCEPT,C,C,C,False,False,True,True
f7ab7f5dbe69dfa0c3d412af,244,json_reformat,WIRE_REENCODING,sender -> receiver (bytes only; decoded fields preserved),[],ACCEPT,C,C,C,False,False,True,True
c997129d8226fe06e31a67a3,245,json_reformat,WIRE_REENCODING,sender -> receiver (bytes only; decoded fields preserved),[],ACCEPT,A,A,A,False,False,True,True
b1e3871e69e372b8064cd6f4,246,json_reformat,WIRE_REENCODING,sender -> receiver (bytes only; decoded fields preserved),[],ACCEPT,D,D,D,False,False,True,True
9e5ef8e4efe966040ffed437,247,json_reformat,WIRE_REENCODING,sender -> receiver (bytes only; decoded fields preserved),[],ACCEPT,A,A,A,False,False,True,True
b95aee3980d28ba77d6fd096,248,json_reformat,WIRE_REENCODING,sender -> receiver (bytes only; decoded fields preserved),[],ACCEPT,F,F,F,False,False,True,True
eaa2867feff12426a2768814,249,json_reformat,WIRE_REENCODING,sender -> receiver (bytes only; decoded fields preserved),[],ACCEPT,D,D,D,False,False,True,True
902917965718b3efb4223458,0,question_replacement,ORIGINAL_TO_CHECKER_CHANGED,original_question -> checker_input,"[""question""]",WITHHOLD,,,D,False,False,,True
3575f5c7397061d09554ce43,1,question_replacement,ORIGINAL_TO_CHECKER_CHANGED,original_question -> checker_input,"[""question""]",WITHHOLD,,,B,False,False,,True
450e0419971a69ffed9e87c1,2,question_replacement,ORIGINAL_TO_CHECKER_CHANGED,original_question -> checker_input,"[""question""]",WITHHOLD,,,A,False,False,,True
958f30467c53d1e4c1b0834c,3,question_replacement,ORIGINAL_TO_CHECKER_CHANGED,original_question -> checker_input,"[""question""]",WITHHOLD,,,A,False,False,,True
7c0a83d53eb050351301c573,4,question_replacement,ORIGINAL_TO_CHECKER_CHANGED,original_question -> checker_input,"[""question""]",WITHHOLD,,,F,False,False,,True
94942bbdf68f6d867216a9c2,5,question_replacement,ORIGINAL_TO_CHECKER_CHANGED,original_question -> checker_input,"[""question""]",WITHHOLD,,,B,False,False,,True
445fb73ea35f73a9fc675fbe,6,question_replacement,ORIGINAL_TO_CHECKER_CHANGED,original_question -> checker_input,"[""question""]",WITHHOLD,,,E,False,False,,True
199542e06da2c9c97ab1540f,7,question_replacement,ORIGINAL_TO_CHECKER_CHANGED,original_question -> checker_input,"[""question""]",WITHHOLD,,,B,False,False,,True
8c3c6d77cd8f2015d6ce02a6,8,question_replacement,ORIGINAL_TO_CHECKER_CHANGED,original_question -> checker_input,"[""question""]",WITHHOLD,,,C,False,False,,True
324a50024898557da96d74d4,9,question_replacement,ORIGINAL_TO_CHECKER_CHANGED,original_question -> checker_input,"[""question""]",WITHHOLD,,,B,False,False,,True
e5e6af102d21726cc58fb156,10,question_replacement,ORIGINAL_TO_CHECKER_CHANGED,original_question -> checker_input,"[""question""]",WITHHOLD,,,G,False,False,,True
5afc62b5f5db64443698f2db,11,question_replacement,ORIGINAL_TO_CHECKER_CHANGED,original_question -> checker_input,"[""question""]",WITHHOLD,,,C,False,False,,True
e031a3ba158ab0565c174b93,12,question_replacement,ORIGINAL_TO_CHECKER_CHANGED,original_question -> checker_input,"[""question""]",WITHHOLD,,,D,False,False,,True
7d95e35c369c66395ec115ed,13,question_replacement,ORIGINAL_TO_CHECKER_CHANGED,original_question -> checker_input,"[""question""]",WITHHOLD,,,F,False,False,,True
7f28e1145481cecbfbfaeae0,14,question_replacement,ORIGINAL_TO_CHECKER_CHANGED,original_question -> checker_input,"[""question""]",WITHHOLD,,,A,False,False,,True
f91a042f3c3051e2164be5a5,15,question_replacement,ORIGINAL_TO_CHECKER_CHANGED,original_question -> checker_input,"[""question""]",WITHHOLD,,,E,False,False,,True
adb28fcff7c95f9e788908a5,16,question_replacement,ORIGINAL_TO_CHECKER_CHANGED,original_question -> checker_input,"[""question""]",WITHHOLD,,,B,False,False,,True
089fae3c2201d9768e8c084f,17,question_replacement,ORIGINAL_TO_CHECKER_CHANGED,original_question -> checker_input,"[""question""]",WITHHOLD,,,E,False,False,,True
b8667445046ce4b339a2a2ec,18,question_replacement,ORIGINAL_TO_CHECKER_CHANGED,original_question -> checker_input,"[""question""]",WITHHOLD,,,G,False,False,,True
88ef617a864013d207fda97c,19,question_replacement,ORIGINAL_TO_CHECKER_CHANGED,original_question -> checker_input,"[""question""]",WITHHOLD,,,A,False,False,,True
9ffaa956529cdfa5fa096e93,20,question_replacement,ORIGINAL_TO_CHECKER_CHANGED,original_question -> checker_input,"[""question""]",WITHHOLD,,,D,False,False,,True
bd77f3c9c3a7d69d7d497791,21,question_replacement,ORIGINAL_TO_CHECKER_CHANGED,original_question -> checker_input,"[""question""]",WITHHOLD,,,C,False,False,,True
4eba0aee52c39e3702e7cd9e,22,question_replacement,ORIGINAL_TO_CHECKER_CHANGED,original_question -> checker_input,"[""question""]",WITHHOLD,,,A,False,False,,True
58ea9460ce58c1f76eea011a,23,question_replacement,ORIGINAL_TO_CHECKER_CHANGED,original_question -> checker_input,"[""question""]",WITHHOLD,,,E,False,False,,True
6dee4bdfd0f01149b5de9399,24,question_replacement,ORIGINAL_TO_CHECKER_CHANGED,original_question -> checker_input,"[""question""]",WITHHOLD,,,D,False,False,,True
f998760fe3934a806e2c7759,25,question_replacement,ORIGINAL_TO_CHECKER_CHANGED,original_question -> checker_input,"[""question""]",WITHHOLD,,,A,False,False,,True
cb8764e35dfd2e4629d9393b,26,question_replacement,ORIGINAL_TO_CHECKER_CHANGED,original_question -> checker_input,"[""question""]",WITHHOLD,,,F,False,False,,True
07e04963427b22087cb2726f,27,question_replacement,ORIGINAL_TO_CHECKER_CHANGED,original_question -> checker_input,"[""question""]",WITHHOLD,,,C,False,False,,True
19bccda04016b713b7741712,28,question_replacement,ORIGINAL_TO_CHECKER_CHANGED,original_question -> checker_input,"[""question""]",WITHHOLD,,,B,False,False,,True
0f4f0e7b9669ce8d3ba244b4,29,question_replacement,ORIGINAL_TO_CHECKER_CHANGED,original_question -> checker_input,"[""question""]",WITHHOLD,,,E,False,False,,True
12d4f50554eb9838ccda23c5,30,question_replacement,ORIGINAL_TO_CHECKER_CHANGED,original_question -> checker_input,"[""question""]",WITHHOLD,,,C,False,False,,True
11f91e0864baed2aa3586e5b,31,question_replacement,ORIGINAL_TO_CHECKER_CHANGED,original_question -> checker_input,"[""question""]",WITHHOLD,,,D,False,False,,True
6d3a81f23bea19161b7d8e47,32,question_replacement,ORIGINAL_TO_CHECKER_CHANGED,original_question -> checker_input,"[""question""]",WITHHOLD,,,C,False,False,,True
74ca9475a431af2879dd3344,33,question_replacement,ORIGINAL_TO_CHECKER_CHANGED,original_question -> checker_input,"[""question""]",WITHHOLD,,,A,False,False,,True
38bbd68ac14f40cd13e80061,34,question_replacement,ORIGINAL_TO_CHECKER_CHANGED,original_question -> checker_input,"[""question""]",WITHHOLD,,,G,False,False,,True
d2bd46a73ed4637fa9139052,35,question_replacement,ORIGINAL_TO_CHECKER_CHANGED,original_question -> checker_input,"[""question""]",WITHHOLD,,,A,False,False,,True
34c2ff7f3e0cc2b3cc2138f7,36,question_replacement,ORIGINAL_TO_CHECKER_CHANGED,original_question -> checker_input,"[""question""]",WITHHOLD,,,F,False,False,,True
c8c3c4c8a6618f02ed77dc0d,37,question_replacement,ORIGINAL_TO_CHECKER_CHANGED,original_question -> checker_input,"[""question""]",WITHHOLD,,,C,False,False,,True
dafe3312655536cf63987199,38,question_replacement,ORIGINAL_TO_CHECKER_CHANGED,original_question -> checker_input,"[""question""]",WITHHOLD,,,A,False,False,,True
aee8e2c238e4fa65e33b4be3,39,question_replacement,ORIGINAL_TO_CHECKER_CHANGED,original_question -> checker_input,"[""question""]",WITHHOLD,,,G,False,False,,True
cbadebe4a6a80a7dcac80e1b,40,question_replacement,ORIGINAL_TO_CHECKER_CHANGED,original_question -> checker_input,"[""question""]",WITHHOLD,,,C,False,False,,True
0b2e51109e53ed030d815bf6,41,question_replacement,ORIGINAL_TO_CHECKER_CHANGED,original_question -> checker_input,"[""question""]",WITHHOLD,,,D,False,False,,True
0319bf427da36ca9a5ee1f90,42,question_replacement,ORIGINAL_TO_CHECKER_CHANGED,original_question -> checker_input,"[""question""]",WITHHOLD,,,E,False,False,,True
526c12a8e0df62573e162c9e,43,question_replacement,ORIGINAL_TO_CHECKER_CHANGED,original_question -> checker_input,"[""question""]",WITHHOLD,,,D,False,False,,True
6c975eed06f64dbe6b1362a7,44,question_replacement,ORIGINAL_TO_CHECKER_CHANGED,original_question -> checker_input,"[""question""]",WITHHOLD,,,A,False,False,,True
c66e698b790f1a5801735273,45,question_replacement,ORIGINAL_TO_CHECKER_CHANGED,original_question -> checker_input,"[""question""]",WITHHOLD,,,B,False,False,,True
2d89a608f420d7b30780bc5f,46,question_replacement,ORIGINAL_TO_CHECKER_CHANGED,original_question -> checker_input,"[""question""]",WITHHOLD,,,D,False,False,,True
0574a0028b12eaf51777373f,47,question_replacement,ORIGINAL_TO_CHECKER_CHANGED,original_question -> checker_input,"[""question""]",WITHHOLD,,,B,False,False,,True
aaa67ae800160c0f99b4a6d1,48,question_replacement,ORIGINAL_TO_CHECKER_CHANGED,original_question -> checker_input,"[""question""]",WITHHOLD,,,F,False,False,,True
8d67f581902d7591396e4eac,49,question_replacement,ORIGINAL_TO_CHECKER_CHANGED,original_question -> checker_input,"[""question""]",WITHHOLD,,,F,False,False,,True
06c680ae1e0a684afe5754c5,50,question_replacement,ORIGINAL_TO_CHECKER_CHANGED,original_question -> checker_input,"[""question""]",WITHHOLD,,,F,False,False,,True
c9dcf95d129ff270c6cf22ba,51,question_replacement,ORIGINAL_TO_CHECKER_CHANGED,original_question -> checker_input,"[""question""]",WITHHOLD,,,A,False,False,,True
5c68809174eef15dea650156,52,question_replacement,ORIGINAL_TO_CHECKER_CHANGED,original_question -> checker_input,"[""question""]",WITHHOLD,,,C,False,False,,True
01f1e26a2cb8026d76e9aacb,53,question_replacement,ORIGINAL_TO_CHECKER_CHANGED,original_question -> checker_input,"[""question""]",WITHHOLD,,,D,False,False,,True
1063dede21e1438495bb8a3b,54,question_replacement,ORIGINAL_TO_CHECKER_CHANGED,original_question -> checker_input,"[""question""]",WITHHOLD,,,B,False,False,,True
48fa3f27405459268bfc5c8b,55,question_replacement,ORIGINAL_TO_CHECKER_CHANGED,original_question -> checker_input,"[""question""]",WITHHOLD,,,E,False,False,,True
5c203f4f0cacc265307e343b,56,question_replacement,ORIGINAL_TO_CHECKER_CHANGED,original_question -> checker_input,"[""question""]",WITHHOLD,,,G,False,False,,True
10440fd77fa174f6d8872a78,57,question_replacement,ORIGINAL_TO_CHECKER_CHANGED,original_question -> checker_input,"[""question""]",WITHHOLD,,,F,False,False,,True
e93992a6935f4514ed0cd305,58,question_replacement,ORIGINAL_TO_CHECKER_CHANGED,original_question -> checker_input,"[""question""]",WITHHOLD,,,D,False,False,,True
d01ed2a212c717dab70ed724,59,question_replacement,ORIGINAL_TO_CHECKER_CHANGED,original_question -> checker_input,"[""question""]",WITHHOLD,,,D,False,False,,True
fe8c034d2611290dac6de5f4,60,question_replacement,ORIGINAL_TO_CHECKER_CHANGED,original_question -> checker_input,"[""question""]",WITHHOLD,,,G,False,False,,True
0ce1cf8391278e4ed9308c10,61,question_replacement,ORIGINAL_TO_CHECKER_CHANGED,original_question -> checker_input,"[""question""]",WITHHOLD,,,F,False,False,,True
187fc1af1efa5b5e0e52adf7,62,question_replacement,ORIGINAL_TO_CHECKER_CHANGED,original_question -> checker_input,"[""question""]",WITHHOLD,,,B,False,False,,True
0372416a0e200ade587c499e,63,question_replacement,ORIGINAL_TO_CHECKER_CHANGED,original_question -> checker_input,"[""question""]",WITHHOLD,,,G,False,False,,True
08cb3ea876eeb283adce03be,64,question_replacement,ORIGINAL_TO_CHECKER_CHANGED,original_question -> checker_input,"[""question""]",WITHHOLD,,,A,False,False,,True
6e682d5ccd28df5e1fa543c2,65,question_replacement,ORIGINAL_TO_CHECKER_CHANGED,original_question -> checker_input,"[""question""]",WITHHOLD,,,G,False,False,,True
477212af6ceffabeefd2541e,66,question_replacement,ORIGINAL_TO_CHECKER_CHANGED,original_question -> checker_input,"[""question""]",WITHHOLD,,,E,False,False,,True
8b28baec567fa877cd4aa84e,67,question_replacement,ORIGINAL_TO_CHECKER_CHANGED,original_question -> checker_input,"[""question""]",WITHHOLD,,,C,False,False,,True
74b8e04f6028b480369ab41f,68,question_replacement,ORIGINAL_TO_CHECKER_CHANGED,original_question -> checker_input,"[""question""]",WITHHOLD,,,F,False,False,,True
8e0881b5d176bcbaff4e05d0,69,question_replacement,ORIGINAL_TO_CHECKER_CHANGED,original_question -> checker_input,"[""question""]",WITHHOLD,,,G,False,False,,True
0a1e8af2424985ce9f0a6c04,70,question_replacement,ORIGINAL_TO_CHECKER_CHANGED,original_question -> checker_input,"[""question""]",WITHHOLD,,,B,False,False,,True
e2e19172e118cb78e7026a4c,71,question_replacement,ORIGINAL_TO_CHECKER_CHANGED,original_question -> checker_input,"[""question""]",WITHHOLD,,,C,False,False,,True
5132bc3c67463a9843f92b4f,72,question_replacement,ORIGINAL_TO_CHECKER_CHANGED,original_question -> checker_input,"[""question""]",WITHHOLD,,,F,False,False,,True
6ffc1b7fd57dcee39660f780,73,question_replacement,ORIGINAL_TO_CHECKER_CHANGED,original_question -> checker_input,"[""question""]",WITHHOLD,,,E,False,False,,True
165b3f904c76b1e31229e557,74,question_replacement,ORIGINAL_TO_CHECKER_CHANGED,original_question -> checker_input,"[""question""]",WITHHOLD,,,A,False,False,,True
ce925696194186dc58e7bcd2,75,question_replacement,ORIGINAL_TO_CHECKER_CHANGED,original_question -> checker_input,"[""question""]",WITHHOLD,,,C,False,False,,True
1875ccbf3cc3540095605ce6,76,question_replacement,ORIGINAL_TO_CHECKER_CHANGED,original_question -> checker_input,"[""question""]",WITHHOLD,,,A,False,False,,True
4c5f43a90d8bf6513998d10c,77,question_replacement,ORIGINAL_TO_CHECKER_CHANGED,original_question -> checker_input,"[""question""]",WITHHOLD,,,G,False,False,,True
1ca36ba457dffe3ffcabd6f5,78,question_replacement,ORIGINAL_TO_CHECKER_CHANGED,original_question -> checker_input,"[""question""]",WITHHOLD,,,A,False,False,,True
70d7fd66a57a948dca609719,79,question_replacement,ORIGINAL_TO_CHECKER_CHANGED,original_question -> checker_input,"[""question""]",WITHHOLD,,,B,False,False,,True
3b300468bba36c7b7ae095b1,80,question_replacement,ORIGINAL_TO_CHECKER_CHANGED,original_question -> checker_input,"[""question""]",WITHHOLD,,,A,False,False,,True
7e57b4cfebdeea33859ed79a,81,question_replacement,ORIGINAL_TO_CHECKER_CHANGED,original_question -> checker_input,"[""question""]",WITHHOLD,,,D,False,False,,True
cf9aeec4a8ba0e29f53c8667,82,question_replacement,ORIGINAL_TO_CHECKER_CHANGED,original_question -> checker_input,"[""question""]",WITHHOLD,,,E,False,False,,True
0c7a4d91cbe5389d369f0e37,83,question_replacement,ORIGINAL_TO_CHECKER_CHANGED,original_question -> checker_input,"[""question""]",WITHHOLD,,,A,False,False,,True
88553415679318f59b7bb292,84,question_replacement,ORIGINAL_TO_CHECKER_CHANGED,original_question -> checker_input,"[""question""]",WITHHOLD,,,B,False,False,,True
c1f28824e0cad9bbb7d9b650,85,question_replacement,ORIGINAL_TO_CHECKER_CHANGED,original_question -> checker_input,"[""question""]",WITHHOLD,,,G,False,False,,True
e1ca88722e558c11e7beb7ae,86,question_replacement,ORIGINAL_TO_CHECKER_CHANGED,original_question -> checker_input,"[""question""]",WITHHOLD,,,D,False,False,,True
a4e1aaa84112e64ff13e3a27,87,question_replacement,ORIGINAL_TO_CHECKER_CHANGED,original_question -> checker_input,"[""question""]",WITHHOLD,,,D,False,False,,True
f30a4c95d490315326785edb,88,question_replacement,ORIGINAL_TO_CHECKER_CHANGED,original_question -> checker_input,"[""question""]",WITHHOLD,,,E,False,False,,True
7d4cf754b22ee1e92139585e,89,question_replacement,ORIGINAL_TO_CHECKER_CHANGED,original_question -> checker_input,"[""question""]",WITHHOLD,,,D,False,False,,True
a741fd9363a5c8fc3116ff21,90,question_replacement,ORIGINAL_TO_CHECKER_CHANGED,original_question -> checker_input,"[""question""]",WITHHOLD,,,F,False,False,,True
18bea22fcf12e7e835815f4d,91,question_replacement,ORIGINAL_TO_CHECKER_CHANGED,original_question -> checker_input,"[""question""]",WITHHOLD,,,F,False,False,,True
06ac3550d21a9c86347cafe5,92,question_replacement,ORIGINAL_TO_CHECKER_CHANGED,original_question -> checker_input,"[""question""]",WITHHOLD,,,D,False,False,,True
37c1f4f019752f4cb3458186,93,question_replacement,ORIGINAL_TO_CHECKER_CHANGED,original_question -> checker_input,"[""question""]",WITHHOLD,,,G,False,False,,True
5b18254875ec0be0177ebca9,94,question_replacement,ORIGINAL_TO_CHECKER_CHANGED,original_question -> checker_input,"[""question""]",WITHHOLD,,,D,False,False,,True
42dab35ee0e7f51fb61acc97,95,question_replacement,ORIGINAL_TO_CHECKER_CHANGED,original_question -> checker_input,"[""question""]",WITHHOLD,,,A,False,False,,True
6bcd6f45c6ffda0ec9c3a38a,96,question_replacement,ORIGINAL_TO_CHECKER_CHANGED,original_question -> checker_input,"[""question""]",WITHHOLD,,,G,False,False,,True
168dcd788b8c1dded7d474ab,97,question_replacement,ORIGINAL_TO_CHECKER_CHANGED,original_question -> checker_input,"[""question""]",WITHHOLD,,,E,False,False,,True
493241ab7c579a8a99ebcca9,98,question_replacement,ORIGINAL_TO_CHECKER_CHANGED,original_question -> checker_input,"[""question""]",WITHHOLD,,,F,False,False,,True
80b71a236abc952f3c4747a9,99,question_replacement,ORIGINAL_TO_CHECKER_CHANGED,original_question -> checker_input,"[""question""]",WITHHOLD,,,D,False,False,,True
2abf17bfb0d0f5280e5ef7b1,100,question_replacement,ORIGINAL_TO_CHECKER_CHANGED,original_question -> checker_input,"[""question""]",WITHHOLD,,,A,False,False,,True
5c7f8803e0140e8e864a2e8b,101,question_replacement,ORIGINAL_TO_CHECKER_CHANGED,original_question -> checker_input,"[""question""]",WITHHOLD,,,C,False,False,,True
eb8f4a94d69af60678011c05,102,question_replacement,ORIGINAL_TO_CHECKER_CHANGED,original_question -> checker_input,"[""question""]",WITHHOLD,,,E,False,False,,True
38f824ba57f623b8e0246823,103,question_replacement,ORIGINAL_TO_CHECKER_CHANGED,original_question -> checker_input,"[""question""]",WITHHOLD,,,B,False,False,,True
72a2b0fce494b0ec8a3bc258,104,question_replacement,ORIGINAL_TO_CHECKER_CHANGED,original_question -> checker_input,"[""question""]",WITHHOLD,,,C,False,False,,True
28468da59c8bf5c8653236e0,105,question_replacement,ORIGINAL_TO_CHECKER_CHANGED,original_question -> checker_input,"[""question""]",WITHHOLD,,,D,False,False,,True
7065450b07d49e5099374f0c,106,question_replacement,ORIGINAL_TO_CHECKER_CHANGED,original_question -> checker_input,"[""question""]",WITHHOLD,,,B,False,False,,True
43d6878427b28a8a9164788a,107,question_replacement,ORIGINAL_TO_CHECKER_CHANGED,original_question -> checker_input,"[""question""]",WITHHOLD,,,C,False,False,,True
4af1ed91a13d7d4d7a349aaf,108,question_replacement,ORIGINAL_TO_CHECKER_CHANGED,original_question -> checker_input,"[""question""]",WITHHOLD,,,C,False,False,,True
e95e43f54abfaf2d26e03969,109,question_replacement,ORIGINAL_TO_CHECKER_CHANGED,original_question -> checker_input,"[""question""]",WITHHOLD,,,A,False,False,,True
31e734c0de08da53dd82bdc5,110,question_replacement,ORIGINAL_TO_CHECKER_CHANGED,original_question -> checker_input,"[""question""]",WITHHOLD,,,E,False,False,,True
9fb0652caa45078a47064559,111,question_replacement,ORIGINAL_TO_CHECKER_CHANGED,original_question -> checker_input,"[""question""]",WITHHOLD,,,B,False,False,,True
c299f23804152923ea0a9f2c,112,question_replacement,ORIGINAL_TO_CHECKER_CHANGED,original_question -> checker_input,"[""question""]",WITHHOLD,,,F,False,False,,True
cca5473b2e46c8cee188d782,113,question_replacement,ORIGINAL_TO_CHECKER_CHANGED,original_question -> checker_input,"[""question""]",WITHHOLD,,,B,False,False,,True
b77705ce6070fb712a95a725,114,question_replacement,ORIGINAL_TO_CHECKER_CHANGED,original_question -> checker_input,"[""question""]",WITHHOLD,,,G,False,False,,True
5a8661049304148cb661707b,115,question_replacement,ORIGINAL_TO_CHECKER_CHANGED,original_question -> checker_input,"[""question""]",WITHHOLD,,,E,False,False,,True
9926eaa5d9e41b0b129f1e01,116,question_replacement,ORIGINAL_TO_CHECKER_CHANGED,original_question -> checker_input,"[""question""]",WITHHOLD,,,D,False,False,,True
5e01b103a7047f85508cb2b2,117,question_replacement,ORIGINAL_TO_CHECKER_CHANGED,original_question -> checker_input,"[""question""]",WITHHOLD,,,D,False,False,,True
38fd604f675e60c9ecb7669a,118,question_replacement,ORIGINAL_TO_CHECKER_CHANGED,original_question -> checker_input,"[""question""]",WITHHOLD,,,G,False,False,,True
7d8851243ce112a28a4443f3,119,question_replacement,ORIGINAL_TO_CHECKER_CHANGED,original_question -> checker_input,"[""question""]",WITHHOLD,,,E,False,False,,True
5cc2596bbfb0d41c07acca94,120,question_replacement,ORIGINAL_TO_CHECKER_CHANGED,original_question -> checker_input,"[""question""]",WITHHOLD,,,D,False,False,,True
496acf6104ae50a1e415628f,121,question_replacement,ORIGINAL_TO_CHECKER_CHANGED,original_question -> checker_input,"[""question""]",WITHHOLD,,,G,False,False,,True
4fddac8a76b26804b183f550,122,question_replacement,ORIGINAL_TO_CHECKER_CHANGED,original_question -> checker_input,"[""question""]",WITHHOLD,,,C,False,False,,True
ca1466bb130d55c22fe1fe9e,123,question_replacement,ORIGINAL_TO_CHECKER_CHANGED,original_question -> checker_input,"[""question""]",WITHHOLD,,,D,False,False,,True
72be798dab50c153794e6ea7,124,question_replacement,ORIGINAL_TO_CHECKER_CHANGED,original_question -> checker_input,"[""question""]",WITHHOLD,,,A,False,False,,True
f58c04dd0976373b7e0252e7,125,question_replacement,ORIGINAL_TO_CHECKER_CHANGED,original_question -> checker_input,"[""question""]",WITHHOLD,,,G,False,False,,True
f5b209f5f7d53e43087a07a0,126,question_replacement,ORIGINAL_TO_CHECKER_CHANGED,original_question -> checker_input,"[""question""]",WITHHOLD,,,D,False,False,,True
cfb5bea3ed85909c4733723d,127,question_replacement,ORIGINAL_TO_CHECKER_CHANGED,original_question -> checker_input,"[""question""]",WITHHOLD,,,F,False,False,,True
cb58e75114847327758107c7,128,question_replacement,ORIGINAL_TO_CHECKER_CHANGED,original_question -> checker_input,"[""question""]",WITHHOLD,,,B,False,False,,True
d72ee0aa0531534c8c7b9f5a,129,question_replacement,ORIGINAL_TO_CHECKER_CHANGED,original_question -> checker_input,"[""question""]",WITHHOLD,,,A,False,False,,True
e73dd81139bb29060c3bdbf3,130,question_replacement,ORIGINAL_TO_CHECKER_CHANGED,original_question -> checker_input,"[""question""]",WITHHOLD,,,C,False,False,,True
471d0e5c9fc1a3dfea651e43,131,question_replacement,ORIGINAL_TO_CHECKER_CHANGED,original_question -> checker_input,"[""question""]",WITHHOLD,,,G,False,False,,True
18de975611f4c364501b93ff,132,question_replacement,ORIGINAL_TO_CHECKER_CHANGED,original_question -> checker_input,"[""question""]",WITHHOLD,,,A,False,False,,True
5b4e8f4c988f98df5584df66,133,question_replacement,ORIGINAL_TO_CHECKER_CHANGED,original_question -> checker_input,"[""question""]",WITHHOLD,,,B,False,False,,True
8fa0678c8d301f9c6691aca1,134,question_replacement,ORIGINAL_TO_CHECKER_CHANGED,original_question -> checker_input,"[""question""]",WITHHOLD,,,G,False,False,,True
0d1bfeca4fe174be17e14c2f,135,question_replacement,ORIGINAL_TO_CHECKER_CHANGED,original_question -> checker_input,"[""question""]",WITHHOLD,,,D,False,False,,True
2b07cad78c895a0c7d5953fa,136,question_replacement,ORIGINAL_TO_CHECKER_CHANGED,original_question -> checker_input,"[""question""]",WITHHOLD,,,B,False,False,,True
999b8fdfcfeec0a5cc869b2a,137,question_replacement,ORIGINAL_TO_CHECKER_CHANGED,original_question -> checker_input,"[""question""]",WITHHOLD,,,E,False,False,,True
d9130f8a3946d45c11671338,138,question_replacement,ORIGINAL_TO_CHECKER_CHANGED,original_question -> checker_input,"[""question""]",WITHHOLD,,,G,False,False,,True
e9df6a1083023e3cbab6e371,139,question_replacement,ORIGINAL_TO_CHECKER_CHANGED,original_question -> checker_input,"[""question""]",WITHHOLD,,,E,False,False,,True
16f55ee7e30aa2d364003433,140,question_replacement,ORIGINAL_TO_CHECKER_CHANGED,original_question -> checker_input,"[""question""]",WITHHOLD,,,E,False,False,,True
126c675ab3a6fde766286257,141,question_replacement,ORIGINAL_TO_CHECKER_CHANGED,original_question -> checker_input,"[""question""]",WITHHOLD,,,C,False,False,,True
62690033f2f8fa38aecc1b6a,142,question_replacement,ORIGINAL_TO_CHECKER_CHANGED,original_question -> checker_input,"[""question""]",WITHHOLD,,,D,False,False,,True
0e286067245998a2c9541523,143,question_replacement,ORIGINAL_TO_CHECKER_CHANGED,original_question -> checker_input,"[""question""]",WITHHOLD,,,B,False,False,,True
fbfed52679958d2411f7447f,144,question_replacement,ORIGINAL_TO_CHECKER_CHANGED,original_question -> checker_input,"[""question""]",WITHHOLD,,,E,False,False,,True
401092d720686d537745809a,145,question_replacement,ORIGINAL_TO_CHECKER_CHANGED,original_question -> checker_input,"[""question""]",WITHHOLD,,,B,False,False,,True
4eea5ae75b259315178cfcfd,146,question_replacement,ORIGINAL_TO_CHECKER_CHANGED,original_question -> checker_input,"[""question""]",WITHHOLD,,,D,False,False,,True
1aaedf689d13b14865bedf8d,147,question_replacement,ORIGINAL_TO_CHECKER_CHANGED,original_question -> checker_input,"[""question""]",WITHHOLD,,,F,False,False,,True
149afeccce9a23d2909e6269,148,question_replacement,ORIGINAL_TO_CHECKER_CHANGED,original_question -> checker_input,"[""question""]",WITHHOLD,,,E,False,False,,True
b43a833f5a424ea13a2341fe,149,question_replacement,ORIGINAL_TO_CHECKER_CHANGED,original_question -> checker_input,"[""question""]",WITHHOLD,,,F,False,False,,True
cfdbe4b26bdb2a81ca85df70,150,question_replacement,ORIGINAL_TO_CHECKER_CHANGED,original_question -> checker_input,"[""question""]",WITHHOLD,,,D,False,False,,True
3be5e4c0a4fe4443ff23ff8c,151,question_replacement,ORIGINAL_TO_CHECKER_CHANGED,original_question -> checker_input,"[""question""]",WITHHOLD,,,C,False,False,,True
b70c299e8a5bf18550a2159b,152,question_replacement,ORIGINAL_TO_CHECKER_CHANGED,original_question -> checker_input,"[""question""]",WITHHOLD,,,C,False,False,,True
a36c008dabc1c25f9fdc8aeb,153,question_replacement,ORIGINAL_TO_CHECKER_CHANGED,original_question -> checker_input,"[""question""]",WITHHOLD,,,F,False,False,,True
5e0bf8e31bf4a76d9d6e1085,154,question_replacement,ORIGINAL_TO_CHECKER_CHANGED,original_question -> checker_input,"[""question""]",WITHHOLD,,,C,False,False,,True
77172119b28ffdfbef1ee8e0,155,question_replacement,ORIGINAL_TO_CHECKER_CHANGED,original_question -> checker_input,"[""question""]",WITHHOLD,,,E,False,False,,True
a6cf7245f9262d712b81ebd3,156,question_replacement,ORIGINAL_TO_CHECKER_CHANGED,original_question -> checker_input,"[""question""]",WITHHOLD,,,B,False,False,,True
ae1470afdf4b073b1402ff91,157,question_replacement,ORIGINAL_TO_CHECKER_CHANGED,original_question -> checker_input,"[""question""]",WITHHOLD,,,C,False,False,,True
7818ba117cbb1cc0d13b3764,158,question_replacement,ORIGINAL_TO_CHECKER_CHANGED,original_question -> checker_input,"[""question""]",WITHHOLD,,,B,False,False,,True
9eaa80eeff50fd502498a265,159,question_replacement,ORIGINAL_TO_CHECKER_CHANGED,original_question -> checker_input,"[""question""]",WITHHOLD,,,E,False,False,,True
6a9c4d1455a5fa2220f1c6f5,160,question_replacement,ORIGINAL_TO_CHECKER_CHANGED,original_question -> checker_input,"[""question""]",WITHHOLD,,,E,False,False,,True
ca12196839e073002ba4483f,161,question_replacement,ORIGINAL_TO_CHECKER_CHANGED,original_question -> checker_input,"[""question""]",WITHHOLD,,,A,False,False,,True
b5006bd96cf3d565fafa85c7,162,question_replacement,ORIGINAL_TO_CHECKER_CHANGED,original_question -> checker_input,"[""question""]",WITHHOLD,,,F,False,False,,True
3cd054cd2e69459f40bfdf17,163,question_replacement,ORIGINAL_TO_CHECKER_CHANGED,original_question -> checker_input,"[""question""]",WITHHOLD,,,E,False,False,,True
35aafe2f703fff6d2803f519,164,question_replacement,ORIGINAL_TO_CHECKER_CHANGED,original_question -> checker_input,"[""question""]",WITHHOLD,,,A,False,False,,True
aadace00710d6aec8fba00ee,165,question_replacement,ORIGINAL_TO_CHECKER_CHANGED,original_question -> checker_input,"[""question""]",WITHHOLD,,,B,False,False,,True
dc377d72e5eec0d53f6d3a82,166,question_replacement,ORIGINAL_TO_CHECKER_CHANGED,original_question -> checker_input,"[""question""]",WITHHOLD,,,C,False,False,,True
cf7013a54c405bcc466a1327,167,question_replacement,ORIGINAL_TO_CHECKER_CHANGED,original_question -> checker_input,"[""question""]",WITHHOLD,,,G,False,False,,True
babc59e16b92c020d3e4d8c0,168,question_replacement,ORIGINAL_TO_CHECKER_CHANGED,original_question -> checker_input,"[""question""]",WITHHOLD,,,F,False,False,,True
6982217f9a64e55dc16fa56d,169,question_replacement,ORIGINAL_TO_CHECKER_CHANGED,original_question -> checker_input,"[""question""]",WITHHOLD,,,C,False,False,,True
1e33a6cf6bfd0cb235805d26,170,question_replacement,ORIGINAL_TO_CHECKER_CHANGED,original_question -> checker_input,"[""question""]",WITHHOLD,,,A,False,False,,True
acffdee5faf1d8c1ad3059c9,171,question_replacement,ORIGINAL_TO_CHECKER_CHANGED,original_question -> checker_input,"[""question""]",WITHHOLD,,,C,False,False,,True
4f5d0bae03275f0f53ca2f5f,172,question_replacement,ORIGINAL_TO_CHECKER_CHANGED,original_question -> checker_input,"[""question""]",WITHHOLD,,,A,False,False,,True
d700b74d1eab66f1b309d0e1,173,question_replacement,ORIGINAL_TO_CHECKER_CHANGED,original_question -> checker_input,"[""question""]",WITHHOLD,,,E,False,False,,True
37519fe40aee6fa542a71c93,174,question_replacement,ORIGINAL_TO_CHECKER_CHANGED,original_question -> checker_input,"[""question""]",WITHHOLD,,,F,False,False,,True
3c4062b2577ab3582bcb9d83,175,question_replacement,ORIGINAL_TO_CHECKER_CHANGED,original_question -> checker_input,"[""question""]",WITHHOLD,,,G,False,False,,True
b1b7c3fe2bf28849b9d34dbd,176,question_replacement,ORIGINAL_TO_CHECKER_CHANGED,original_question -> checker_input,"[""question""]",WITHHOLD,,,F,False,False,,True
f0853a0e572ef0c31cac5233,177,question_replacement,ORIGINAL_TO_CHECKER_CHANGED,original_question -> checker_input,"[""question""]",WITHHOLD,,,F,False,False,,True
bad4954bbc2882df350af70a,178,question_replacement,ORIGINAL_TO_CHECKER_CHANGED,original_question -> checker_input,"[""question""]",WITHHOLD,,,A,False,False,,True
9a72e2d2f72b9c61e33a8e61,179,question_replacement,ORIGINAL_TO_CHECKER_CHANGED,original_question -> checker_input,"[""question""]",WITHHOLD,,,B,False,False,,True
dac0ae3bdc3f82795682e456,180,question_replacement,ORIGINAL_TO_CHECKER_CHANGED,original_question -> checker_input,"[""question""]",WITHHOLD,,,G,False,False,,True
5a006d88e8678142988d44ba,181,question_replacement,ORIGINAL_TO_CHECKER_CHANGED,original_question -> checker_input,"[""question""]",WITHHOLD,,,A,False,False,,True
99cb4e26adeae7c9c3cd0c85,182,question_replacement,ORIGINAL_TO_CHECKER_CHANGED,original_question -> checker_input,"[""question""]",WITHHOLD,,,C,False,False,,True
e32d53f9fc93b713c6b149f8,183,question_replacement,ORIGINAL_TO_CHECKER_CHANGED,original_question -> checker_input,"[""question""]",WITHHOLD,,,B,False,False,,True
e917850ef2c6085849986eea,184,question_replacement,ORIGINAL_TO_CHECKER_CHANGED,original_question -> checker_input,"[""question""]",WITHHOLD,,,D,False,False,,True
91964ee3fbaf24fb86334f8d,185,question_replacement,ORIGINAL_TO_CHECKER_CHANGED,original_question -> checker_input,"[""question""]",WITHHOLD,,,A,False,False,,True
14861d517cb63ad96cdc142e,186,question_replacement,ORIGINAL_TO_CHECKER_CHANGED,original_question -> checker_input,"[""question""]",WITHHOLD,,,G,False,False,,True
95dfdaa9ea9ab4f6845aa13a,187,question_replacement,ORIGINAL_TO_CHECKER_CHANGED,original_question -> checker_input,"[""question""]",WITHHOLD,,,B,False,False,,True
30d84ff2e3a29426fbbd9666,188,question_replacement,ORIGINAL_TO_CHECKER_CHANGED,original_question -> checker_input,"[""question""]",WITHHOLD,,,C,False,False,,True
12bbb2af3d279982ca0b1c9d,189,question_replacement,ORIGINAL_TO_CHECKER_CHANGED,original_question -> checker_input,"[""question""]",WITHHOLD,,,B,False,False,,True
3bad9dbff306f726da09b1a0,190,question_replacement,ORIGINAL_TO_CHECKER_CHANGED,original_question -> checker_input,"[""question""]",WITHHOLD,,,B,False,False,,True
1b1642d44e7e0494d7774454,191,question_replacement,ORIGINAL_TO_CHECKER_CHANGED,original_question -> checker_input,"[""question""]",WITHHOLD,,,E,False,False,,True
5ad1eb4b0f7d7e9f6d6deaff,192,question_replacement,ORIGINAL_TO_CHECKER_CHANGED,original_question -> checker_input,"[""question""]",WITHHOLD,,,E,False,False,,True
7bb9e5060abdf376d758c1a4,193,question_replacement,ORIGINAL_TO_CHECKER_CHANGED,original_question -> checker_input,"[""question""]",WITHHOLD,,,C,False,False,,True
dfe972f9c21f6ad1b08a43c1,194,question_replacement,ORIGINAL_TO_CHECKER_CHANGED,original_question -> checker_input,"[""question""]",WITHHOLD,,,G,False,False,,True
9a8f84b897d60bc000262ef0,195,question_replacement,ORIGINAL_TO_CHECKER_CHANGED,original_question -> checker_input,"[""question""]",WITHHOLD,,,C,False,False,,True
82ab03009ecd4cf46b7ca654,196,question_replacement,ORIGINAL_TO_CHECKER_CHANGED,original_question -> checker_input,"[""question""]",WITHHOLD,,,D,False,False,,True
8d4f8ae56c98a0b62bbf13f8,197,question_replacement,ORIGINAL_TO_CHECKER_CHANGED,original_question -> checker_input,"[""question""]",WITHHOLD,,,E,False,False,,True
757a750aabcd391a15d979c1,198,question_replacement,ORIGINAL_TO_CHECKER_CHANGED,original_question -> checker_input,"[""question""]",WITHHOLD,,,B,False,False,,True
8965bc9c8a274584dd395fc0,199,question_replacement,ORIGINAL_TO_CHECKER_CHANGED,original_question -> checker_input,"[""question""]",WITHHOLD,,,D,False,False,,True
479069d86569ee4b2096bddc,200,question_replacement,ORIGINAL_TO_CHECKER_CHANGED,original_question -> checker_input,"[""question""]",WITHHOLD,,,E,False,False,,True
1f2271ee35389437d1c18e87,201,question_replacement,ORIGINAL_TO_CHECKER_CHANGED,original_question -> checker_input,"[""question""]",WITHHOLD,,,B,False,False,,True
739b18d7aed955fc5afad656,202,question_replacement,ORIGINAL_TO_CHECKER_CHANGED,original_question -> checker_input,"[""question""]",WITHHOLD,,,B,False,False,,True
93cadbba88d10ad9103cd455,203,question_replacement,ORIGINAL_TO_CHECKER_CHANGED,original_question -> checker_input,"[""question""]",WITHHOLD,,,G,False,False,,True
e5e6314e780c0bc57c23e573,204,question_replacement,ORIGINAL_TO_CHECKER_CHANGED,original_question -> checker_input,"[""question""]",WITHHOLD,,,A,False,False,,True
57112fcc31f2edf8bc4e3768,205,question_replacement,ORIGINAL_TO_CHECKER_CHANGED,original_question -> checker_input,"[""question""]",WITHHOLD,,,D,False,False,,True
105ea2a15afb83d8bacb7823,206,question_replacement,ORIGINAL_TO_CHECKER_CHANGED,original_question -> checker_input,"[""question""]",WITHHOLD,,,B,False,False,,True
b6a300d7489efe4d5d0e8511,207,question_replacement,ORIGINAL_TO_CHECKER_CHANGED,original_question -> checker_input,"[""question""]",WITHHOLD,,,A,False,False,,True
f4cddaa9663f862ea66a3f2a,208,question_replacement,ORIGINAL_TO_CHECKER_CHANGED,original_question -> checker_input,"[""question""]",WITHHOLD,,,E,False,False,,True
6ed9cb6f2d4e6d3e579f988f,209,question_replacement,ORIGINAL_TO_CHECKER_CHANGED,original_question -> checker_input,"[""question""]",WITHHOLD,,,G,False,False,,True
ba79b144bc65aef1d3f192f4,210,question_replacement,ORIGINAL_TO_CHECKER_CHANGED,original_question -> checker_input,"[""question""]",WITHHOLD,,,C,False,False,,True
01ac4c22da63481678051170,211,question_replacement,ORIGINAL_TO_CHECKER_CHANGED,original_question -> checker_input,"[""question""]",WITHHOLD,,,C,False,False,,True
1c4916a1ca1f9c0aee8b8d18,212,question_replacement,ORIGINAL_TO_CHECKER_CHANGED,original_question -> checker_input,"[""question""]",WITHHOLD,,,G,False,False,,True
8076f2dc054a4072b127ca14,213,question_replacement,ORIGINAL_TO_CHECKER_CHANGED,original_question -> checker_input,"[""question""]",WITHHOLD,,,F,False,False,,True
ffbac773cee4bfac773a82dd,214,question_replacement,ORIGINAL_TO_CHECKER_CHANGED,original_question -> checker_input,"[""question""]",WITHHOLD,,,C,False,False,,True
5722bb76741e55902360c3d4,215,question_replacement,ORIGINAL_TO_CHECKER_CHANGED,original_question -> checker_input,"[""question""]",WITHHOLD,,,D,False,False,,True
28c351c2a9a2248f58ea1a93,216,question_replacement,ORIGINAL_TO_CHECKER_CHANGED,original_question -> checker_input,"[""question""]",WITHHOLD,,,D,False,False,,True
b5ad5e8b848893a72d90ddab,217,question_replacement,ORIGINAL_TO_CHECKER_CHANGED,original_question -> checker_input,"[""question""]",WITHHOLD,,,B,False,False,,True
bd543293ce7ac98461c5baad,218,question_replacement,ORIGINAL_TO_CHECKER_CHANGED,original_question -> checker_input,"[""question""]",WITHHOLD,,,D,False,False,,True
c5a0efddbbf4fc27eb6b8dde,219,question_replacement,ORIGINAL_TO_CHECKER_CHANGED,original_question -> checker_input,"[""question""]",WITHHOLD,,,A,False,False,,True
394f226498027a9a9bf09eba,220,question_replacement,ORIGINAL_TO_CHECKER_CHANGED,original_question -> checker_input,"[""question""]",WITHHOLD,,,G,False,False,,True
b0cfbcf53e3bd8b746811777,221,question_replacement,ORIGINAL_TO_CHECKER_CHANGED,original_question -> checker_input,"[""question""]",WITHHOLD,,,B,False,False,,True
2f8581d4a34ee79a308ddeb7,222,question_replacement,ORIGINAL_TO_CHECKER_CHANGED,original_question -> checker_input,"[""question""]",WITHHOLD,,,C,False,False,,True
04f60d9e49ad509c4cd63098,223,question_replacement,ORIGINAL_TO_CHECKER_CHANGED,original_question -> checker_input,"[""question""]",WITHHOLD,,,G,False,False,,True
98e08336ec55a0478098c076,224,question_replacement,ORIGINAL_TO_CHECKER_CHANGED,original_question -> checker_input,"[""question""]",WITHHOLD,,,D,False,False,,True
c753ebfc9c031e0944aa9ef0,225,question_replacement,ORIGINAL_TO_CHECKER_CHANGED,original_question -> checker_input,"[""question""]",WITHHOLD,,,F,False,False,,True
d0b67d0b5e61f9d0e0ba04d0,226,question_replacement,ORIGINAL_TO_CHECKER_CHANGED,original_question -> checker_input,"[""question""]",WITHHOLD,,,B,False,False,,True
b7d9bf777686e798c7e41838,227,question_replacement,ORIGINAL_TO_CHECKER_CHANGED,original_question -> checker_input,"[""question""]",WITHHOLD,,,C,False,False,,True
0ea699b555dfbc220d3c190f,228,question_replacement,ORIGINAL_TO_CHECKER_CHANGED,original_question -> checker_input,"[""question""]",WITHHOLD,,,E,False,False,,True
5146af09d9576107493227a2,229,question_replacement,ORIGINAL_TO_CHECKER_CHANGED,original_question -> checker_input,"[""question""]",WITHHOLD,,,E,False,False,,True
c4b86d5294a9db14a87cc95c,230,question_replacement,ORIGINAL_TO_CHECKER_CHANGED,original_question -> checker_input,"[""question""]",WITHHOLD,,,F,False,False,,True
1b3c80871f6c66d49ecda2b4,231,question_replacement,ORIGINAL_TO_CHECKER_CHANGED,original_question -> checker_input,"[""question""]",WITHHOLD,,,F,False,False,,True
2c9bf0b64524709e630cd9df,232,question_replacement,ORIGINAL_TO_CHECKER_CHANGED,original_question -> checker_input,"[""question""]",WITHHOLD,,,G,False,False,,True
fb42fe6fd3e5e87f9d61bd79,233,question_replacement,ORIGINAL_TO_CHECKER_CHANGED,original_question -> checker_input,"[""question""]",WITHHOLD,,,C,False,False,,True
f7b1114ee1f141d56d994f33,234,question_replacement,ORIGINAL_TO_CHECKER_CHANGED,original_question -> checker_input,"[""question""]",WITHHOLD,,,B,False,False,,True
dca97e642465e03a50f8d75f,235,question_replacement,ORIGINAL_TO_CHECKER_CHANGED,original_question -> checker_input,"[""question""]",WITHHOLD,,,A,False,False,,True
d802cc98c122fa84953c72a3,236,question_replacement,ORIGINAL_TO_CHECKER_CHANGED,original_question -> checker_input,"[""question""]",WITHHOLD,,,F,False,False,,True
f6612f627781f1d164961489,237,question_replacement,ORIGINAL_TO_CHECKER_CHANGED,original_question -> checker_input,"[""question""]",WITHHOLD,,,A,False,False,,True
7f6235a0494c55f8935f6734,238,question_replacement,ORIGINAL_TO_CHECKER_CHANGED,original_question -> checker_input,"[""question""]",WITHHOLD,,,F,False,False,,True
3eace3e254ce98961ab003b5,239,question_replacement,ORIGINAL_TO_CHECKER_CHANGED,original_question -> checker_input,"[""question""]",WITHHOLD,,,F,False,False,,True
05f434ef2068fb1a110ee6d0,240,question_replacement,ORIGINAL_TO_CHECKER_CHANGED,original_question -> checker_input,"[""question""]",WITHHOLD,,,E,False,False,,True
ef5422a9bab77b460b898d67,241,question_replacement,ORIGINAL_TO_CHECKER_CHANGED,original_question -> checker_input,"[""question""]",WITHHOLD,,,G,False,False,,True
e96101d9875c6c209ebe912b,242,question_replacement,ORIGINAL_TO_CHECKER_CHANGED,original_question -> checker_input,"[""question""]",WITHHOLD,,,F,False,False,,True
bda49e8ad68b5fe394ad7bf1,243,question_replacement,ORIGINAL_TO_CHECKER_CHANGED,original_question -> checker_input,"[""question""]",WITHHOLD,,,C,False,False,,True
8402b4438b1062e1aaac7337,244,question_replacement,ORIGINAL_TO_CHECKER_CHANGED,original_question -> checker_input,"[""question""]",WITHHOLD,,,C,False,False,,True
fbf285d575ce4ed218f7c0e3,245,question_replacement,ORIGINAL_TO_CHECKER_CHANGED,original_question -> checker_input,"[""question""]",WITHHOLD,,,A,False,False,,True
7ab5ab655042bb4614d5f913,246,question_replacement,ORIGINAL_TO_CHECKER_CHANGED,original_question -> checker_input,"[""question""]",WITHHOLD,,,D,False,False,,True
251758eec04e0543c31ef2f6,247,question_replacement,ORIGINAL_TO_CHECKER_CHANGED,original_question -> checker_input,"[""question""]",WITHHOLD,,,A,False,False,,True
decab249d3e78c1251c51a88,248,question_replacement,ORIGINAL_TO_CHECKER_CHANGED,original_question -> checker_input,"[""question""]",WITHHOLD,,,F,False,False,,True
93142383854f2c7e3d67485b,249,question_replacement,ORIGINAL_TO_CHECKER_CHANGED,original_question -> checker_input,"[""question""]",WITHHOLD,,,D,False,False,,True
5b97b89d2094fd8141881aab,0,answer_flip_before_send,CHECKED_TO_SENDER_CHANGED,checked -> sender,"[""answer""]",WITHHOLD,E,,D,True,False,False,True
06e97c748189436f6da0d4d6,1,answer_flip_before_send,CHECKED_TO_SENDER_CHANGED,checked -> sender,"[""answer""]",WITHHOLD,C,,B,True,False,False,True
6bc8f3e65ee4b3a8be116a99,2,answer_flip_before_send,CHECKED_TO_SENDER_CHANGED,checked -> sender,"[""answer""]",WITHHOLD,B,,A,True,False,False,True
76ccbad65a27c93afc405b1a,3,answer_flip_before_send,CHECKED_TO_SENDER_CHANGED,checked -> sender,"[""answer""]",WITHHOLD,B,,A,True,False,False,True
d6af130cda6016996d0310c8,4,answer_flip_before_send,CHECKED_TO_SENDER_CHANGED,checked -> sender,"[""answer""]",WITHHOLD,G,,F,True,False,False,True
1ec59a0f29f8368e16197f06,5,answer_flip_before_send,CHECKED_TO_SENDER_CHANGED,checked -> sender,"[""answer""]",WITHHOLD,C,,B,True,False,False,True
b59c69187e13d7a7cb192240,6,answer_flip_before_send,CHECKED_TO_SENDER_CHANGED,checked -> sender,"[""answer""]",WITHHOLD,F,,E,True,False,False,True
7411997d79e7f71f743ff1e8,7,answer_flip_before_send,CHECKED_TO_SENDER_CHANGED,checked -> sender,"[""answer""]",WITHHOLD,C,,B,True,False,False,True
2bf575ffda747c7e807c1026,8,answer_flip_before_send,CHECKED_TO_SENDER_CHANGED,checked -> sender,"[""answer""]",WITHHOLD,D,,C,True,False,False,True
90f79d494dde5b30b8ec4f23,9,answer_flip_before_send,CHECKED_TO_SENDER_CHANGED,checked -> sender,"[""answer""]",WITHHOLD,C,,B,True,False,False,True
23574e9124803bd239467c4e,10,answer_flip_before_send,CHECKED_TO_SENDER_CHANGED,checked -> sender,"[""answer""]",WITHHOLD,A,,G,True,False,False,True
6e914ec096e55640dc48284b,11,answer_flip_before_send,CHECKED_TO_SENDER_CHANGED,checked -> sender,"[""answer""]",WITHHOLD,D,,C,True,False,False,True
88b1719eb56e6c8dce030e7d,12,answer_flip_before_send,CHECKED_TO_SENDER_CHANGED,checked -> sender,"[""answer""]",WITHHOLD,E,,D,True,False,False,True
1d65b281f5071e5e5ac7d58f,13,answer_flip_before_send,CHECKED_TO_SENDER_CHANGED,checked -> sender,"[""answer""]",WITHHOLD,G,,F,True,False,False,True
47c2f4578b540741410a6cf0,14,answer_flip_before_send,CHECKED_TO_SENDER_CHANGED,checked -> sender,"[""answer""]",WITHHOLD,B,,A,True,False,False,True
a229dcbd29d3e1feb5ad774f,15,answer_flip_before_send,CHECKED_TO_SENDER_CHANGED,checked -> sender,"[""answer""]",WITHHOLD,F,,E,True,False,False,True
cc1db02b0c309b21da9a8d6c,16,answer_flip_before_send,CHECKED_TO_SENDER_CHANGED,checked -> sender,"[""answer""]",WITHHOLD,C,,B,True,False,False,True
a010ec0f12ab44334fd7e292,17,answer_flip_before_send,CHECKED_TO_SENDER_CHANGED,checked -> sender,"[""answer""]",WITHHOLD,F,,E,True,False,False,True
ee45703d7bc1e54637e66b5f,18,answer_flip_before_send,CHECKED_TO_SENDER_CHANGED,checked -> sender,"[""answer""]",WITHHOLD,A,,G,True,False,False,True
29ba52906adbc5c79d549cfd,19,answer_flip_before_send,CHECKED_TO_SENDER_CHANGED,checked -> sender,"[""answer""]",WITHHOLD,B,,A,True,False,False,True
45b69291ce5848b7dc3de7dd,20,answer_flip_before_send,CHECKED_TO_SENDER_CHANGED,checked -> sender,"[""answer""]",WITHHOLD,E,,D,True,False,False,True
7f18fa41dd567be24356de36,21,answer_flip_before_send,CHECKED_TO_SENDER_CHANGED,checked -> sender,"[""answer""]",WITHHOLD,D,,C,True,False,False,True
87eb559b442e138718a7deb0,22,answer_flip_before_send,CHECKED_TO_SENDER_CHANGED,checked -> sender,"[""answer""]",WITHHOLD,B,,A,True,False,False,True
97570fd0f5a9a2383f3f91a8,23,answer_flip_before_send,CHECKED_TO_SENDER_CHANGED,checked -> sender,"[""answer""]",WITHHOLD,F,,E,True,False,False,True
babdf6aba2b1553d3a9a9a5b,24,answer_flip_before_send,CHECKED_TO_SENDER_CHANGED,checked -> sender,"[""answer""]",WITHHOLD,E,,D,True,False,False,True
e0954324bc089bad435cc8a6,25,answer_flip_before_send,CHECKED_TO_SENDER_CHANGED,checked -> sender,"[""answer""]",WITHHOLD,B,,A,True,False,False,True
ba216415fbf9972ed745f445,26,answer_flip_before_send,CHECKED_TO_SENDER_CHANGED,checked -> sender,"[""answer""]",WITHHOLD,G,,F,True,False,False,True
7dd4e37112fa1d169e539127,27,answer_flip_before_send,CHECKED_TO_SENDER_CHANGED,checked -> sender,"[""answer""]",WITHHOLD,D,,C,True,False,False,True
c2887cf80157e6c3e2889626,28,answer_flip_before_send,CHECKED_TO_SENDER_CHANGED,checked -> sender,"[""answer""]",WITHHOLD,C,,B,True,False,False,True
587bb7641386fe45c62ad7af,29,answer_flip_before_send,CHECKED_TO_SENDER_CHANGED,checked -> sender,"[""answer""]",WITHHOLD,F,,E,True,False,False,True
dd0223d71bd9dc664130866b,30,answer_flip_before_send,CHECKED_TO_SENDER_CHANGED,checked -> sender,"[""answer""]",WITHHOLD,D,,C,True,False,False,True
7ce27c432753da4f1e029765,31,answer_flip_before_send,CHECKED_TO_SENDER_CHANGED,checked -> sender,"[""answer""]",WITHHOLD,E,,D,True,False,False,True
6c03f10306f90124f363fc58,32,answer_flip_before_send,CHECKED_TO_SENDER_CHANGED,checked -> sender,"[""answer""]",WITHHOLD,D,,C,True,False,False,True
4ee741ff9831cda4df9b79c3,33,answer_flip_before_send,CHECKED_TO_SENDER_CHANGED,checked -> sender,"[""answer""]",WITHHOLD,B,,A,True,False,False,True
d81fe59b347a0a013cd7a1c4,34,answer_flip_before_send,CHECKED_TO_SENDER_CHANGED,checked -> sender,"[""answer""]",WITHHOLD,A,,G,True,False,False,True
f9c5b40e533b56e418b6fc63,35,answer_flip_before_send,CHECKED_TO_SENDER_CHANGED,checked -> sender,"[""answer""]",WITHHOLD,B,,A,True,False,False,True
e67d3fcd039d4cdc0ba96576,36,answer_flip_before_send,CHECKED_TO_SENDER_CHANGED,checked -> sender,"[""answer""]",WITHHOLD,G,,F,True,False,False,True
cdaedea8edb4d3a85c9c11d4,37,answer_flip_before_send,CHECKED_TO_SENDER_CHANGED,checked -> sender,"[""answer""]",WITHHOLD,D,,C,True,False,False,True
3d4316f7e6d7a46a457fd647,38,answer_flip_before_send,CHECKED_TO_SENDER_CHANGED,checked -> sender,"[""answer""]",WITHHOLD,B,,A,True,False,False,True
3bf15fad0132e1de986777eb,39,answer_flip_before_send,CHECKED_TO_SENDER_CHANGED,checked -> sender,"[""answer""]",WITHHOLD,A,,G,True,False,False,True
0c5fb111e18c096f721ea993,40,answer_flip_before_send,CHECKED_TO_SENDER_CHANGED,checked -> sender,"[""answer""]",WITHHOLD,D,,C,True,False,False,True
ae7d69b31cda9e3cab2a54f6,41,answer_flip_before_send,CHECKED_TO_SENDER_CHANGED,checked -> sender,"[""answer""]",WITHHOLD,E,,D,True,False,False,True
287058b15d7b372f963572fc,42,answer_flip_before_send,CHECKED_TO_SENDER_CHANGED,checked -> sender,"[""answer""]",WITHHOLD,F,,E,True,False,False,True
1ab567f34d100353c58dc3ec,43,answer_flip_before_send,CHECKED_TO_SENDER_CHANGED,checked -> sender,"[""answer""]",WITHHOLD,E,,D,True,False,False,True
b565b34aa89c35c567cf9571,44,answer_flip_before_send,CHECKED_TO_SENDER_CHANGED,checked -> sender,"[""answer""]",WITHHOLD,B,,A,True,False,False,True
148ed0535b81aaa733ccbaad,45,answer_flip_before_send,CHECKED_TO_SENDER_CHANGED,checked -> sender,"[""answer""]",WITHHOLD,C,,B,True,False,False,True
da34c25b7c3c3a597290f6f2,46,answer_flip_before_send,CHECKED_TO_SENDER_CHANGED,checked -> sender,"[""answer""]",WITHHOLD,E,,D,True,False,False,True
91b60784b34a9058e934e8c4,47,answer_flip_before_send,CHECKED_TO_SENDER_CHANGED,checked -> sender,"[""answer""]",WITHHOLD,C,,B,True,False,False,True
97c33ccbc1b41ea801bb478c,48,answer_flip_before_send,CHECKED_TO_SENDER_CHANGED,checked -> sender,"[""answer""]",WITHHOLD,G,,F,True,False,False,True
1a4ea01356c49a2aea7517c1,49,answer_flip_before_send,CHECKED_TO_SENDER_CHANGED,checked -> sender,"[""answer""]",WITHHOLD,G,,F,True,False,False,True
bbb00cd2e276c5a74e582b03,50,answer_flip_before_send,CHECKED_TO_SENDER_CHANGED,checked -> sender,"[""answer""]",WITHHOLD,G,,F,True,False,False,True
8a4e663c7b7d6522a9073aaf,51,answer_flip_before_send,CHECKED_TO_SENDER_CHANGED,checked -> sender,"[""answer""]",WITHHOLD,B,,A,True,False,False,True
cb370bcaf8311a8857b8b39c,52,answer_flip_before_send,CHECKED_TO_SENDER_CHANGED,checked -> sender,"[""answer""]",WITHHOLD,D,,C,True,False,False,True
261de781e06cd3ebcfa654ea,53,answer_flip_before_send,CHECKED_TO_SENDER_CHANGED,checked -> sender,"[""answer""]",WITHHOLD,E,,D,True,False,False,True
d18314cfe56d81ccaf824a6b,54,answer_flip_before_send,CHECKED_TO_SENDER_CHANGED,checked -> sender,"[""answer""]",WITHHOLD,C,,B,True,False,False,True
e28f68138cf0b8de87995f9d,55,answer_flip_before_send,CHECKED_TO_SENDER_CHANGED,checked -> sender,"[""answer""]",WITHHOLD,F,,E,True,False,False,True
d01b5159f9a2f4192a38f6f3,56,answer_flip_before_send,CHECKED_TO_SENDER_CHANGED,checked -> sender,"[""answer""]",WITHHOLD,A,,G,True,False,False,True
0e58fef091b800cc5d12c956,57,answer_flip_before_send,CHECKED_TO_SENDER_CHANGED,checked -> sender,"[""answer""]",WITHHOLD,G,,F,True,False,False,True
9062dd551458a9ed0a495ed6,58,answer_flip_before_send,CHECKED_TO_SENDER_CHANGED,checked -> sender,"[""answer""]",WITHHOLD,E,,D,True,False,False,True
6200f143242d64b3d288954c,59,answer_flip_before_send,CHECKED_TO_SENDER_CHANGED,checked -> sender,"[""answer""]",WITHHOLD,E,,D,True,False,False,True
e382558a71a36979f7ed3755,60,answer_flip_before_send,CHECKED_TO_SENDER_CHANGED,checked -> sender,"[""answer""]",WITHHOLD,A,,G,True,False,False,True
ec6bfc2d04299d254306fe3f,61,answer_flip_before_send,CHECKED_TO_SENDER_CHANGED,checked -> sender,"[""answer""]",WITHHOLD,G,,F,True,False,False,True
8f48063277fbd807fe370159,62,answer_flip_before_send,CHECKED_TO_SENDER_CHANGED,checked -> sender,"[""answer""]",WITHHOLD,C,,B,True,False,False,True
033436094f706747a63fd354,63,answer_flip_before_send,CHECKED_TO_SENDER_CHANGED,checked -> sender,"[""answer""]",WITHHOLD,A,,G,True,False,False,True
31338d89dd035177934e8472,64,answer_flip_before_send,CHECKED_TO_SENDER_CHANGED,checked -> sender,"[""answer""]",WITHHOLD,B,,A,True,False,False,True
4df611964556c8fc49e2b125,65,answer_flip_before_send,CHECKED_TO_SENDER_CHANGED,checked -> sender,"[""answer""]",WITHHOLD,A,,G,True,False,False,True
8371310767739ca572fd9578,66,answer_flip_before_send,CHECKED_TO_SENDER_CHANGED,checked -> sender,"[""answer""]",WITHHOLD,F,,E,True,False,False,True
464244ffb8f1026911cb482b,67,answer_flip_before_send,CHECKED_TO_SENDER_CHANGED,checked -> sender,"[""answer""]",WITHHOLD,D,,C,True,False,False,True
1fb69f932257b27cdc49e256,68,answer_flip_before_send,CHECKED_TO_SENDER_CHANGED,checked -> sender,"[""answer""]",WITHHOLD,G,,F,True,False,False,True
567e7ebf6272d37510159d3a,69,answer_flip_before_send,CHECKED_TO_SENDER_CHANGED,checked -> sender,"[""answer""]",WITHHOLD,A,,G,True,False,False,True
1feaa55b7c69c620152ceb68,70,answer_flip_before_send,CHECKED_TO_SENDER_CHANGED,checked -> sender,"[""answer""]",WITHHOLD,C,,B,True,False,False,True
1bf3d39e65b98b1add1f5640,71,answer_flip_before_send,CHECKED_TO_SENDER_CHANGED,checked -> sender,"[""answer""]",WITHHOLD,D,,C,True,False,False,True
79002c85959f2d39ee43cda0,72,answer_flip_before_send,CHECKED_TO_SENDER_CHANGED,checked -> sender,"[""answer""]",WITHHOLD,G,,F,True,False,False,True
760a5286045a61c55dacfb63,73,answer_flip_before_send,CHECKED_TO_SENDER_CHANGED,checked -> sender,"[""answer""]",WITHHOLD,F,,E,True,False,False,True
776c7abd455d29e084da1682,74,answer_flip_before_send,CHECKED_TO_SENDER_CHANGED,checked -> sender,"[""answer""]",WITHHOLD,B,,A,True,False,False,True
21027b920ee6ac037034ad08,75,answer_flip_before_send,CHECKED_TO_SENDER_CHANGED,checked -> sender,"[""answer""]",WITHHOLD,D,,C,True,False,False,True
be82cfec087ad822b918db4c,76,answer_flip_before_send,CHECKED_TO_SENDER_CHANGED,checked -> sender,"[""answer""]",WITHHOLD,B,,A,True,False,False,True
714d2b6feb76b20e1c954edb,77,answer_flip_before_send,CHECKED_TO_SENDER_CHANGED,checked -> sender,"[""answer""]",WITHHOLD,A,,G,True,False,False,True
578f19085e0fc9760207ee25,78,answer_flip_before_send,CHECKED_TO_SENDER_CHANGED,checked -> sender,"[""answer""]",WITHHOLD,B,,A,True,False,False,True
28094b27c0d426817f65d889,79,answer_flip_before_send,CHECKED_TO_SENDER_CHANGED,checked -> sender,"[""answer""]",WITHHOLD,C,,B,True,False,False,True
db8b19fe6fc6685f13796821,80,answer_flip_before_send,CHECKED_TO_SENDER_CHANGED,checked -> sender,"[""answer""]",WITHHOLD,B,,A,True,False,False,True
346faffb3982208b6cbb3958,81,answer_flip_before_send,CHECKED_TO_SENDER_CHANGED,checked -> sender,"[""answer""]",WITHHOLD,E,,D,True,False,False,True
e206ea174757a8d3487df1fd,82,answer_flip_before_send,CHECKED_TO_SENDER_CHANGED,checked -> sender,"[""answer""]",WITHHOLD,F,,E,True,False,False,True
30e20ad807445fef8d67af8b,83,answer_flip_before_send,CHECKED_TO_SENDER_CHANGED,checked -> sender,"[""answer""]",WITHHOLD,B,,A,True,False,False,True
b1c82a749610f2d0d5d08614,84,answer_flip_before_send,CHECKED_TO_SENDER_CHANGED,checked -> sender,"[""answer""]",WITHHOLD,C,,B,True,False,False,True
e82a173a7c50143d42fe9b28,85,answer_flip_before_send,CHECKED_TO_SENDER_CHANGED,checked -> sender,"[""answer""]",WITHHOLD,A,,G,True,False,False,True
139d91d60c013c635759863c,86,answer_flip_before_send,CHECKED_TO_SENDER_CHANGED,checked -> sender,"[""answer""]",WITHHOLD,E,,D,True,False,False,True
a2ae4b7c8af9b0f87a1f9c79,87,answer_flip_before_send,CHECKED_TO_SENDER_CHANGED,checked -> sender,"[""answer""]",WITHHOLD,E,,D,True,False,False,True
7b0468cd7468ce17e8c76e31,88,answer_flip_before_send,CHECKED_TO_SENDER_CHANGED,checked -> sender,"[""answer""]",WITHHOLD,F,,E,True,False,False,True
c9fd8471c559fa2081003072,89,answer_flip_before_send,CHECKED_TO_SENDER_CHANGED,checked -> sender,"[""answer""]",WITHHOLD,E,,D,True,False,False,True
5d90b9666314d3291310891c,90,answer_flip_before_send,CHECKED_TO_SENDER_CHANGED,checked -> sender,"[""answer""]",WITHHOLD,G,,F,True,False,False,True
3018ea3616dbbddd0ea863fb,91,answer_flip_before_send,CHECKED_TO_SENDER_CHANGED,checked -> sender,"[""answer""]",WITHHOLD,G,,F,True,False,False,True
72df1c7a4393b33d76ca5546,92,answer_flip_before_send,CHECKED_TO_SENDER_CHANGED,checked -> sender,"[""answer""]",WITHHOLD,E,,D,True,False,False,True
c1fe414ce1c091bfbd489d4b,93,answer_flip_before_send,CHECKED_TO_SENDER_CHANGED,checked -> sender,"[""answer""]",WITHHOLD,A,,G,True,False,False,True
f3fc0688d0c64e6b95845788,94,answer_flip_before_send,CHECKED_TO_SENDER_CHANGED,checked -> sender,"[""answer""]",WITHHOLD,E,,D,True,False,False,True
95e054e233d22240460c6bfd,95,answer_flip_before_send,CHECKED_TO_SENDER_CHANGED,checked -> sender,"[""answer""]",WITHHOLD,B,,A,True,False,False,True
7fe7c40e51df817e663d1c1b,96,answer_flip_before_send,CHECKED_TO_SENDER_CHANGED,checked -> sender,"[""answer""]",WITHHOLD,A,,G,True,False,False,True
f7d525c5a932e4f528b7318a,97,answer_flip_before_send,CHECKED_TO_SENDER_CHANGED,checked -> sender,"[""answer""]",WITHHOLD,F,,E,True,False,False,True
7f89f06c91fceec7f4fb5219,98,answer_flip_before_send,CHECKED_TO_SENDER_CHANGED,checked -> sender,"[""answer""]",WITHHOLD,G,,F,True,False,False,True
5cae52adc8a69cae2834b4af,99,answer_flip_before_send,CHECKED_TO_SENDER_CHANGED,checked -> sender,"[""answer""]",WITHHOLD,E,,D,True,False,False,True
44b481fc4c329b110b26d18a,100,answer_flip_before_send,CHECKED_TO_SENDER_CHANGED,checked -> sender,"[""answer""]",WITHHOLD,B,,A,True,False,False,True
1e92b310d1f4320a934fc5c8,101,answer_flip_before_send,CHECKED_TO_SENDER_CHANGED,checked -> sender,"[""answer""]",WITHHOLD,D,,C,True,False,False,True
195816a7b2ad887311607584,102,answer_flip_before_send,CHECKED_TO_SENDER_CHANGED,checked -> sender,"[""answer""]",WITHHOLD,F,,E,True,False,False,True
1167abe8898bd408725f3cd3,103,answer_flip_before_send,CHECKED_TO_SENDER_CHANGED,checked -> sender,"[""answer""]",WITHHOLD,C,,B,True,False,False,True
e2a896d2a9947b7fdc6910eb,104,answer_flip_before_send,CHECKED_TO_SENDER_CHANGED,checked -> sender,"[""answer""]",WITHHOLD,D,,C,True,False,False,True
ae7b28955beb348d6d1cb3fa,105,answer_flip_before_send,CHECKED_TO_SENDER_CHANGED,checked -> sender,"[""answer""]",WITHHOLD,E,,D,True,False,False,True
769e8416ab3d97e6eb7cdea3,106,answer_flip_before_send,CHECKED_TO_SENDER_CHANGED,checked -> sender,"[""answer""]",WITHHOLD,C,,B,True,False,False,True
d199913ee6b70b0c7eaa2da3,107,answer_flip_before_send,CHECKED_TO_SENDER_CHANGED,checked -> sender,"[""answer""]",WITHHOLD,D,,C,True,False,False,True
fe8f6780d6abd86c13f40e9d,108,answer_flip_before_send,CHECKED_TO_SENDER_CHANGED,checked -> sender,"[""answer""]",WITHHOLD,D,,C,True,False,False,True
f94c040315d1a354a1abb624,109,answer_flip_before_send,CHECKED_TO_SENDER_CHANGED,checked -> sender,"[""answer""]",WITHHOLD,B,,A,True,False,False,True
8a690e560b2941399ef07aa0,110,answer_flip_before_send,CHECKED_TO_SENDER_CHANGED,checked -> sender,"[""answer""]",WITHHOLD,F,,E,True,False,False,True
6a31dd00d6485da2d16f3eb0,111,answer_flip_before_send,CHECKED_TO_SENDER_CHANGED,checked -> sender,"[""answer""]",WITHHOLD,C,,B,True,False,False,True
de979921222b8e169bc6afec,112,answer_flip_before_send,CHECKED_TO_SENDER_CHANGED,checked -> sender,"[""answer""]",WITHHOLD,G,,F,True,False,False,True
f207b5eb240bd2efeefee3e1,113,answer_flip_before_send,CHECKED_TO_SENDER_CHANGED,checked -> sender,"[""answer""]",WITHHOLD,C,,B,True,False,False,True
78587c3c04fc2ccd7980edeb,114,answer_flip_before_send,CHECKED_TO_SENDER_CHANGED,checked -> sender,"[""answer""]",WITHHOLD,A,,G,True,False,False,True
d1bfd6a7a283a184ed3a5a03,115,answer_flip_before_send,CHECKED_TO_SENDER_CHANGED,checked -> sender,"[""answer""]",WITHHOLD,F,,E,True,False,False,True
e88ec9775cba14373c43ccee,116,answer_flip_before_send,CHECKED_TO_SENDER_CHANGED,checked -> sender,"[""answer""]",WITHHOLD,E,,D,True,False,False,True
bc13e01e7df3d5eb430b9622,117,answer_flip_before_send,CHECKED_TO_SENDER_CHANGED,checked -> sender,"[""answer""]",WITHHOLD,E,,D,True,False,False,True
bccc0df0c070de8800460b81,118,answer_flip_before_send,CHECKED_TO_SENDER_CHANGED,checked -> sender,"[""answer""]",WITHHOLD,A,,G,True,False,False,True
bc9fe8c47b915e962d8f272b,119,answer_flip_before_send,CHECKED_TO_SENDER_CHANGED,checked -> sender,"[""answer""]",WITHHOLD,F,,E,True,False,False,True
5914e5771f27defd99c500b1,120,answer_flip_before_send,CHECKED_TO_SENDER_CHANGED,checked -> sender,"[""answer""]",WITHHOLD,E,,D,True,False,False,True
2ad916c4ae9bedea7e6d4536,121,answer_flip_before_send,CHECKED_TO_SENDER_CHANGED,checked -> sender,"[""answer""]",WITHHOLD,A,,G,True,False,False,True
63eea6bf274b6e5191868424,122,answer_flip_before_send,CHECKED_TO_SENDER_CHANGED,checked -> sender,"[""answer""]",WITHHOLD,D,,C,True,False,False,True
98a2e90574254d10d9db19b1,123,answer_flip_before_send,CHECKED_TO_SENDER_CHANGED,checked -> sender,"[""answer""]",WITHHOLD,E,,D,True,False,False,True
f753f70e15339f46a8610f00,124,answer_flip_before_send,CHECKED_TO_SENDER_CHANGED,checked -> sender,"[""answer""]",WITHHOLD,B,,A,True,False,False,True
fb23f86d9844ddca2c5ba653,125,answer_flip_before_send,CHECKED_TO_SENDER_CHANGED,checked -> sender,"[""answer""]",WITHHOLD,A,,G,True,False,False,True
d889894b8b212461bf5e0696,126,answer_flip_before_send,CHECKED_TO_SENDER_CHANGED,checked -> sender,"[""answer""]",WITHHOLD,E,,D,True,False,False,True
a8d798d7c82205ed6a791af5,127,answer_flip_before_send,CHECKED_TO_SENDER_CHANGED,checked -> sender,"[""answer""]",WITHHOLD,G,,F,True,False,False,True
bb1fbba5b33da123f5482fc9,128,answer_flip_before_send,CHECKED_TO_SENDER_CHANGED,checked -> sender,"[""answer""]",WITHHOLD,C,,B,True,False,False,True
db44edc2083441481b5c453d,129,answer_flip_before_send,CHECKED_TO_SENDER_CHANGED,checked -> sender,"[""answer""]",WITHHOLD,B,,A,True,False,False,True
3939e033db66c039db09c95e,130,answer_flip_before_send,CHECKED_TO_SENDER_CHANGED,checked -> sender,"[""answer""]",WITHHOLD,D,,C,True,False,False,True
4ae4f1c097fdce57ca15b3db,131,answer_flip_before_send,CHECKED_TO_SENDER_CHANGED,checked -> sender,"[""answer""]",WITHHOLD,A,,G,True,False,False,True
60645c64bbc949e083f327ca,132,answer_flip_before_send,CHECKED_TO_SENDER_CHANGED,checked -> sender,"[""answer""]",WITHHOLD,B,,A,True,False,False,True
8899d5c35cb85bafaccea30f,133,answer_flip_before_send,CHECKED_TO_SENDER_CHANGED,checked -> sender,"[""answer""]",WITHHOLD,C,,B,True,False,False,True
eb933f764d6994711f69e445,134,answer_flip_before_send,CHECKED_TO_SENDER_CHANGED,checked -> sender,"[""answer""]",WITHHOLD,A,,G,True,False,False,True
4bc5d05000350a8a5e746baa,135,answer_flip_before_send,CHECKED_TO_SENDER_CHANGED,checked -> sender,"[""answer""]",WITHHOLD,E,,D,True,False,False,True
820b8dda22542034ac704136,136,answer_flip_before_send,CHECKED_TO_SENDER_CHANGED,checked -> sender,"[""answer""]",WITHHOLD,C,,B,True,False,False,True
09d18830c697cc9f18da4712,137,answer_flip_before_send,CHECKED_TO_SENDER_CHANGED,checked -> sender,"[""answer""]",WITHHOLD,F,,E,True,False,False,True
1d819a5113c43f93986ee89a,138,answer_flip_before_send,CHECKED_TO_SENDER_CHANGED,checked -> sender,"[""answer""]",WITHHOLD,A,,G,True,False,False,True
d01e25004f521898f63e54fe,139,answer_flip_before_send,CHECKED_TO_SENDER_CHANGED,checked -> sender,"[""answer""]",WITHHOLD,F,,E,True,False,False,True
2355467fd138bebe63f49064,140,answer_flip_before_send,CHECKED_TO_SENDER_CHANGED,checked -> sender,"[""answer""]",WITHHOLD,F,,E,True,False,False,True
3c5d66c03d1ed6d11236cda7,141,answer_flip_before_send,CHECKED_TO_SENDER_CHANGED,checked -> sender,"[""answer""]",WITHHOLD,D,,C,True,False,False,True
89b73e1f86a6916dacd55529,142,answer_flip_before_send,CHECKED_TO_SENDER_CHANGED,checked -> sender,"[""answer""]",WITHHOLD,E,,D,True,False,False,True
141bb5dc7eb5829d92f3d763,143,answer_flip_before_send,CHECKED_TO_SENDER_CHANGED,checked -> sender,"[""answer""]",WITHHOLD,C,,B,True,False,False,True
09abd2655fe3c2175213197e,144,answer_flip_before_send,CHECKED_TO_SENDER_CHANGED,checked -> sender,"[""answer""]",WITHHOLD,F,,E,True,False,False,True
d72c635ca0ac54570b3f568e,145,answer_flip_before_send,CHECKED_TO_SENDER_CHANGED,checked -> sender,"[""answer""]",WITHHOLD,C,,B,True,False,False,True
deb4aaf332cfb0a8c9b29f0d,146,answer_flip_before_send,CHECKED_TO_SENDER_CHANGED,checked -> sender,"[""answer""]",WITHHOLD,E,,D,True,False,False,True
e2ebc09763e46d0faa053655,147,answer_flip_before_send,CHECKED_TO_SENDER_CHANGED,checked -> sender,"[""answer""]",WITHHOLD,G,,F,True,False,False,True
ca622e536a6834db650ac44d,148,answer_flip_before_send,CHECKED_TO_SENDER_CHANGED,checked -> sender,"[""answer""]",WITHHOLD,F,,E,True,False,False,True
9595a23c687a24646f36176e,149,answer_flip_before_send,CHECKED_TO_SENDER_CHANGED,checked -> sender,"[""answer""]",WITHHOLD,G,,F,True,False,False,True
2eace726554d1c92aea693e3,150,answer_flip_before_send,CHECKED_TO_SENDER_CHANGED,checked -> sender,"[""answer""]",WITHHOLD,E,,D,True,False,False,True
dcdcc76b47fcad63530c0dfe,151,answer_flip_before_send,CHECKED_TO_SENDER_CHANGED,checked -> sender,"[""answer""]",WITHHOLD,D,,C,True,False,False,True
9c6aaa26178bb5b5bc6494b2,152,answer_flip_before_send,CHECKED_TO_SENDER_CHANGED,checked -> sender,"[""answer""]",WITHHOLD,D,,C,True,False,False,True
ba7978167e4dc905c9582d68,153,answer_flip_before_send,CHECKED_TO_SENDER_CHANGED,checked -> sender,"[""answer""]",WITHHOLD,G,,F,True,False,False,True
7ceb36330cf0c7c97c859427,154,answer_flip_before_send,CHECKED_TO_SENDER_CHANGED,checked -> sender,"[""answer""]",WITHHOLD,D,,C,True,False,False,True
5272ef3fbe7e131d46bdc8af,155,answer_flip_before_send,CHECKED_TO_SENDER_CHANGED,checked -> sender,"[""answer""]",WITHHOLD,F,,E,True,False,False,True
9a73f9716960ae603b81c75c,156,answer_flip_before_send,CHECKED_TO_SENDER_CHANGED,checked -> sender,"[""answer""]",WITHHOLD,C,,B,True,False,False,True
c8d800c549621588fcd8010b,157,answer_flip_before_send,CHECKED_TO_SENDER_CHANGED,checked -> sender,"[""answer""]",WITHHOLD,D,,C,True,False,False,True
4927a42570810b6ac0ec0574,158,answer_flip_before_send,CHECKED_TO_SENDER_CHANGED,checked -> sender,"[""answer""]",WITHHOLD,C,,B,True,False,False,True
37716953b4c105f3b2af12a4,159,answer_flip_before_send,CHECKED_TO_SENDER_CHANGED,checked -> sender,"[""answer""]",WITHHOLD,F,,E,True,False,False,True
637360add1b492b269b34b5c,160,answer_flip_before_send,CHECKED_TO_SENDER_CHANGED,checked -> sender,"[""answer""]",WITHHOLD,F,,E,True,False,False,True
bbfa54751242a4e6a3266541,161,answer_flip_before_send,CHECKED_TO_SENDER_CHANGED,checked -> sender,"[""answer""]",WITHHOLD,B,,A,True,False,False,True
31a14137c4a66c9740b04535,162,answer_flip_before_send,CHECKED_TO_SENDER_CHANGED,checked -> sender,"[""answer""]",WITHHOLD,G,,F,True,False,False,True
cf29f8c97cf057efd8b69aab,163,answer_flip_before_send,CHECKED_TO_SENDER_CHANGED,checked -> sender,"[""answer""]",WITHHOLD,F,,E,True,False,False,True
3141791c378f2c843ae0f93a,164,answer_flip_before_send,CHECKED_TO_SENDER_CHANGED,checked -> sender,"[""answer""]",WITHHOLD,B,,A,True,False,False,True
ac205adbdfa5f338e262d783,165,answer_flip_before_send,CHECKED_TO_SENDER_CHANGED,checked -> sender,"[""answer""]",WITHHOLD,C,,B,True,False,False,True
9ae1ea4ec485e83009ab4693,166,answer_flip_before_send,CHECKED_TO_SENDER_CHANGED,checked -> sender,"[""answer""]",WITHHOLD,D,,C,True,False,False,True
2fc6d0174cb746cddf42a3f3,167,answer_flip_before_send,CHECKED_TO_SENDER_CHANGED,checked -> sender,"[""answer""]",WITHHOLD,A,,G,True,False,False,True
684326af23f04c3bcace14ab,168,answer_flip_before_send,CHECKED_TO_SENDER_CHANGED,checked -> sender,"[""answer""]",WITHHOLD,G,,F,True,False,False,True
b155263d0bd217c3ecba32b3,169,answer_flip_before_send,CHECKED_TO_SENDER_CHANGED,checked -> sender,"[""answer""]",WITHHOLD,D,,C,True,False,False,True
750caa9c6031f9540392ad76,170,answer_flip_before_send,CHECKED_TO_SENDER_CHANGED,checked -> sender,"[""answer""]",WITHHOLD,B,,A,True,False,False,True
474f96685c17c9cbb5fb2475,171,answer_flip_before_send,CHECKED_TO_SENDER_CHANGED,checked -> sender,"[""answer""]",WITHHOLD,D,,C,True,False,False,True
4b1ac67678617e69c7d63de7,172,answer_flip_before_send,CHECKED_TO_SENDER_CHANGED,checked -> sender,"[""answer""]",WITHHOLD,B,,A,True,False,False,True
963f037fe73afd13ef0a0657,173,answer_flip_before_send,CHECKED_TO_SENDER_CHANGED,checked -> sender,"[""answer""]",WITHHOLD,F,,E,True,False,False,True
0ed96d71b138e57640a801a1,174,answer_flip_before_send,CHECKED_TO_SENDER_CHANGED,checked -> sender,"[""answer""]",WITHHOLD,G,,F,True,False,False,True
d46089499eac8ae4dc889b23,175,answer_flip_before_send,CHECKED_TO_SENDER_CHANGED,checked -> sender,"[""answer""]",WITHHOLD,A,,G,True,False,False,True
c765aac04b1349edc6f1c9dc,176,answer_flip_before_send,CHECKED_TO_SENDER_CHANGED,checked -> sender,"[""answer""]",WITHHOLD,G,,F,True,False,False,True
39fb45f5ff544891da5c4fb8,177,answer_flip_before_send,CHECKED_TO_SENDER_CHANGED,checked -> sender,"[""answer""]",WITHHOLD,G,,F,True,False,False,True
e711c91081d536d151752f99,178,answer_flip_before_send,CHECKED_TO_SENDER_CHANGED,checked -> sender,"[""answer""]",WITHHOLD,B,,A,True,False,False,True
33ae769e4d9885545630d107,179,answer_flip_before_send,CHECKED_TO_SENDER_CHANGED,checked -> sender,"[""answer""]",WITHHOLD,C,,B,True,False,False,True
ecbd7c68564a9486ff5e77fc,180,answer_flip_before_send,CHECKED_TO_SENDER_CHANGED,checked -> sender,"[""answer""]",WITHHOLD,A,,G,True,False,False,True
cecaea1cddfec0fbdcfb7ee2,181,answer_flip_before_send,CHECKED_TO_SENDER_CHANGED,checked -> sender,"[""answer""]",WITHHOLD,B,,A,True,False,False,True
ac80c2abca6f9067e3471242,182,answer_flip_before_send,CHECKED_TO_SENDER_CHANGED,checked -> sender,"[""answer""]",WITHHOLD,D,,C,True,False,False,True
4a2f83d46fe8034620833cfd,183,answer_flip_before_send,CHECKED_TO_SENDER_CHANGED,checked -> sender,"[""answer""]",WITHHOLD,C,,B,True,False,False,True
2cbc460ddefc7edc8832c3f3,184,answer_flip_before_send,CHECKED_TO_SENDER_CHANGED,checked -> sender,"[""answer""]",WITHHOLD,E,,D,True,False,False,True
75083bc0bfa386ced5f4c128,185,answer_flip_before_send,CHECKED_TO_SENDER_CHANGED,checked -> sender,"[""answer""]",WITHHOLD,B,,A,True,False,False,True
4339e97da4bc900ae62f8d8d,186,answer_flip_before_send,CHECKED_TO_SENDER_CHANGED,checked -> sender,"[""answer""]",WITHHOLD,A,,G,True,False,False,True
0737c12302cda210145c333a,187,answer_flip_before_send,CHECKED_TO_SENDER_CHANGED,checked -> sender,"[""answer""]",WITHHOLD,C,,B,True,False,False,True
9fa2d4679e69674eff916443,188,answer_flip_before_send,CHECKED_TO_SENDER_CHANGED,checked -> sender,"[""answer""]",WITHHOLD,D,,C,True,False,False,True
e419f42a2a0e972c10d91aa4,189,answer_flip_before_send,CHECKED_TO_SENDER_CHANGED,checked -> sender,"[""answer""]",WITHHOLD,C,,B,True,False,False,True
0870e95bcb7ba331d86d54f2,190,answer_flip_before_send,CHECKED_TO_SENDER_CHANGED,checked -> sender,"[""answer""]",WITHHOLD,C,,B,True,False,False,True
c261c1055b6013f10fc1a8ea,191,answer_flip_before_send,CHECKED_TO_SENDER_CHANGED,checked -> sender,"[""answer""]",WITHHOLD,F,,E,True,False,False,True
f10c6f21b5e6417f4fc6780a,192,answer_flip_before_send,CHECKED_TO_SENDER_CHANGED,checked -> sender,"[""answer""]",WITHHOLD,F,,E,True,False,False,True
d0562342f9961f708922d19c,193,answer_flip_before_send,CHECKED_TO_SENDER_CHANGED,checked -> sender,"[""answer""]",WITHHOLD,D,,C,True,False,False,True
30247a4f20f714650752b4e7,194,answer_flip_before_send,CHECKED_TO_SENDER_CHANGED,checked -> sender,"[""answer""]",WITHHOLD,A,,G,True,False,False,True
af3c8f29171c691485af0056,195,answer_flip_before_send,CHECKED_TO_SENDER_CHANGED,checked -> sender,"[""answer""]",WITHHOLD,D,,C,True,False,False,True
3963fe748de6c733fb6754f9,196,answer_flip_before_send,CHECKED_TO_SENDER_CHANGED,checked -> sender,"[""answer""]",WITHHOLD,E,,D,True,False,False,True
76a9c8c2dcf9cd0d2b61c2dc,197,answer_flip_before_send,CHECKED_TO_SENDER_CHANGED,checked -> sender,"[""answer""]",WITHHOLD,F,,E,True,False,False,True
9adfdb92d06d52ea49e2d676,198,answer_flip_before_send,CHECKED_TO_SENDER_CHANGED,checked -> sender,"[""answer""]",WITHHOLD,C,,B,True,False,False,True
753803be555aa355074eceaa,199,answer_flip_before_send,CHECKED_TO_SENDER_CHANGED,checked -> sender,"[""answer""]",WITHHOLD,E,,D,True,False,False,True
da5fc13c783ce72eae278086,200,answer_flip_before_send,CHECKED_TO_SENDER_CHANGED,checked -> sender,"[""answer""]",WITHHOLD,F,,E,True,False,False,True
7fa3d79a022919b21a3eea78,201,answer_flip_before_send,CHECKED_TO_SENDER_CHANGED,checked -> sender,"[""answer""]",WITHHOLD,C,,B,True,False,False,True
61b31ece15b8b6e87ab52ac7,202,answer_flip_before_send,CHECKED_TO_SENDER_CHANGED,checked -> sender,"[""answer""]",WITHHOLD,C,,B,True,False,False,True
d3142a05178d252f53e87a75,203,answer_flip_before_send,CHECKED_TO_SENDER_CHANGED,checked -> sender,"[""answer""]",WITHHOLD,A,,G,True,False,False,True
bbeb87ee14809a75205ed106,204,answer_flip_before_send,CHECKED_TO_SENDER_CHANGED,checked -> sender,"[""answer""]",WITHHOLD,B,,A,True,False,False,True
25a1d80d1b33f244883eb460,205,answer_flip_before_send,CHECKED_TO_SENDER_CHANGED,checked -> sender,"[""answer""]",WITHHOLD,E,,D,True,False,False,True
9c4f852147cc88b5df1cd20f,206,answer_flip_before_send,CHECKED_TO_SENDER_CHANGED,checked -> sender,"[""answer""]",WITHHOLD,C,,B,True,False,False,True
979c8ab3960b0289f7d15901,207,answer_flip_before_send,CHECKED_TO_SENDER_CHANGED,checked -> sender,"[""answer""]",WITHHOLD,B,,A,True,False,False,True
32f806035bdcf955d1559180,208,answer_flip_before_send,CHECKED_TO_SENDER_CHANGED,checked -> sender,"[""answer""]",WITHHOLD,F,,E,True,False,False,True
0ced5a9e5dcb24df93269b38,209,answer_flip_before_send,CHECKED_TO_SENDER_CHANGED,checked -> sender,"[""answer""]",WITHHOLD,A,,G,True,False,False,True
1c1a4c703894a04fae1c7c0a,210,answer_flip_before_send,CHECKED_TO_SENDER_CHANGED,checked -> sender,"[""answer""]",WITHHOLD,D,,C,True,False,False,True
c7871b8e18c40a893425c9bf,211,answer_flip_before_send,CHECKED_TO_SENDER_CHANGED,checked -> sender,"[""answer""]",WITHHOLD,D,,C,True,False,False,True
c9413f93435f04b8cb2cfc73,212,answer_flip_before_send,CHECKED_TO_SENDER_CHANGED,checked -> sender,"[""answer""]",WITHHOLD,A,,G,True,False,False,True
ce5659133c3145780a05a5f0,213,answer_flip_before_send,CHECKED_TO_SENDER_CHANGED,checked -> sender,"[""answer""]",WITHHOLD,G,,F,True,False,False,True
7a47f6d8ca4d4686487a886a,214,answer_flip_before_send,CHECKED_TO_SENDER_CHANGED,checked -> sender,"[""answer""]",WITHHOLD,D,,C,True,False,False,True
88e0033b6e06af7bc317b26b,215,answer_flip_before_send,CHECKED_TO_SENDER_CHANGED,checked -> sender,"[""answer""]",WITHHOLD,E,,D,True,False,False,True
c5d2d627e5fcab74086f8ca4,216,answer_flip_before_send,CHECKED_TO_SENDER_CHANGED,checked -> sender,"[""answer""]",WITHHOLD,E,,D,True,False,False,True
a4182c5f56351162d3cf99cb,217,answer_flip_before_send,CHECKED_TO_SENDER_CHANGED,checked -> sender,"[""answer""]",WITHHOLD,C,,B,True,False,False,True
6b5c157fe44acc12abcf8a32,218,answer_flip_before_send,CHECKED_TO_SENDER_CHANGED,checked -> sender,"[""answer""]",WITHHOLD,E,,D,True,False,False,True
adc390718ff3a8da109432b6,219,answer_flip_before_send,CHECKED_TO_SENDER_CHANGED,checked -> sender,"[""answer""]",WITHHOLD,B,,A,True,False,False,True
b52f5c1163eb450f058a5bbc,220,answer_flip_before_send,CHECKED_TO_SENDER_CHANGED,checked -> sender,"[""answer""]",WITHHOLD,A,,G,True,False,False,True
7a4ea9c481cfe31bfcf3df5b,221,answer_flip_before_send,CHECKED_TO_SENDER_CHANGED,checked -> sender,"[""answer""]",WITHHOLD,C,,B,True,False,False,True
2055f2b0a00f728cce4d23a4,222,answer_flip_before_send,CHECKED_TO_SENDER_CHANGED,checked -> sender,"[""answer""]",WITHHOLD,D,,C,True,False,False,True
62323ecbcb7504a931699e38,223,answer_flip_before_send,CHECKED_TO_SENDER_CHANGED,checked -> sender,"[""answer""]",WITHHOLD,A,,G,True,False,False,True
7bf546f89cfb23450be9a8b5,224,answer_flip_before_send,CHECKED_TO_SENDER_CHANGED,checked -> sender,"[""answer""]",WITHHOLD,E,,D,True,False,False,True
f6c6907cf7106b15ac05c830,225,answer_flip_before_send,CHECKED_TO_SENDER_CHANGED,checked -> sender,"[""answer""]",WITHHOLD,G,,F,True,False,False,True
159c2fad294144e061b4f7a7,226,answer_flip_before_send,CHECKED_TO_SENDER_CHANGED,checked -> sender,"[""answer""]",WITHHOLD,C,,B,True,False,False,True
b6edd2396f2b0b854816ce22,227,answer_flip_before_send,CHECKED_TO_SENDER_CHANGED,checked -> sender,"[""answer""]",WITHHOLD,D,,C,True,False,False,True
2de117e5218a4ca641d72b6d,228,answer_flip_before_send,CHECKED_TO_SENDER_CHANGED,checked -> sender,"[""answer""]",WITHHOLD,F,,E,True,False,False,True
2ca697dd6926a9bc710889e6,229,answer_flip_before_send,CHECKED_TO_SENDER_CHANGED,checked -> sender,"[""answer""]",WITHHOLD,F,,E,True,False,False,True
e9a7670a97e9d2b5914e0c05,230,answer_flip_before_send,CHECKED_TO_SENDER_CHANGED,checked -> sender,"[""answer""]",WITHHOLD,G,,F,True,False,False,True
7c09c41492962911012b640f,231,answer_flip_before_send,CHECKED_TO_SENDER_CHANGED,checked -> sender,"[""answer""]",WITHHOLD,G,,F,True,False,False,True
c0143a48dfe26bc0964f322d,232,answer_flip_before_send,CHECKED_TO_SENDER_CHANGED,checked -> sender,"[""answer""]",WITHHOLD,A,,G,True,False,False,True
82ccd81369174df1269ddf7c,233,answer_flip_before_send,CHECKED_TO_SENDER_CHANGED,checked -> sender,"[""answer""]",WITHHOLD,D,,C,True,False,False,True
35b0fe8986c54ccf392992fe,234,answer_flip_before_send,CHECKED_TO_SENDER_CHANGED,checked -> sender,"[""answer""]",WITHHOLD,C,,B,True,False,False,True
baa882ae8a5071ab218e931b,235,answer_flip_before_send,CHECKED_TO_SENDER_CHANGED,checked -> sender,"[""answer""]",WITHHOLD,B,,A,True,False,False,True
20f40d2d117833aab46299e9,236,answer_flip_before_send,CHECKED_TO_SENDER_CHANGED,checked -> sender,"[""answer""]",WITHHOLD,G,,F,True,False,False,True
f47b7dcf367d1026d1749a9a,237,answer_flip_before_send,CHECKED_TO_SENDER_CHANGED,checked -> sender,"[""answer""]",WITHHOLD,B,,A,True,False,False,True
fc3eee96e219f2525ec02658,238,answer_flip_before_send,CHECKED_TO_SENDER_CHANGED,checked -> sender,"[""answer""]",WITHHOLD,G,,F,True,False,False,True
ef988b434e033ae7af4ea41d,239,answer_flip_before_send,CHECKED_TO_SENDER_CHANGED,checked -> sender,"[""answer""]",WITHHOLD,G,,F,True,False,False,True
bc5535c9e839916a8ac77682,240,answer_flip_before_send,CHECKED_TO_SENDER_CHANGED,checked -> sender,"[""answer""]",WITHHOLD,F,,E,True,False,False,True
788e09ab359d8e60c8d32728,241,answer_flip_before_send,CHECKED_TO_SENDER_CHANGED,checked -> sender,"[""answer""]",WITHHOLD,A,,G,True,False,False,True
caa782385a4d91a1c74242ac,242,answer_flip_before_send,CHECKED_TO_SENDER_CHANGED,checked -> sender,"[""answer""]",WITHHOLD,G,,F,True,False,False,True
3a6bf35785861b2574873e42,243,answer_flip_before_send,CHECKED_TO_SENDER_CHANGED,checked -> sender,"[""answer""]",WITHHOLD,D,,C,True,False,False,True
aede19c7a82f728c5e6d7a45,244,answer_flip_before_send,CHECKED_TO_SENDER_CHANGED,checked -> sender,"[""answer""]",WITHHOLD,D,,C,True,False,False,True
9fc575d0e8a27bd6e2c5a700,245,answer_flip_before_send,CHECKED_TO_SENDER_CHANGED,checked -> sender,"[""answer""]",WITHHOLD,B,,A,True,False,False,True
93ccaed5d5341f604ed9b6ed,246,answer_flip_before_send,CHECKED_TO_SENDER_CHANGED,checked -> sender,"[""answer""]",WITHHOLD,E,,D,True,False,False,True
a0da851adab40f85e7bbca75,247,answer_flip_before_send,CHECKED_TO_SENDER_CHANGED,checked -> sender,"[""answer""]",WITHHOLD,B,,A,True,False,False,True
6bd216432d9e9c717978a13e,248,answer_flip_before_send,CHECKED_TO_SENDER_CHANGED,checked -> sender,"[""answer""]",WITHHOLD,G,,F,True,False,False,True
60072be9de10f461b735ab6f,249,answer_flip_before_send,CHECKED_TO_SENDER_CHANGED,checked -> sender,"[""answer""]",WITHHOLD,E,,D,True,False,False,True
cf733c6c4211ba88a93b0586,0,answer_flip_in_transit,SENDER_TO_RECEIVER_CHANGED,sender -> receiver,"[""answer""]",WITHHOLD,E,,D,True,False,False,True
78d81ce4a55e2f711454957f,1,answer_flip_in_transit,SENDER_TO_RECEIVER_CHANGED,sender -> receiver,"[""answer""]",WITHHOLD,C,,B,True,False,False,True
7c11d55187add3fbb7b67d66,2,answer_flip_in_transit,SENDER_TO_RECEIVER_CHANGED,sender -> receiver,"[""answer""]",WITHHOLD,B,,A,True,False,False,True
6e85a6bd9e333d9fff0d7d86,3,answer_flip_in_transit,SENDER_TO_RECEIVER_CHANGED,sender -> receiver,"[""answer""]",WITHHOLD,B,,A,True,False,False,True
adbad77d0fb26a256eb674bf,4,answer_flip_in_transit,SENDER_TO_RECEIVER_CHANGED,sender -> receiver,"[""answer""]",WITHHOLD,G,,F,True,False,False,True
d19368c5f2c8eb61afcaa8df,5,answer_flip_in_transit,SENDER_TO_RECEIVER_CHANGED,sender -> receiver,"[""answer""]",WITHHOLD,C,,B,True,False,False,True
223f63b803d468dd858734ed,6,answer_flip_in_transit,SENDER_TO_RECEIVER_CHANGED,sender -> receiver,"[""answer""]",WITHHOLD,F,,E,True,False,False,True
473e98293b2c33cd4f8ccb85,7,answer_flip_in_transit,SENDER_TO_RECEIVER_CHANGED,sender -> receiver,"[""answer""]",WITHHOLD,C,,B,True,False,False,True
1d0449b17b08249f62cb79c2,8,answer_flip_in_transit,SENDER_TO_RECEIVER_CHANGED,sender -> receiver,"[""answer""]",WITHHOLD,D,,C,True,False,False,True
8b8126380874f8991a850cc3,9,answer_flip_in_transit,SENDER_TO_RECEIVER_CHANGED,sender -> receiver,"[""answer""]",WITHHOLD,C,,B,True,False,False,True
998c65a94ff4af1345c6560f,10,answer_flip_in_transit,SENDER_TO_RECEIVER_CHANGED,sender -> receiver,"[""answer""]",WITHHOLD,A,,G,True,False,False,True
d60fad8c7b96883f3d0b1fc1,11,answer_flip_in_transit,SENDER_TO_RECEIVER_CHANGED,sender -> receiver,"[""answer""]",WITHHOLD,D,,C,True,False,False,True
1e911c7aa85b45c55ad4ef54,12,answer_flip_in_transit,SENDER_TO_RECEIVER_CHANGED,sender -> receiver,"[""answer""]",WITHHOLD,E,,D,True,False,False,True
ac7e31960768d89032bf1026,13,answer_flip_in_transit,SENDER_TO_RECEIVER_CHANGED,sender -> receiver,"[""answer""]",WITHHOLD,G,,F,True,False,False,True
3b8ec17df57075c416f5206e,14,answer_flip_in_transit,SENDER_TO_RECEIVER_CHANGED,sender -> receiver,"[""answer""]",WITHHOLD,B,,A,True,False,False,True
2ea4e9709c1120d4909c7040,15,answer_flip_in_transit,SENDER_TO_RECEIVER_CHANGED,sender -> receiver,"[""answer""]",WITHHOLD,F,,E,True,False,False,True
4ad9887b1d2a22483f74fc35,16,answer_flip_in_transit,SENDER_TO_RECEIVER_CHANGED,sender -> receiver,"[""answer""]",WITHHOLD,C,,B,True,False,False,True
08a90249cc8cd7102661fca5,17,answer_flip_in_transit,SENDER_TO_RECEIVER_CHANGED,sender -> receiver,"[""answer""]",WITHHOLD,F,,E,True,False,False,True
913991caaa235dda616aba9d,18,answer_flip_in_transit,SENDER_TO_RECEIVER_CHANGED,sender -> receiver,"[""answer""]",WITHHOLD,A,,G,True,False,False,True
efc2fa3ffd00e4577d5cbab8,19,answer_flip_in_transit,SENDER_TO_RECEIVER_CHANGED,sender -> receiver,"[""answer""]",WITHHOLD,B,,A,True,False,False,True
4f1867b8103399aebdea2ea7,20,answer_flip_in_transit,SENDER_TO_RECEIVER_CHANGED,sender -> receiver,"[""answer""]",WITHHOLD,E,,D,True,False,False,True
69055a0c47bd29a7ce76dc41,21,answer_flip_in_transit,SENDER_TO_RECEIVER_CHANGED,sender -> receiver,"[""answer""]",WITHHOLD,D,,C,True,False,False,True
e0038e34bfa2a171a118203b,22,answer_flip_in_transit,SENDER_TO_RECEIVER_CHANGED,sender -> receiver,"[""answer""]",WITHHOLD,B,,A,True,False,False,True
3312177ef7659f97776faa28,23,answer_flip_in_transit,SENDER_TO_RECEIVER_CHANGED,sender -> receiver,"[""answer""]",WITHHOLD,F,,E,True,False,False,True
51d1bc3d29b78eab1932dcb6,24,answer_flip_in_transit,SENDER_TO_RECEIVER_CHANGED,sender -> receiver,"[""answer""]",WITHHOLD,E,,D,True,False,False,True
fead519f90343ec62542909f,25,answer_flip_in_transit,SENDER_TO_RECEIVER_CHANGED,sender -> receiver,"[""answer""]",WITHHOLD,B,,A,True,False,False,True
25bd5910304a54c7ca7629c5,26,answer_flip_in_transit,SENDER_TO_RECEIVER_CHANGED,sender -> receiver,"[""answer""]",WITHHOLD,G,,F,True,False,False,True
6f1c4c14fdafddc4f09c7a73,27,answer_flip_in_transit,SENDER_TO_RECEIVER_CHANGED,sender -> receiver,"[""answer""]",WITHHOLD,D,,C,True,False,False,True
90302785a06dc33a55d5114f,28,answer_flip_in_transit,SENDER_TO_RECEIVER_CHANGED,sender -> receiver,"[""answer""]",WITHHOLD,C,,B,True,False,False,True
7d767f07972cf892520b2e10,29,answer_flip_in_transit,SENDER_TO_RECEIVER_CHANGED,sender -> receiver,"[""answer""]",WITHHOLD,F,,E,True,False,False,True
3b180c6a6410d155e703e7ad,30,answer_flip_in_transit,SENDER_TO_RECEIVER_CHANGED,sender -> receiver,"[""answer""]",WITHHOLD,D,,C,True,False,False,True
cda8d9afc50cae8f6993fc84,31,answer_flip_in_transit,SENDER_TO_RECEIVER_CHANGED,sender -> receiver,"[""answer""]",WITHHOLD,E,,D,True,False,False,True
cfd5f5e4471527d822dd590b,32,answer_flip_in_transit,SENDER_TO_RECEIVER_CHANGED,sender -> receiver,"[""answer""]",WITHHOLD,D,,C,True,False,False,True
62bcc741566283d5b4399b9d,33,answer_flip_in_transit,SENDER_TO_RECEIVER_CHANGED,sender -> receiver,"[""answer""]",WITHHOLD,B,,A,True,False,False,True
9d2fe9c00d4cab0d6155e647,34,answer_flip_in_transit,SENDER_TO_RECEIVER_CHANGED,sender -> receiver,"[""answer""]",WITHHOLD,A,,G,True,False,False,True
b6788abeef12e507da7d95b7,35,answer_flip_in_transit,SENDER_TO_RECEIVER_CHANGED,sender -> receiver,"[""answer""]",WITHHOLD,B,,A,True,False,False,True
f53525fb6eb81ea44a755468,36,answer_flip_in_transit,SENDER_TO_RECEIVER_CHANGED,sender -> receiver,"[""answer""]",WITHHOLD,G,,F,True,False,False,True
7dc736fd373548f6d54db9b4,37,answer_flip_in_transit,SENDER_TO_RECEIVER_CHANGED,sender -> receiver,"[""answer""]",WITHHOLD,D,,C,True,False,False,True
f1d904ea461ce609d6436b47,38,answer_flip_in_transit,SENDER_TO_RECEIVER_CHANGED,sender -> receiver,"[""answer""]",WITHHOLD,B,,A,True,False,False,True
f804d5f307a1df837aaf88dd,39,answer_flip_in_transit,SENDER_TO_RECEIVER_CHANGED,sender -> receiver,"[""answer""]",WITHHOLD,A,,G,True,False,False,True
abe85d4f8d6e57d22ab8e46c,40,answer_flip_in_transit,SENDER_TO_RECEIVER_CHANGED,sender -> receiver,"[""answer""]",WITHHOLD,D,,C,True,False,False,True
7ec52cf58b0fe5eb8a90d907,41,answer_flip_in_transit,SENDER_TO_RECEIVER_CHANGED,sender -> receiver,"[""answer""]",WITHHOLD,E,,D,True,False,False,True
831b9d89fb5a1c97a83fc8b0,42,answer_flip_in_transit,SENDER_TO_RECEIVER_CHANGED,sender -> receiver,"[""answer""]",WITHHOLD,F,,E,True,False,False,True
051b1e0e346222e17e716fa5,43,answer_flip_in_transit,SENDER_TO_RECEIVER_CHANGED,sender -> receiver,"[""answer""]",WITHHOLD,E,,D,True,False,False,True
4d86b9c055eed963236d96b6,44,answer_flip_in_transit,SENDER_TO_RECEIVER_CHANGED,sender -> receiver,"[""answer""]",WITHHOLD,B,,A,True,False,False,True
83c09b6173f4598dc946bb37,45,answer_flip_in_transit,SENDER_TO_RECEIVER_CHANGED,sender -> receiver,"[""answer""]",WITHHOLD,C,,B,True,False,False,True
a315f0d4eca9288635ce7f5d,46,answer_flip_in_transit,SENDER_TO_RECEIVER_CHANGED,sender -> receiver,"[""answer""]",WITHHOLD,E,,D,True,False,False,True
5f668e39164272821c83b612,47,answer_flip_in_transit,SENDER_TO_RECEIVER_CHANGED,sender -> receiver,"[""answer""]",WITHHOLD,C,,B,True,False,False,True
ca828279cda60ee51ae700cd,48,answer_flip_in_transit,SENDER_TO_RECEIVER_CHANGED,sender -> receiver,"[""answer""]",WITHHOLD,G,,F,True,False,False,True
e080ffbc4ed46edf6262b497,49,answer_flip_in_transit,SENDER_TO_RECEIVER_CHANGED,sender -> receiver,"[""answer""]",WITHHOLD,G,,F,True,False,False,True
730f19fd780f8bc2e1b5aef3,50,answer_flip_in_transit,SENDER_TO_RECEIVER_CHANGED,sender -> receiver,"[""answer""]",WITHHOLD,G,,F,True,False,False,True
ca83896ec8b72852d57a2b45,51,answer_flip_in_transit,SENDER_TO_RECEIVER_CHANGED,sender -> receiver,"[""answer""]",WITHHOLD,B,,A,True,False,False,True
75d49a39d8d3f52d1ac3a2a4,52,answer_flip_in_transit,SENDER_TO_RECEIVER_CHANGED,sender -> receiver,"[""answer""]",WITHHOLD,D,,C,True,False,False,True
bddd57c93cb01b038f9ae92f,53,answer_flip_in_transit,SENDER_TO_RECEIVER_CHANGED,sender -> receiver,"[""answer""]",WITHHOLD,E,,D,True,False,False,True
8f2bc87c8d2197bc48879d0f,54,answer_flip_in_transit,SENDER_TO_RECEIVER_CHANGED,sender -> receiver,"[""answer""]",WITHHOLD,C,,B,True,False,False,True
c6598c1651d29e815b1546c9,55,answer_flip_in_transit,SENDER_TO_RECEIVER_CHANGED,sender -> receiver,"[""answer""]",WITHHOLD,F,,E,True,False,False,True
eb44a47b72f6c9670f0231d9,56,answer_flip_in_transit,SENDER_TO_RECEIVER_CHANGED,sender -> receiver,"[""answer""]",WITHHOLD,A,,G,True,False,False,True
3e2cfc2fb906c4a9dc0df56e,57,answer_flip_in_transit,SENDER_TO_RECEIVER_CHANGED,sender -> receiver,"[""answer""]",WITHHOLD,G,,F,True,False,False,True
2e65400d0f937a07ebc0c3d3,58,answer_flip_in_transit,SENDER_TO_RECEIVER_CHANGED,sender -> receiver,"[""answer""]",WITHHOLD,E,,D,True,False,False,True
d689dcc9d82acee95b9726fe,59,answer_flip_in_transit,SENDER_TO_RECEIVER_CHANGED,sender -> receiver,"[""answer""]",WITHHOLD,E,,D,True,False,False,True
f89f9b455b4f2da170a325e2,60,answer_flip_in_transit,SENDER_TO_RECEIVER_CHANGED,sender -> receiver,"[""answer""]",WITHHOLD,A,,G,True,False,False,True
591454026e7b13d5c4096a86,61,answer_flip_in_transit,SENDER_TO_RECEIVER_CHANGED,sender -> receiver,"[""answer""]",WITHHOLD,G,,F,True,False,False,True
3b466c9ace91be64d84d547f,62,answer_flip_in_transit,SENDER_TO_RECEIVER_CHANGED,sender -> receiver,"[""answer""]",WITHHOLD,C,,B,True,False,False,True
60ab186f3bae9973546a03d3,63,answer_flip_in_transit,SENDER_TO_RECEIVER_CHANGED,sender -> receiver,"[""answer""]",WITHHOLD,A,,G,True,False,False,True
72fd5b6d717eecbda4ad0038,64,answer_flip_in_transit,SENDER_TO_RECEIVER_CHANGED,sender -> receiver,"[""answer""]",WITHHOLD,B,,A,True,False,False,True
ae38e34c443c41ab5812a6c9,65,answer_flip_in_transit,SENDER_TO_RECEIVER_CHANGED,sender -> receiver,"[""answer""]",WITHHOLD,A,,G,True,False,False,True
51a3882081501334b4ed2f0d,66,answer_flip_in_transit,SENDER_TO_RECEIVER_CHANGED,sender -> receiver,"[""answer""]",WITHHOLD,F,,E,True,False,False,True
b79d31a01a514a8125ad5376,67,answer_flip_in_transit,SENDER_TO_RECEIVER_CHANGED,sender -> receiver,"[""answer""]",WITHHOLD,D,,C,True,False,False,True
d94c853ad6f6939dc21f6cd3,68,answer_flip_in_transit,SENDER_TO_RECEIVER_CHANGED,sender -> receiver,"[""answer""]",WITHHOLD,G,,F,True,False,False,True
99930047229eaa97a36c21ef,69,answer_flip_in_transit,SENDER_TO_RECEIVER_CHANGED,sender -> receiver,"[""answer""]",WITHHOLD,A,,G,True,False,False,True
f6a0113bf9eee055ca386ec4,70,answer_flip_in_transit,SENDER_TO_RECEIVER_CHANGED,sender -> receiver,"[""answer""]",WITHHOLD,C,,B,True,False,False,True
d76ebf71b31d905b51150526,71,answer_flip_in_transit,SENDER_TO_RECEIVER_CHANGED,sender -> receiver,"[""answer""]",WITHHOLD,D,,C,True,False,False,True
bd608f74c61488e8dac96c46,72,answer_flip_in_transit,SENDER_TO_RECEIVER_CHANGED,sender -> receiver,"[""answer""]",WITHHOLD,G,,F,True,False,False,True
d436c6e772e6e019cf62ee74,73,answer_flip_in_transit,SENDER_TO_RECEIVER_CHANGED,sender -> receiver,"[""answer""]",WITHHOLD,F,,E,True,False,False,True
ae0bbb4389d60ef38992ce03,74,answer_flip_in_transit,SENDER_TO_RECEIVER_CHANGED,sender -> receiver,"[""answer""]",WITHHOLD,B,,A,True,False,False,True
0012cd0c44c4e85b22779179,75,answer_flip_in_transit,SENDER_TO_RECEIVER_CHANGED,sender -> receiver,"[""answer""]",WITHHOLD,D,,C,True,False,False,True
8f092921ea0c9a6220539abe,76,answer_flip_in_transit,SENDER_TO_RECEIVER_CHANGED,sender -> receiver,"[""answer""]",WITHHOLD,B,,A,True,False,False,True
b99fa47c224ce962e68ba9d2,77,answer_flip_in_transit,SENDER_TO_RECEIVER_CHANGED,sender -> receiver,"[""answer""]",WITHHOLD,A,,G,True,False,False,True
9978057d4b64a647fd34f06d,78,answer_flip_in_transit,SENDER_TO_RECEIVER_CHANGED,sender -> receiver,"[""answer""]",WITHHOLD,B,,A,True,False,False,True
d7af4e94295a06f8f6bc1d9c,79,answer_flip_in_transit,SENDER_TO_RECEIVER_CHANGED,sender -> receiver,"[""answer""]",WITHHOLD,C,,B,True,False,False,True
a53a74c9b297c17d8bebaf83,80,answer_flip_in_transit,SENDER_TO_RECEIVER_CHANGED,sender -> receiver,"[""answer""]",WITHHOLD,B,,A,True,False,False,True
867ada854a197e1c3ac28773,81,answer_flip_in_transit,SENDER_TO_RECEIVER_CHANGED,sender -> receiver,"[""answer""]",WITHHOLD,E,,D,True,False,False,True
4ae1819cf058510a2d9cba10,82,answer_flip_in_transit,SENDER_TO_RECEIVER_CHANGED,sender -> receiver,"[""answer""]",WITHHOLD,F,,E,True,False,False,True
5d1a6630265df4867f61f6c5,83,answer_flip_in_transit,SENDER_TO_RECEIVER_CHANGED,sender -> receiver,"[""answer""]",WITHHOLD,B,,A,True,False,False,True
7ed8b1057db878f3aef79954,84,answer_flip_in_transit,SENDER_TO_RECEIVER_CHANGED,sender -> receiver,"[""answer""]",WITHHOLD,C,,B,True,False,False,True
b5bab8b1b5853dc0a8f2a476,85,answer_flip_in_transit,SENDER_TO_RECEIVER_CHANGED,sender -> receiver,"[""answer""]",WITHHOLD,A,,G,True,False,False,True
3d816a959b5996d43ca90e11,86,answer_flip_in_transit,SENDER_TO_RECEIVER_CHANGED,sender -> receiver,"[""answer""]",WITHHOLD,E,,D,True,False,False,True
55d031176fda5b806553924e,87,answer_flip_in_transit,SENDER_TO_RECEIVER_CHANGED,sender -> receiver,"[""answer""]",WITHHOLD,E,,D,True,False,False,True
142cfa66e841283c6a9f5271,88,answer_flip_in_transit,SENDER_TO_RECEIVER_CHANGED,sender -> receiver,"[""answer""]",WITHHOLD,F,,E,True,False,False,True
7a801bd490195d88ba79015b,89,answer_flip_in_transit,SENDER_TO_RECEIVER_CHANGED,sender -> receiver,"[""answer""]",WITHHOLD,E,,D,True,False,False,True
cec04ffecefd182df508a3f6,90,answer_flip_in_transit,SENDER_TO_RECEIVER_CHANGED,sender -> receiver,"[""answer""]",WITHHOLD,G,,F,True,False,False,True
2542313b09b5dff064191faa,91,answer_flip_in_transit,SENDER_TO_RECEIVER_CHANGED,sender -> receiver,"[""answer""]",WITHHOLD,G,,F,True,False,False,True
0a9a8d4f8d496babaeaf7ff0,92,answer_flip_in_transit,SENDER_TO_RECEIVER_CHANGED,sender -> receiver,"[""answer""]",WITHHOLD,E,,D,True,False,False,True
b6411170331abea478dc650a,93,answer_flip_in_transit,SENDER_TO_RECEIVER_CHANGED,sender -> receiver,"[""answer""]",WITHHOLD,A,,G,True,False,False,True
19c682d4ae7ba7c602bf0d28,94,answer_flip_in_transit,SENDER_TO_RECEIVER_CHANGED,sender -> receiver,"[""answer""]",WITHHOLD,E,,D,True,False,False,True
b96b517a3a25464f14cd1d72,95,answer_flip_in_transit,SENDER_TO_RECEIVER_CHANGED,sender -> receiver,"[""answer""]",WITHHOLD,B,,A,True,False,False,True
14d4c2e824f41a34dda9e2cb,96,answer_flip_in_transit,SENDER_TO_RECEIVER_CHANGED,sender -> receiver,"[""answer""]",WITHHOLD,A,,G,True,False,False,True
d75576912be1a5a22a4cec76,97,answer_flip_in_transit,SENDER_TO_RECEIVER_CHANGED,sender -> receiver,"[""answer""]",WITHHOLD,F,,E,True,False,False,True
b3ff32ff8d580e45a127fc3f,98,answer_flip_in_transit,SENDER_TO_RECEIVER_CHANGED,sender -> receiver,"[""answer""]",WITHHOLD,G,,F,True,False,False,True
5db7c0f1511753959c59d1f8,99,answer_flip_in_transit,SENDER_TO_RECEIVER_CHANGED,sender -> receiver,"[""answer""]",WITHHOLD,E,,D,True,False,False,True
f39fbcd695eba1ca2155091a,100,answer_flip_in_transit,SENDER_TO_RECEIVER_CHANGED,sender -> receiver,"[""answer""]",WITHHOLD,B,,A,True,False,False,True
763e44d8a81885feaafb79e0,101,answer_flip_in_transit,SENDER_TO_RECEIVER_CHANGED,sender -> receiver,"[""answer""]",WITHHOLD,D,,C,True,False,False,True
80cc3f9ebefcf71bf041943e,102,answer_flip_in_transit,SENDER_TO_RECEIVER_CHANGED,sender -> receiver,"[""answer""]",WITHHOLD,F,,E,True,False,False,True
69eee1290e64b15b8750f6ea,103,answer_flip_in_transit,SENDER_TO_RECEIVER_CHANGED,sender -> receiver,"[""answer""]",WITHHOLD,C,,B,True,False,False,True
3830edbd33d15c7247567bff,104,answer_flip_in_transit,SENDER_TO_RECEIVER_CHANGED,sender -> receiver,"[""answer""]",WITHHOLD,D,,C,True,False,False,True
84ebce46928da92ba02831fa,105,answer_flip_in_transit,SENDER_TO_RECEIVER_CHANGED,sender -> receiver,"[""answer""]",WITHHOLD,E,,D,True,False,False,True
3214de6f1f79c4f80d311a62,106,answer_flip_in_transit,SENDER_TO_RECEIVER_CHANGED,sender -> receiver,"[""answer""]",WITHHOLD,C,,B,True,False,False,True
daa5598d7e1d14d5031db518,107,answer_flip_in_transit,SENDER_TO_RECEIVER_CHANGED,sender -> receiver,"[""answer""]",WITHHOLD,D,,C,True,False,False,True
f48aac86142954240eca4e2e,108,answer_flip_in_transit,SENDER_TO_RECEIVER_CHANGED,sender -> receiver,"[""answer""]",WITHHOLD,D,,C,True,False,False,True
e0166412652fbac6e0b6a5c3,109,answer_flip_in_transit,SENDER_TO_RECEIVER_CHANGED,sender -> receiver,"[""answer""]",WITHHOLD,B,,A,True,False,False,True
782b0ab568cfd8c3c0629140,110,answer_flip_in_transit,SENDER_TO_RECEIVER_CHANGED,sender -> receiver,"[""answer""]",WITHHOLD,F,,E,True,False,False,True
742d543addb29e04c3d89018,111,answer_flip_in_transit,SENDER_TO_RECEIVER_CHANGED,sender -> receiver,"[""answer""]",WITHHOLD,C,,B,True,False,False,True
1bce55d07fcb9c5d48df3848,112,answer_flip_in_transit,SENDER_TO_RECEIVER_CHANGED,sender -> receiver,"[""answer""]",WITHHOLD,G,,F,True,False,False,True
5221db0aefde14bfd65169b1,113,answer_flip_in_transit,SENDER_TO_RECEIVER_CHANGED,sender -> receiver,"[""answer""]",WITHHOLD,C,,B,True,False,False,True
16f15d61c82e9989b1bb95ad,114,answer_flip_in_transit,SENDER_TO_RECEIVER_CHANGED,sender -> receiver,"[""answer""]",WITHHOLD,A,,G,True,False,False,True
f5d3d789bc00b565c66ecf50,115,answer_flip_in_transit,SENDER_TO_RECEIVER_CHANGED,sender -> receiver,"[""answer""]",WITHHOLD,F,,E,True,False,False,True
d1e411cebd478cb41bc666b5,116,answer_flip_in_transit,SENDER_TO_RECEIVER_CHANGED,sender -> receiver,"[""answer""]",WITHHOLD,E,,D,True,False,False,True
b1fa1a65bc9ad404e988caa8,117,answer_flip_in_transit,SENDER_TO_RECEIVER_CHANGED,sender -> receiver,"[""answer""]",WITHHOLD,E,,D,True,False,False,True
263f0d0775024a08d9e82eab,118,answer_flip_in_transit,SENDER_TO_RECEIVER_CHANGED,sender -> receiver,"[""answer""]",WITHHOLD,A,,G,True,False,False,True
f68ce7d071d5496655c40471,119,answer_flip_in_transit,SENDER_TO_RECEIVER_CHANGED,sender -> receiver,"[""answer""]",WITHHOLD,F,,E,True,False,False,True
bc58e656613b025c67734bfe,120,answer_flip_in_transit,SENDER_TO_RECEIVER_CHANGED,sender -> receiver,"[""answer""]",WITHHOLD,E,,D,True,False,False,True
c58c261f85f49355bcb29813,121,answer_flip_in_transit,SENDER_TO_RECEIVER_CHANGED,sender -> receiver,"[""answer""]",WITHHOLD,A,,G,True,False,False,True
5077e590040917343feecfcf,122,answer_flip_in_transit,SENDER_TO_RECEIVER_CHANGED,sender -> receiver,"[""answer""]",WITHHOLD,D,,C,True,False,False,True
98cd372779996aea7dbe604d,123,answer_flip_in_transit,SENDER_TO_RECEIVER_CHANGED,sender -> receiver,"[""answer""]",WITHHOLD,E,,D,True,False,False,True
f818804d5a4e19299f8abdf1,124,answer_flip_in_transit,SENDER_TO_RECEIVER_CHANGED,sender -> receiver,"[""answer""]",WITHHOLD,B,,A,True,False,False,True
fd37c49c1ef6c36b790c4c04,125,answer_flip_in_transit,SENDER_TO_RECEIVER_CHANGED,sender -> receiver,"[""answer""]",WITHHOLD,A,,G,True,False,False,True
bad607e994a69e8cd2375ed2,126,answer_flip_in_transit,SENDER_TO_RECEIVER_CHANGED,sender -> receiver,"[""answer""]",WITHHOLD,E,,D,True,False,False,True
35bd19a0e7fb4ac4a5619615,127,answer_flip_in_transit,SENDER_TO_RECEIVER_CHANGED,sender -> receiver,"[""answer""]",WITHHOLD,G,,F,True,False,False,True
503a47f2d2a4ef77d366f5c3,128,answer_flip_in_transit,SENDER_TO_RECEIVER_CHANGED,sender -> receiver,"[""answer""]",WITHHOLD,C,,B,True,False,False,True
c416fdc712e0055f328cbb5f,129,answer_flip_in_transit,SENDER_TO_RECEIVER_CHANGED,sender -> receiver,"[""answer""]",WITHHOLD,B,,A,True,False,False,True
2f050515989bb8062df2fba4,130,answer_flip_in_transit,SENDER_TO_RECEIVER_CHANGED,sender -> receiver,"[""answer""]",WITHHOLD,D,,C,True,False,False,True
a08f7caa734f39a995418d0b,131,answer_flip_in_transit,SENDER_TO_RECEIVER_CHANGED,sender -> receiver,"[""answer""]",WITHHOLD,A,,G,True,False,False,True
32f423948df6f7c6b2c9a5a5,132,answer_flip_in_transit,SENDER_TO_RECEIVER_CHANGED,sender -> receiver,"[""answer""]",WITHHOLD,B,,A,True,False,False,True
8de66d54db1b217ea7ac985c,133,answer_flip_in_transit,SENDER_TO_RECEIVER_CHANGED,sender -> receiver,"[""answer""]",WITHHOLD,C,,B,True,False,False,True
98d83ce522c91815af044855,134,answer_flip_in_transit,SENDER_TO_RECEIVER_CHANGED,sender -> receiver,"[""answer""]",WITHHOLD,A,,G,True,False,False,True
36db47e4035faf95268fb2ce,135,answer_flip_in_transit,SENDER_TO_RECEIVER_CHANGED,sender -> receiver,"[""answer""]",WITHHOLD,E,,D,True,False,False,True
9270f7794f01ba78fbbe39b8,136,answer_flip_in_transit,SENDER_TO_RECEIVER_CHANGED,sender -> receiver,"[""answer""]",WITHHOLD,C,,B,True,False,False,True
81dd6c06d2ac24541e654dcd,137,answer_flip_in_transit,SENDER_TO_RECEIVER_CHANGED,sender -> receiver,"[""answer""]",WITHHOLD,F,,E,True,False,False,True
6c40b6b210dff1f55be8a6ee,138,answer_flip_in_transit,SENDER_TO_RECEIVER_CHANGED,sender -> receiver,"[""answer""]",WITHHOLD,A,,G,True,False,False,True
635ec049ca4c36d54de8e286,139,answer_flip_in_transit,SENDER_TO_RECEIVER_CHANGED,sender -> receiver,"[""answer""]",WITHHOLD,F,,E,True,False,False,True
1b3f42a13889d44ca44906e8,140,answer_flip_in_transit,SENDER_TO_RECEIVER_CHANGED,sender -> receiver,"[""answer""]",WITHHOLD,F,,E,True,False,False,True
5f44480357dc5ee6f510de2a,141,answer_flip_in_transit,SENDER_TO_RECEIVER_CHANGED,sender -> receiver,"[""answer""]",WITHHOLD,D,,C,True,False,False,True
5320e073fd1970da419be916,142,answer_flip_in_transit,SENDER_TO_RECEIVER_CHANGED,sender -> receiver,"[""answer""]",WITHHOLD,E,,D,True,False,False,True
0afe1c98cc8f05e921e6fe90,143,answer_flip_in_transit,SENDER_TO_RECEIVER_CHANGED,sender -> receiver,"[""answer""]",WITHHOLD,C,,B,True,False,False,True
d9e3a4d765914325521e176d,144,answer_flip_in_transit,SENDER_TO_RECEIVER_CHANGED,sender -> receiver,"[""answer""]",WITHHOLD,F,,E,True,False,False,True
8f9d59ec776fa59f9e91aac2,145,answer_flip_in_transit,SENDER_TO_RECEIVER_CHANGED,sender -> receiver,"[""answer""]",WITHHOLD,C,,B,True,False,False,True
aa00f37b0f37653afce0f3c1,146,answer_flip_in_transit,SENDER_TO_RECEIVER_CHANGED,sender -> receiver,"[""answer""]",WITHHOLD,E,,D,True,False,False,True
8f8f782be2f97a52ac234ed5,147,answer_flip_in_transit,SENDER_TO_RECEIVER_CHANGED,sender -> receiver,"[""answer""]",WITHHOLD,G,,F,True,False,False,True
ad89a2987f65ffa621acdd12,148,answer_flip_in_transit,SENDER_TO_RECEIVER_CHANGED,sender -> receiver,"[""answer""]",WITHHOLD,F,,E,True,False,False,True
f326da91ca62d7824fe84547,149,answer_flip_in_transit,SENDER_TO_RECEIVER_CHANGED,sender -> receiver,"[""answer""]",WITHHOLD,G,,F,True,False,False,True
2af9a42a04786f6d729714ee,150,answer_flip_in_transit,SENDER_TO_RECEIVER_CHANGED,sender -> receiver,"[""answer""]",WITHHOLD,E,,D,True,False,False,True
85121a776cae91f7e813984c,151,answer_flip_in_transit,SENDER_TO_RECEIVER_CHANGED,sender -> receiver,"[""answer""]",WITHHOLD,D,,C,True,False,False,True
c616294b7f8a6cbe3fff1d71,152,answer_flip_in_transit,SENDER_TO_RECEIVER_CHANGED,sender -> receiver,"[""answer""]",WITHHOLD,D,,C,True,False,False,True
602bc03eca26a036546f14cc,153,answer_flip_in_transit,SENDER_TO_RECEIVER_CHANGED,sender -> receiver,"[""answer""]",WITHHOLD,G,,F,True,False,False,True
898eb64dbaf0753f7b2f5b5e,154,answer_flip_in_transit,SENDER_TO_RECEIVER_CHANGED,sender -> receiver,"[""answer""]",WITHHOLD,D,,C,True,False,False,True
02c5d2d76f431041d280c025,155,answer_flip_in_transit,SENDER_TO_RECEIVER_CHANGED,sender -> receiver,"[""answer""]",WITHHOLD,F,,E,True,False,False,True
9df6ad6564420fc82a8fd57f,156,answer_flip_in_transit,SENDER_TO_RECEIVER_CHANGED,sender -> receiver,"[""answer""]",WITHHOLD,C,,B,True,False,False,True
ec66afaaa3cee546ef0f8862,157,answer_flip_in_transit,SENDER_TO_RECEIVER_CHANGED,sender -> receiver,"[""answer""]",WITHHOLD,D,,C,True,False,False,True
9ebdca6e545073db905d6562,158,answer_flip_in_transit,SENDER_TO_RECEIVER_CHANGED,sender -> receiver,"[""answer""]",WITHHOLD,C,,B,True,False,False,True
6d44bcd97c24309753c3280d,159,answer_flip_in_transit,SENDER_TO_RECEIVER_CHANGED,sender -> receiver,"[""answer""]",WITHHOLD,F,,E,True,False,False,True
701491fd4141a1879694ea1d,160,answer_flip_in_transit,SENDER_TO_RECEIVER_CHANGED,sender -> receiver,"[""answer""]",WITHHOLD,F,,E,True,False,False,True
89b79115cdda1bdc0d64ba27,161,answer_flip_in_transit,SENDER_TO_RECEIVER_CHANGED,sender -> receiver,"[""answer""]",WITHHOLD,B,,A,True,False,False,True
57ad47081026f50119809857,162,answer_flip_in_transit,SENDER_TO_RECEIVER_CHANGED,sender -> receiver,"[""answer""]",WITHHOLD,G,,F,True,False,False,True
268981a64213fa6a25e97d42,163,answer_flip_in_transit,SENDER_TO_RECEIVER_CHANGED,sender -> receiver,"[""answer""]",WITHHOLD,F,,E,True,False,False,True
1dc451fbbd852927419e6a2c,164,answer_flip_in_transit,SENDER_TO_RECEIVER_CHANGED,sender -> receiver,"[""answer""]",WITHHOLD,B,,A,True,False,False,True
815ef0debdee12590964af53,165,answer_flip_in_transit,SENDER_TO_RECEIVER_CHANGED,sender -> receiver,"[""answer""]",WITHHOLD,C,,B,True,False,False,True
51cf9a001881e3362cfe2386,166,answer_flip_in_transit,SENDER_TO_RECEIVER_CHANGED,sender -> receiver,"[""answer""]",WITHHOLD,D,,C,True,False,False,True
31058fbb270d3a91f7ce94d2,167,answer_flip_in_transit,SENDER_TO_RECEIVER_CHANGED,sender -> receiver,"[""answer""]",WITHHOLD,A,,G,True,False,False,True
62e6c0930bf32a46542acfa7,168,answer_flip_in_transit,SENDER_TO_RECEIVER_CHANGED,sender -> receiver,"[""answer""]",WITHHOLD,G,,F,True,False,False,True
803cd0a3e9cfc308ca8969d6,169,answer_flip_in_transit,SENDER_TO_RECEIVER_CHANGED,sender -> receiver,"[""answer""]",WITHHOLD,D,,C,True,False,False,True
05c729573f83ccc8585ac147,170,answer_flip_in_transit,SENDER_TO_RECEIVER_CHANGED,sender -> receiver,"[""answer""]",WITHHOLD,B,,A,True,False,False,True
21e9c2422f6b2e87e7fe46e9,171,answer_flip_in_transit,SENDER_TO_RECEIVER_CHANGED,sender -> receiver,"[""answer""]",WITHHOLD,D,,C,True,False,False,True
e40f9fbc23532c254bb9f312,172,answer_flip_in_transit,SENDER_TO_RECEIVER_CHANGED,sender -> receiver,"[""answer""]",WITHHOLD,B,,A,True,False,False,True
c04a135550920373ff370f1f,173,answer_flip_in_transit,SENDER_TO_RECEIVER_CHANGED,sender -> receiver,"[""answer""]",WITHHOLD,F,,E,True,False,False,True
67cb1040d7e82ec993cacf7a,174,answer_flip_in_transit,SENDER_TO_RECEIVER_CHANGED,sender -> receiver,"[""answer""]",WITHHOLD,G,,F,True,False,False,True
860f9313cd8a8ff2d29b442d,175,answer_flip_in_transit,SENDER_TO_RECEIVER_CHANGED,sender -> receiver,"[""answer""]",WITHHOLD,A,,G,True,False,False,True
1212d42421b4b2896869fefd,176,answer_flip_in_transit,SENDER_TO_RECEIVER_CHANGED,sender -> receiver,"[""answer""]",WITHHOLD,G,,F,True,False,False,True
d1d40090663e0b1d088d9288,177,answer_flip_in_transit,SENDER_TO_RECEIVER_CHANGED,sender -> receiver,"[""answer""]",WITHHOLD,G,,F,True,False,False,True
228ed39f853949bebabf9545,178,answer_flip_in_transit,SENDER_TO_RECEIVER_CHANGED,sender -> receiver,"[""answer""]",WITHHOLD,B,,A,True,False,False,True
8badae02a4d094ba84a19750,179,answer_flip_in_transit,SENDER_TO_RECEIVER_CHANGED,sender -> receiver,"[""answer""]",WITHHOLD,C,,B,True,False,False,True
f0ae61c236edb76116b70efa,180,answer_flip_in_transit,SENDER_TO_RECEIVER_CHANGED,sender -> receiver,"[""answer""]",WITHHOLD,A,,G,True,False,False,True
95a3560ca1de7c4fa0d04536,181,answer_flip_in_transit,SENDER_TO_RECEIVER_CHANGED,sender -> receiver,"[""answer""]",WITHHOLD,B,,A,True,False,False,True
8fe9ab63c904bc0efdd44cdf,182,answer_flip_in_transit,SENDER_TO_RECEIVER_CHANGED,sender -> receiver,"[""answer""]",WITHHOLD,D,,C,True,False,False,True
b0deddfe4f40dd7369ab49f5,183,answer_flip_in_transit,SENDER_TO_RECEIVER_CHANGED,sender -> receiver,"[""answer""]",WITHHOLD,C,,B,True,False,False,True
21f25c3f1b6998f76c47a1b6,184,answer_flip_in_transit,SENDER_TO_RECEIVER_CHANGED,sender -> receiver,"[""answer""]",WITHHOLD,E,,D,True,False,False,True
9256a7c2d83de2a5060f7a23,185,answer_flip_in_transit,SENDER_TO_RECEIVER_CHANGED,sender -> receiver,"[""answer""]",WITHHOLD,B,,A,True,False,False,True
c5c1c4552926b354002d5c2e,186,answer_flip_in_transit,SENDER_TO_RECEIVER_CHANGED,sender -> receiver,"[""answer""]",WITHHOLD,A,,G,True,False,False,True
10aa3222fc0b3f0a1537fdad,187,answer_flip_in_transit,SENDER_TO_RECEIVER_CHANGED,sender -> receiver,"[""answer""]",WITHHOLD,C,,B,True,False,False,True
313139c615e7d07a0114d49e,188,answer_flip_in_transit,SENDER_TO_RECEIVER_CHANGED,sender -> receiver,"[""answer""]",WITHHOLD,D,,C,True,False,False,True
6ad1d53a3a1fd30b2737ef51,189,answer_flip_in_transit,SENDER_TO_RECEIVER_CHANGED,sender -> receiver,"[""answer""]",WITHHOLD,C,,B,True,False,False,True
417cc518d181568d9b49148f,190,answer_flip_in_transit,SENDER_TO_RECEIVER_CHANGED,sender -> receiver,"[""answer""]",WITHHOLD,C,,B,True,False,False,True
c50628c3239705fbac6f54b8,191,answer_flip_in_transit,SENDER_TO_RECEIVER_CHANGED,sender -> receiver,"[""answer""]",WITHHOLD,F,,E,True,False,False,True
bb6795aef486be85e5646309,192,answer_flip_in_transit,SENDER_TO_RECEIVER_CHANGED,sender -> receiver,"[""answer""]",WITHHOLD,F,,E,True,False,False,True
13542e754f0e027a6cec27e3,193,answer_flip_in_transit,SENDER_TO_RECEIVER_CHANGED,sender -> receiver,"[""answer""]",WITHHOLD,D,,C,True,False,False,True
4186790547d66ec44e5323b9,194,answer_flip_in_transit,SENDER_TO_RECEIVER_CHANGED,sender -> receiver,"[""answer""]",WITHHOLD,A,,G,True,False,False,True
9c5a84385869a6c507ca0a59,195,answer_flip_in_transit,SENDER_TO_RECEIVER_CHANGED,sender -> receiver,"[""answer""]",WITHHOLD,D,,C,True,False,False,True
a0b62324694cc4059fe13ea6,196,answer_flip_in_transit,SENDER_TO_RECEIVER_CHANGED,sender -> receiver,"[""answer""]",WITHHOLD,E,,D,True,False,False,True
9942c778b52267caf7b80508,197,answer_flip_in_transit,SENDER_TO_RECEIVER_CHANGED,sender -> receiver,"[""answer""]",WITHHOLD,F,,E,True,False,False,True
fe40a67777550a1d792f21ca,198,answer_flip_in_transit,SENDER_TO_RECEIVER_CHANGED,sender -> receiver,"[""answer""]",WITHHOLD,C,,B,True,False,False,True
d34dbc634fb52bdcc58fe944,199,answer_flip_in_transit,SENDER_TO_RECEIVER_CHANGED,sender -> receiver,"[""answer""]",WITHHOLD,E,,D,True,False,False,True
65a4f36430f5e11a27545ab0,200,answer_flip_in_transit,SENDER_TO_RECEIVER_CHANGED,sender -> receiver,"[""answer""]",WITHHOLD,F,,E,True,False,False,True
b1ba1698769c300e497803ff,201,answer_flip_in_transit,SENDER_TO_RECEIVER_CHANGED,sender -> receiver,"[""answer""]",WITHHOLD,C,,B,True,False,False,True
8e864a3222e686d573aebcc2,202,answer_flip_in_transit,SENDER_TO_RECEIVER_CHANGED,sender -> receiver,"[""answer""]",WITHHOLD,C,,B,True,False,False,True
4040eecc4f1b97bf3ac3c825,203,answer_flip_in_transit,SENDER_TO_RECEIVER_CHANGED,sender -> receiver,"[""answer""]",WITHHOLD,A,,G,True,False,False,True
4d58284cf3dd97dd56757419,204,answer_flip_in_transit,SENDER_TO_RECEIVER_CHANGED,sender -> receiver,"[""answer""]",WITHHOLD,B,,A,True,False,False,True
6129d34d453d22fec1cb29e9,205,answer_flip_in_transit,SENDER_TO_RECEIVER_CHANGED,sender -> receiver,"[""answer""]",WITHHOLD,E,,D,True,False,False,True
f304035a3a4eba418e9d0714,206,answer_flip_in_transit,SENDER_TO_RECEIVER_CHANGED,sender -> receiver,"[""answer""]",WITHHOLD,C,,B,True,False,False,True
e29e80fcef33eb062e7b5adb,207,answer_flip_in_transit,SENDER_TO_RECEIVER_CHANGED,sender -> receiver,"[""answer""]",WITHHOLD,B,,A,True,False,False,True
09b753a4c07783259307bd68,208,answer_flip_in_transit,SENDER_TO_RECEIVER_CHANGED,sender -> receiver,"[""answer""]",WITHHOLD,F,,E,True,False,False,True
9f180ea67dce447cd48c4409,209,answer_flip_in_transit,SENDER_TO_RECEIVER_CHANGED,sender -> receiver,"[""answer""]",WITHHOLD,A,,G,True,False,False,True
cdc0bc3fba391be54e7047f2,210,answer_flip_in_transit,SENDER_TO_RECEIVER_CHANGED,sender -> receiver,"[""answer""]",WITHHOLD,D,,C,True,False,False,True
729c39f5f32c6280a2778ca7,211,answer_flip_in_transit,SENDER_TO_RECEIVER_CHANGED,sender -> receiver,"[""answer""]",WITHHOLD,D,,C,True,False,False,True
c7dac639aacae5a4a564e868,212,answer_flip_in_transit,SENDER_TO_RECEIVER_CHANGED,sender -> receiver,"[""answer""]",WITHHOLD,A,,G,True,False,False,True
beb106d7f8015adf7826329f,213,answer_flip_in_transit,SENDER_TO_RECEIVER_CHANGED,sender -> receiver,"[""answer""]",WITHHOLD,G,,F,True,False,False,True
88308de312ec09f3f043942b,214,answer_flip_in_transit,SENDER_TO_RECEIVER_CHANGED,sender -> receiver,"[""answer""]",WITHHOLD,D,,C,True,False,False,True
e189d424aca26face89490ca,215,answer_flip_in_transit,SENDER_TO_RECEIVER_CHANGED,sender -> receiver,"[""answer""]",WITHHOLD,E,,D,True,False,False,True
9d25c2060b8dd9cb9843a15b,216,answer_flip_in_transit,SENDER_TO_RECEIVER_CHANGED,sender -> receiver,"[""answer""]",WITHHOLD,E,,D,True,False,False,True
9a434b5663d2a976d01fdc02,217,answer_flip_in_transit,SENDER_TO_RECEIVER_CHANGED,sender -> receiver,"[""answer""]",WITHHOLD,C,,B,True,False,False,True
296a7aa98241f9c5e7283881,218,answer_flip_in_transit,SENDER_TO_RECEIVER_CHANGED,sender -> receiver,"[""answer""]",WITHHOLD,E,,D,True,False,False,True
9a3a1b896afd87c2ed644768,219,answer_flip_in_transit,SENDER_TO_RECEIVER_CHANGED,sender -> receiver,"[""answer""]",WITHHOLD,B,,A,True,False,False,True
242e777f2956bc2c4f1cc12e,220,answer_flip_in_transit,SENDER_TO_RECEIVER_CHANGED,sender -> receiver,"[""answer""]",WITHHOLD,A,,G,True,False,False,True
b44e6b9970fa4f3201c34131,221,answer_flip_in_transit,SENDER_TO_RECEIVER_CHANGED,sender -> receiver,"[""answer""]",WITHHOLD,C,,B,True,False,False,True
27be1cea1cac89e6956c9be2,222,answer_flip_in_transit,SENDER_TO_RECEIVER_CHANGED,sender -> receiver,"[""answer""]",WITHHOLD,D,,C,True,False,False,True
0da2fbd6372b1c1bd8606dd0,223,answer_flip_in_transit,SENDER_TO_RECEIVER_CHANGED,sender -> receiver,"[""answer""]",WITHHOLD,A,,G,True,False,False,True
149fad615804d555cd71c739,224,answer_flip_in_transit,SENDER_TO_RECEIVER_CHANGED,sender -> receiver,"[""answer""]",WITHHOLD,E,,D,True,False,False,True
d3523a3df760d09887f389ce,225,answer_flip_in_transit,SENDER_TO_RECEIVER_CHANGED,sender -> receiver,"[""answer""]",WITHHOLD,G,,F,True,False,False,True
446ae703e30062f19c4a823d,226,answer_flip_in_transit,SENDER_TO_RECEIVER_CHANGED,sender -> receiver,"[""answer""]",WITHHOLD,C,,B,True,False,False,True
97ec343643772de55d2d6f07,227,answer_flip_in_transit,SENDER_TO_RECEIVER_CHANGED,sender -> receiver,"[""answer""]",WITHHOLD,D,,C,True,False,False,True
c327cbddd38a76a907fbfbc3,228,answer_flip_in_transit,SENDER_TO_RECEIVER_CHANGED,sender -> receiver,"[""answer""]",WITHHOLD,F,,E,True,False,False,True
b9c4e6a0d7d85df39979a57d,229,answer_flip_in_transit,SENDER_TO_RECEIVER_CHANGED,sender -> receiver,"[""answer""]",WITHHOLD,F,,E,True,False,False,True
1635257f00db8de664c018ff,230,answer_flip_in_transit,SENDER_TO_RECEIVER_CHANGED,sender -> receiver,"[""answer""]",WITHHOLD,G,,F,True,False,False,True
bf4888d2f8747a9558c591ba,231,answer_flip_in_transit,SENDER_TO_RECEIVER_CHANGED,sender -> receiver,"[""answer""]",WITHHOLD,G,,F,True,False,False,True
5f54c0756de97a388df3f57b,232,answer_flip_in_transit,SENDER_TO_RECEIVER_CHANGED,sender -> receiver,"[""answer""]",WITHHOLD,A,,G,True,False,False,True
93a22c28f26346d7b1ea595a,233,answer_flip_in_transit,SENDER_TO_RECEIVER_CHANGED,sender -> receiver,"[""answer""]",WITHHOLD,D,,C,True,False,False,True
ff5b37cbe4cb7e58b3b14406,234,answer_flip_in_transit,SENDER_TO_RECEIVER_CHANGED,sender -> receiver,"[""answer""]",WITHHOLD,C,,B,True,False,False,True
3e35d722f23e5db8305a334e,235,answer_flip_in_transit,SENDER_TO_RECEIVER_CHANGED,sender -> receiver,"[""answer""]",WITHHOLD,B,,A,True,False,False,True
b9874a5dd29709c3880b46bc,236,answer_flip_in_transit,SENDER_TO_RECEIVER_CHANGED,sender -> receiver,"[""answer""]",WITHHOLD,G,,F,True,False,False,True
217e0a546fe17fd28031ee23,237,answer_flip_in_transit,SENDER_TO_RECEIVER_CHANGED,sender -> receiver,"[""answer""]",WITHHOLD,B,,A,True,False,False,True
8a3f86181c0b7c8184cf66d0,238,answer_flip_in_transit,SENDER_TO_RECEIVER_CHANGED,sender -> receiver,"[""answer""]",WITHHOLD,G,,F,True,False,False,True
433c61c1e80c4b18f7621550,239,answer_flip_in_transit,SENDER_TO_RECEIVER_CHANGED,sender -> receiver,"[""answer""]",WITHHOLD,G,,F,True,False,False,True
29b83b0dd56b3d7d06d0f323,240,answer_flip_in_transit,SENDER_TO_RECEIVER_CHANGED,sender -> receiver,"[""answer""]",WITHHOLD,F,,E,True,False,False,True
c29d00d5829fd58dd5a3ef7b,241,answer_flip_in_transit,SENDER_TO_RECEIVER_CHANGED,sender -> receiver,"[""answer""]",WITHHOLD,A,,G,True,False,False,True
d58de4ade17203d5e7831017,242,answer_flip_in_transit,SENDER_TO_RECEIVER_CHANGED,sender -> receiver,"[""answer""]",WITHHOLD,G,,F,True,False,False,True
eb81cbb9aa1d01472f1cff99,243,answer_flip_in_transit,SENDER_TO_RECEIVER_CHANGED,sender -> receiver,"[""answer""]",WITHHOLD,D,,C,True,False,False,True
4a81f978bd2b0ae89e3aae0e,244,answer_flip_in_transit,SENDER_TO_RECEIVER_CHANGED,sender -> receiver,"[""answer""]",WITHHOLD,D,,C,True,False,False,True
c192de0dd6f5719f7853d274,245,answer_flip_in_transit,SENDER_TO_RECEIVER_CHANGED,sender -> receiver,"[""answer""]",WITHHOLD,B,,A,True,False,False,True
450e8c65f356a3947301b417,246,answer_flip_in_transit,SENDER_TO_RECEIVER_CHANGED,sender -> receiver,"[""answer""]",WITHHOLD,E,,D,True,False,False,True
5372554e12f69e57a0427bd8,247,answer_flip_in_transit,SENDER_TO_RECEIVER_CHANGED,sender -> receiver,"[""answer""]",WITHHOLD,B,,A,True,False,False,True
9c817de9d640545b6a88e791,248,answer_flip_in_transit,SENDER_TO_RECEIVER_CHANGED,sender -> receiver,"[""answer""]",WITHHOLD,G,,F,True,False,False,True
e5780d0e816da05926a9c04a,249,answer_flip_in_transit,SENDER_TO_RECEIVER_CHANGED,sender -> receiver,"[""answer""]",WITHHOLD,E,,D,True,False,False,True
1b9ab42f4e6be61bf1683245,0,case_id_replacement,SENDER_TO_RECEIVER_CHANGED,sender -> receiver,"[""case_id""]",WITHHOLD,D,,D,False,False,True,True
9d8df36cf634301b53e9df16,1,case_id_replacement,SENDER_TO_RECEIVER_CHANGED,sender -> receiver,"[""case_id""]",WITHHOLD,B,,B,False,False,True,True
93cdbb281c3af7743b826ce2,2,case_id_replacement,SENDER_TO_RECEIVER_CHANGED,sender -> receiver,"[""case_id""]",WITHHOLD,A,,A,False,False,True,True
f8702e7cdccf3026e07fcd1d,3,case_id_replacement,SENDER_TO_RECEIVER_CHANGED,sender -> receiver,"[""case_id""]",WITHHOLD,A,,A,False,False,True,True
f0c0a0fefded2ba94f861d1d,4,case_id_replacement,SENDER_TO_RECEIVER_CHANGED,sender -> receiver,"[""case_id""]",WITHHOLD,F,,F,False,False,True,True
2960d3a5a9e71c6ad506e43e,5,case_id_replacement,SENDER_TO_RECEIVER_CHANGED,sender -> receiver,"[""case_id""]",WITHHOLD,B,,B,False,False,True,True
ee9f1c7db7458422e73a8e11,6,case_id_replacement,SENDER_TO_RECEIVER_CHANGED,sender -> receiver,"[""case_id""]",WITHHOLD,E,,E,False,False,True,True
845fe290e1d0cd6bac1bc403,7,case_id_replacement,SENDER_TO_RECEIVER_CHANGED,sender -> receiver,"[""case_id""]",WITHHOLD,B,,B,False,False,True,True
495eeb66d5c57fbd7e3a6564,8,case_id_replacement,SENDER_TO_RECEIVER_CHANGED,sender -> receiver,"[""case_id""]",WITHHOLD,C,,C,False,False,True,True
639af38e102eda5444b8e89a,9,case_id_replacement,SENDER_TO_RECEIVER_CHANGED,sender -> receiver,"[""case_id""]",WITHHOLD,B,,B,False,False,True,True
bcbdbb434062c6236637fdd0,10,case_id_replacement,SENDER_TO_RECEIVER_CHANGED,sender -> receiver,"[""case_id""]",WITHHOLD,G,,G,False,False,True,True
8fb00947896d3e742e28e59c,11,case_id_replacement,SENDER_TO_RECEIVER_CHANGED,sender -> receiver,"[""case_id""]",WITHHOLD,C,,C,False,False,True,True
e1fabbdaaa965dcfa51fb39d,12,case_id_replacement,SENDER_TO_RECEIVER_CHANGED,sender -> receiver,"[""case_id""]",WITHHOLD,D,,D,False,False,True,True
e5c0931e9de6070a1483943a,13,case_id_replacement,SENDER_TO_RECEIVER_CHANGED,sender -> receiver,"[""case_id""]",WITHHOLD,F,,F,False,False,True,True
123df85b33c0042ed0dcb86e,14,case_id_replacement,SENDER_TO_RECEIVER_CHANGED,sender -> receiver,"[""case_id""]",WITHHOLD,A,,A,False,False,True,True
7216a614509bbfc232b14768,15,case_id_replacement,SENDER_TO_RECEIVER_CHANGED,sender -> receiver,"[""case_id""]",WITHHOLD,E,,E,False,False,True,True
ccad0c5132b0b8c6b27bbb5e,16,case_id_replacement,SENDER_TO_RECEIVER_CHANGED,sender -> receiver,"[""case_id""]",WITHHOLD,B,,B,False,False,True,True
0d8ed7ec1783b5811eda71d8,17,case_id_replacement,SENDER_TO_RECEIVER_CHANGED,sender -> receiver,"[""case_id""]",WITHHOLD,E,,E,False,False,True,True
a466eb7631235a4018691eb8,18,case_id_replacement,SENDER_TO_RECEIVER_CHANGED,sender -> receiver,"[""case_id""]",WITHHOLD,G,,G,False,False,True,True
78f327ab112cdeacd839e87b,19,case_id_replacement,SENDER_TO_RECEIVER_CHANGED,sender -> receiver,"[""case_id""]",WITHHOLD,A,,A,False,False,True,True
6cb10784e328ac1500342826,20,case_id_replacement,SENDER_TO_RECEIVER_CHANGED,sender -> receiver,"[""case_id""]",WITHHOLD,D,,D,False,False,True,True
7d5d56781cd33f0a99691baa,21,case_id_replacement,SENDER_TO_RECEIVER_CHANGED,sender -> receiver,"[""case_id""]",WITHHOLD,C,,C,False,False,True,True
ced3e5d1d46408d6da4ed34a,22,case_id_replacement,SENDER_TO_RECEIVER_CHANGED,sender -> receiver,"[""case_id""]",WITHHOLD,A,,A,False,False,True,True
bb4a4b0b0a2496acc3074182,23,case_id_replacement,SENDER_TO_RECEIVER_CHANGED,sender -> receiver,"[""case_id""]",WITHHOLD,E,,E,False,False,True,True
d6f4f0e37767c6ccf56ca12f,24,case_id_replacement,SENDER_TO_RECEIVER_CHANGED,sender -> receiver,"[""case_id""]",WITHHOLD,D,,D,False,False,True,True
f5357d929325a0740012aa7f,25,case_id_replacement,SENDER_TO_RECEIVER_CHANGED,sender -> receiver,"[""case_id""]",WITHHOLD,A,,A,False,False,True,True
cb42d85aebea8f2290ca3ccf,26,case_id_replacement,SENDER_TO_RECEIVER_CHANGED,sender -> receiver,"[""case_id""]",WITHHOLD,F,,F,False,False,True,True
8afed718f1599e3e4d867114,27,case_id_replacement,SENDER_TO_RECEIVER_CHANGED,sender -> receiver,"[""case_id""]",WITHHOLD,C,,C,False,False,True,True
8b68d21357da01dab1c2e6d6,28,case_id_replacement,SENDER_TO_RECEIVER_CHANGED,sender -> receiver,"[""case_id""]",WITHHOLD,B,,B,False,False,True,True
49bf288771cb23e339578cb4,29,case_id_replacement,SENDER_TO_RECEIVER_CHANGED,sender -> receiver,"[""case_id""]",WITHHOLD,E,,E,False,False,True,True
4ef91c9ae1aa9639e9abd28e,30,case_id_replacement,SENDER_TO_RECEIVER_CHANGED,sender -> receiver,"[""case_id""]",WITHHOLD,C,,C,False,False,True,True
41f1cc74de57178a499b2620,31,case_id_replacement,SENDER_TO_RECEIVER_CHANGED,sender -> receiver,"[""case_id""]",WITHHOLD,D,,D,False,False,True,True
b9566ad9e7d8aec27a351a78,32,case_id_replacement,SENDER_TO_RECEIVER_CHANGED,sender -> receiver,"[""case_id""]",WITHHOLD,C,,C,False,False,True,True
70aa786f557949da68c25e7b,33,case_id_replacement,SENDER_TO_RECEIVER_CHANGED,sender -> receiver,"[""case_id""]",WITHHOLD,A,,A,False,False,True,True
53d826c3c1177521e1248460,34,case_id_replacement,SENDER_TO_RECEIVER_CHANGED,sender -> receiver,"[""case_id""]",WITHHOLD,G,,G,False,False,True,True
a4a230905276e0fac041ad7d,35,case_id_replacement,SENDER_TO_RECEIVER_CHANGED,sender -> receiver,"[""case_id""]",WITHHOLD,A,,A,False,False,True,True
a5617c2cb53e4f4b7c9956e5,36,case_id_replacement,SENDER_TO_RECEIVER_CHANGED,sender -> receiver,"[""case_id""]",WITHHOLD,F,,F,False,False,True,True
2200f00ccc2d8f8576840ae0,37,case_id_replacement,SENDER_TO_RECEIVER_CHANGED,sender -> receiver,"[""case_id""]",WITHHOLD,C,,C,False,False,True,True
d1b937331b1df475c90b309a,38,case_id_replacement,SENDER_TO_RECEIVER_CHANGED,sender -> receiver,"[""case_id""]",WITHHOLD,A,,A,False,False,True,True
2c7eaa476c9571490d10549a,39,case_id_replacement,SENDER_TO_RECEIVER_CHANGED,sender -> receiver,"[""case_id""]",WITHHOLD,G,,G,False,False,True,True
784208b1c649a1c927e95922,40,case_id_replacement,SENDER_TO_RECEIVER_CHANGED,sender -> receiver,"[""case_id""]",WITHHOLD,C,,C,False,False,True,True
2ac7257d0fcfb2e200c1034f,41,case_id_replacement,SENDER_TO_RECEIVER_CHANGED,sender -> receiver,"[""case_id""]",WITHHOLD,D,,D,False,False,True,True
5fad25e5e1b0432f73b4d02f,42,case_id_replacement,SENDER_TO_RECEIVER_CHANGED,sender -> receiver,"[""case_id""]",WITHHOLD,E,,E,False,False,True,True
e6a3d482321e923c830990af,43,case_id_replacement,SENDER_TO_RECEIVER_CHANGED,sender -> receiver,"[""case_id""]",WITHHOLD,D,,D,False,False,True,True
9e5f9ac6b90a2fe74d925d4e,44,case_id_replacement,SENDER_TO_RECEIVER_CHANGED,sender -> receiver,"[""case_id""]",WITHHOLD,A,,A,False,False,True,True
6cbd301335237c282b49137b,45,case_id_replacement,SENDER_TO_RECEIVER_CHANGED,sender -> receiver,"[""case_id""]",WITHHOLD,B,,B,False,False,True,True
85ff71aaf83c72991991b329,46,case_id_replacement,SENDER_TO_RECEIVER_CHANGED,sender -> receiver,"[""case_id""]",WITHHOLD,D,,D,False,False,True,True
6710db6316dc0fae668c5dd7,47,case_id_replacement,SENDER_TO_RECEIVER_CHANGED,sender -> receiver,"[""case_id""]",WITHHOLD,B,,B,False,False,True,True
70853d952d7730bf7cacc26f,48,case_id_replacement,SENDER_TO_RECEIVER_CHANGED,sender -> receiver,"[""case_id""]",WITHHOLD,F,,F,False,False,True,True
7cede4283edda15e06b5cb34,49,case_id_replacement,SENDER_TO_RECEIVER_CHANGED,sender -> receiver,"[""case_id""]",WITHHOLD,F,,F,False,False,True,True
01c007e28f0fa613c84cdbed,50,case_id_replacement,SENDER_TO_RECEIVER_CHANGED,sender -> receiver,"[""case_id""]",WITHHOLD,F,,F,False,False,True,True
2fd924519649b07d46363dd3,51,case_id_replacement,SENDER_TO_RECEIVER_CHANGED,sender -> receiver,"[""case_id""]",WITHHOLD,A,,A,False,False,True,True
19d25e97d72b247bc2fa6b01,52,case_id_replacement,SENDER_TO_RECEIVER_CHANGED,sender -> receiver,"[""case_id""]",WITHHOLD,C,,C,False,False,True,True
985362f57ca48bba7b1a291a,53,case_id_replacement,SENDER_TO_RECEIVER_CHANGED,sender -> receiver,"[""case_id""]",WITHHOLD,D,,D,False,False,True,True
01f1fd4ade116341f19c6cad,54,case_id_replacement,SENDER_TO_RECEIVER_CHANGED,sender -> receiver,"[""case_id""]",WITHHOLD,B,,B,False,False,True,True
5d9a58a085ab05650a1c4aec,55,case_id_replacement,SENDER_TO_RECEIVER_CHANGED,sender -> receiver,"[""case_id""]",WITHHOLD,E,,E,False,False,True,True
0a37634c99e4274edf9dad98,56,case_id_replacement,SENDER_TO_RECEIVER_CHANGED,sender -> receiver,"[""case_id""]",WITHHOLD,G,,G,False,False,True,True
c8481fd5d1dccb6b90818813,57,case_id_replacement,SENDER_TO_RECEIVER_CHANGED,sender -> receiver,"[""case_id""]",WITHHOLD,F,,F,False,False,True,True
091b1d1a71e592e6615910ba,58,case_id_replacement,SENDER_TO_RECEIVER_CHANGED,sender -> receiver,"[""case_id""]",WITHHOLD,D,,D,False,False,True,True
3fd046e7b69b1fa81cd7322d,59,case_id_replacement,SENDER_TO_RECEIVER_CHANGED,sender -> receiver,"[""case_id""]",WITHHOLD,D,,D,False,False,True,True
30973aaab9f521b647881f88,60,case_id_replacement,SENDER_TO_RECEIVER_CHANGED,sender -> receiver,"[""case_id""]",WITHHOLD,G,,G,False,False,True,True
6bf41b2e59ce29dedd993369,61,case_id_replacement,SENDER_TO_RECEIVER_CHANGED,sender -> receiver,"[""case_id""]",WITHHOLD,F,,F,False,False,True,True
4e44eb4a4c319df69b8d7222,62,case_id_replacement,SENDER_TO_RECEIVER_CHANGED,sender -> receiver,"[""case_id""]",WITHHOLD,B,,B,False,False,True,True
d84488ac1fc708baf95207c9,63,case_id_replacement,SENDER_TO_RECEIVER_CHANGED,sender -> receiver,"[""case_id""]",WITHHOLD,G,,G,False,False,True,True
2edf81b721f2c99ebcb48db3,64,case_id_replacement,SENDER_TO_RECEIVER_CHANGED,sender -> receiver,"[""case_id""]",WITHHOLD,A,,A,False,False,True,True
31bbf0c5e2b0e374ce50073d,65,case_id_replacement,SENDER_TO_RECEIVER_CHANGED,sender -> receiver,"[""case_id""]",WITHHOLD,G,,G,False,False,True,True
e2db62fe546aa472d90ee328,66,case_id_replacement,SENDER_TO_RECEIVER_CHANGED,sender -> receiver,"[""case_id""]",WITHHOLD,E,,E,False,False,True,True
aa32d0e283dcd59b6ba838e3,67,case_id_replacement,SENDER_TO_RECEIVER_CHANGED,sender -> receiver,"[""case_id""]",WITHHOLD,C,,C,False,False,True,True
38e280ed63d2d055a7131af1,68,case_id_replacement,SENDER_TO_RECEIVER_CHANGED,sender -> receiver,"[""case_id""]",WITHHOLD,F,,F,False,False,True,True
cf63682f4233c15538cc85c8,69,case_id_replacement,SENDER_TO_RECEIVER_CHANGED,sender -> receiver,"[""case_id""]",WITHHOLD,G,,G,False,False,True,True
918ddde9c849448645d08584,70,case_id_replacement,SENDER_TO_RECEIVER_CHANGED,sender -> receiver,"[""case_id""]",WITHHOLD,B,,B,False,False,True,True
5cae1f1c8210860bdf0f23d9,71,case_id_replacement,SENDER_TO_RECEIVER_CHANGED,sender -> receiver,"[""case_id""]",WITHHOLD,C,,C,False,False,True,True
7922462bb89a50770f326ba6,72,case_id_replacement,SENDER_TO_RECEIVER_CHANGED,sender -> receiver,"[""case_id""]",WITHHOLD,F,,F,False,False,True,True
44b8e523062a9b279d5888a3,73,case_id_replacement,SENDER_TO_RECEIVER_CHANGED,sender -> receiver,"[""case_id""]",WITHHOLD,E,,E,False,False,True,True
dffcc0ff3b2b74db586159e3,74,case_id_replacement,SENDER_TO_RECEIVER_CHANGED,sender -> receiver,"[""case_id""]",WITHHOLD,A,,A,False,False,True,True
1ab44f52309349eed0fbf4db,75,case_id_replacement,SENDER_TO_RECEIVER_CHANGED,sender -> receiver,"[""case_id""]",WITHHOLD,C,,C,False,False,True,True
ad62ba2567c7ee36ea3c1234,76,case_id_replacement,SENDER_TO_RECEIVER_CHANGED,sender -> receiver,"[""case_id""]",WITHHOLD,A,,A,False,False,True,True
8365ed596e5a61773e1ccfd3,77,case_id_replacement,SENDER_TO_RECEIVER_CHANGED,sender -> receiver,"[""case_id""]",WITHHOLD,G,,G,False,False,True,True
09b899e1b5ae826c558517d1,78,case_id_replacement,SENDER_TO_RECEIVER_CHANGED,sender -> receiver,"[""case_id""]",WITHHOLD,A,,A,False,False,True,True
69e44878a5a7afbed7c92707,79,case_id_replacement,SENDER_TO_RECEIVER_CHANGED,sender -> receiver,"[""case_id""]",WITHHOLD,B,,B,False,False,True,True
9c68be699aaf533e543f5f54,80,case_id_replacement,SENDER_TO_RECEIVER_CHANGED,sender -> receiver,"[""case_id""]",WITHHOLD,A,,A,False,False,True,True
7a82071d6fd1a42c26577dcc,81,case_id_replacement,SENDER_TO_RECEIVER_CHANGED,sender -> receiver,"[""case_id""]",WITHHOLD,D,,D,False,False,True,True
cc05273753da03942d09661e,82,case_id_replacement,SENDER_TO_RECEIVER_CHANGED,sender -> receiver,"[""case_id""]",WITHHOLD,E,,E,False,False,True,True
c717dc619a35b46d965965b4,83,case_id_replacement,SENDER_TO_RECEIVER_CHANGED,sender -> receiver,"[""case_id""]",WITHHOLD,A,,A,False,False,True,True
f80235420fdc6fba4f65c726,84,case_id_replacement,SENDER_TO_RECEIVER_CHANGED,sender -> receiver,"[""case_id""]",WITHHOLD,B,,B,False,False,True,True
9cbd8275464ef771ec70e703,85,case_id_replacement,SENDER_TO_RECEIVER_CHANGED,sender -> receiver,"[""case_id""]",WITHHOLD,G,,G,False,False,True,True
6fc13ec10e18c32ccf4d7b51,86,case_id_replacement,SENDER_TO_RECEIVER_CHANGED,sender -> receiver,"[""case_id""]",WITHHOLD,D,,D,False,False,True,True
647ae5c0abcb4df03f2af347,87,case_id_replacement,SENDER_TO_RECEIVER_CHANGED,sender -> receiver,"[""case_id""]",WITHHOLD,D,,D,False,False,True,True
e4dba20eca081b223fb33c2c,88,case_id_replacement,SENDER_TO_RECEIVER_CHANGED,sender -> receiver,"[""case_id""]",WITHHOLD,E,,E,False,False,True,True
4a417e485d975c1f9c61168d,89,case_id_replacement,SENDER_TO_RECEIVER_CHANGED,sender -> receiver,"[""case_id""]",WITHHOLD,D,,D,False,False,True,True
96394a2e7a3446124ed90890,90,case_id_replacement,SENDER_TO_RECEIVER_CHANGED,sender -> receiver,"[""case_id""]",WITHHOLD,F,,F,False,False,True,True
53dc0e816a74aaee18b567f6,91,case_id_replacement,SENDER_TO_RECEIVER_CHANGED,sender -> receiver,"[""case_id""]",WITHHOLD,F,,F,False,False,True,True
978110d18edf9e64c75be95b,92,case_id_replacement,SENDER_TO_RECEIVER_CHANGED,sender -> receiver,"[""case_id""]",WITHHOLD,D,,D,False,False,True,True
07caa7ec70a28f38df12ea7b,93,case_id_replacement,SENDER_TO_RECEIVER_CHANGED,sender -> receiver,"[""case_id""]",WITHHOLD,G,,G,False,False,True,True
88f3da012c85b27b25e4c1a7,94,case_id_replacement,SENDER_TO_RECEIVER_CHANGED,sender -> receiver,"[""case_id""]",WITHHOLD,D,,D,False,False,True,True
d43c5570dd8596e97ad511a1,95,case_id_replacement,SENDER_TO_RECEIVER_CHANGED,sender -> receiver,"[""case_id""]",WITHHOLD,A,,A,False,False,True,True
97a4dce7b8589e430dcbe03c,96,case_id_replacement,SENDER_TO_RECEIVER_CHANGED,sender -> receiver,"[""case_id""]",WITHHOLD,G,,G,False,False,True,True
5419e34f488aff61f65c24e9,97,case_id_replacement,SENDER_TO_RECEIVER_CHANGED,sender -> receiver,"[""case_id""]",WITHHOLD,E,,E,False,False,True,True
5dce23f0afcf2f5f68ad7ef8,98,case_id_replacement,SENDER_TO_RECEIVER_CHANGED,sender -> receiver,"[""case_id""]",WITHHOLD,F,,F,False,False,True,True
fcda1f0a5a9fb52093abe531,99,case_id_replacement,SENDER_TO_RECEIVER_CHANGED,sender -> receiver,"[""case_id""]",WITHHOLD,D,,D,False,False,True,True
61c459f9d6406145689c59cf,100,case_id_replacement,SENDER_TO_RECEIVER_CHANGED,sender -> receiver,"[""case_id""]",WITHHOLD,A,,A,False,False,True,True
57951ddcd063990ec5b82d27,101,case_id_replacement,SENDER_TO_RECEIVER_CHANGED,sender -> receiver,"[""case_id""]",WITHHOLD,C,,C,False,False,True,True
29ea793598b2048bfe894aeb,102,case_id_replacement,SENDER_TO_RECEIVER_CHANGED,sender -> receiver,"[""case_id""]",WITHHOLD,E,,E,False,False,True,True
d25061df7c7cc18df4dad761,103,case_id_replacement,SENDER_TO_RECEIVER_CHANGED,sender -> receiver,"[""case_id""]",WITHHOLD,B,,B,False,False,True,True
efa2170bbfdf81131b544cfe,104,case_id_replacement,SENDER_TO_RECEIVER_CHANGED,sender -> receiver,"[""case_id""]",WITHHOLD,C,,C,False,False,True,True
2afb0755f40a3c93c6aed7ae,105,case_id_replacement,SENDER_TO_RECEIVER_CHANGED,sender -> receiver,"[""case_id""]",WITHHOLD,D,,D,False,False,True,True
77a70a2e7144f14dfad9f802,106,case_id_replacement,SENDER_TO_RECEIVER_CHANGED,sender -> receiver,"[""case_id""]",WITHHOLD,B,,B,False,False,True,True
bf721a06aa69fa4337a49acb,107,case_id_replacement,SENDER_TO_RECEIVER_CHANGED,sender -> receiver,"[""case_id""]",WITHHOLD,C,,C,False,False,True,True
db406248e61a1e0e47cc7a22,108,case_id_replacement,SENDER_TO_RECEIVER_CHANGED,sender -> receiver,"[""case_id""]",WITHHOLD,C,,C,False,False,True,True
a6f413a3d869944f0efcd684,109,case_id_replacement,SENDER_TO_RECEIVER_CHANGED,sender -> receiver,"[""case_id""]",WITHHOLD,A,,A,False,False,True,True
d00cad0b0dafaada33681eeb,110,case_id_replacement,SENDER_TO_RECEIVER_CHANGED,sender -> receiver,"[""case_id""]",WITHHOLD,E,,E,False,False,True,True
25b93be1f9912a346bc35af6,111,case_id_replacement,SENDER_TO_RECEIVER_CHANGED,sender -> receiver,"[""case_id""]",WITHHOLD,B,,B,False,False,True,True
12ec5d5e2cd0e19b563ffabe,112,case_id_replacement,SENDER_TO_RECEIVER_CHANGED,sender -> receiver,"[""case_id""]",WITHHOLD,F,,F,False,False,True,True
309759422399b89c9081069c,113,case_id_replacement,SENDER_TO_RECEIVER_CHANGED,sender -> receiver,"[""case_id""]",WITHHOLD,B,,B,False,False,True,True
d8b74b17513e2714152d4edf,114,case_id_replacement,SENDER_TO_RECEIVER_CHANGED,sender -> receiver,"[""case_id""]",WITHHOLD,G,,G,False,False,True,True
cbff267b451bb2f781cb72b6,115,case_id_replacement,SENDER_TO_RECEIVER_CHANGED,sender -> receiver,"[""case_id""]",WITHHOLD,E,,E,False,False,True,True
d8a6b558015d75a7c6d47253,116,case_id_replacement,SENDER_TO_RECEIVER_CHANGED,sender -> receiver,"[""case_id""]",WITHHOLD,D,,D,False,False,True,True
2410eea729bf3004a6a106df,117,case_id_replacement,SENDER_TO_RECEIVER_CHANGED,sender -> receiver,"[""case_id""]",WITHHOLD,D,,D,False,False,True,True
50f7fe4b44e4d5a8482c38be,118,case_id_replacement,SENDER_TO_RECEIVER_CHANGED,sender -> receiver,"[""case_id""]",WITHHOLD,G,,G,False,False,True,True
9f34d2c38c2e5f0ad61772a7,119,case_id_replacement,SENDER_TO_RECEIVER_CHANGED,sender -> receiver,"[""case_id""]",WITHHOLD,E,,E,False,False,True,True
3b72ba276d61698ddf5c9205,120,case_id_replacement,SENDER_TO_RECEIVER_CHANGED,sender -> receiver,"[""case_id""]",WITHHOLD,D,,D,False,False,True,True
f7fc1b580e2ec3e08a099ae8,121,case_id_replacement,SENDER_TO_RECEIVER_CHANGED,sender -> receiver,"[""case_id""]",WITHHOLD,G,,G,False,False,True,True
941b83ccdaa56d53697626bf,122,case_id_replacement,SENDER_TO_RECEIVER_CHANGED,sender -> receiver,"[""case_id""]",WITHHOLD,C,,C,False,False,True,True
ec1896ef4e5202a7320ade3f,123,case_id_replacement,SENDER_TO_RECEIVER_CHANGED,sender -> receiver,"[""case_id""]",WITHHOLD,D,,D,False,False,True,True
995ab4c50ad30666acaadc14,124,case_id_replacement,SENDER_TO_RECEIVER_CHANGED,sender -> receiver,"[""case_id""]",WITHHOLD,A,,A,False,False,True,True
c46cef53849d88ee81a66a49,125,case_id_replacement,SENDER_TO_RECEIVER_CHANGED,sender -> receiver,"[""case_id""]",WITHHOLD,G,,G,False,False,True,True
364b25655112c2e1f06d626a,126,case_id_replacement,SENDER_TO_RECEIVER_CHANGED,sender -> receiver,"[""case_id""]",WITHHOLD,D,,D,False,False,True,True
1b79d08982452ee16439164c,127,case_id_replacement,SENDER_TO_RECEIVER_CHANGED,sender -> receiver,"[""case_id""]",WITHHOLD,F,,F,False,False,True,True
54965a7545a45c740cfdaed3,128,case_id_replacement,SENDER_TO_RECEIVER_CHANGED,sender -> receiver,"[""case_id""]",WITHHOLD,B,,B,False,False,True,True
0cccf53a8910e1d32bc33123,129,case_id_replacement,SENDER_TO_RECEIVER_CHANGED,sender -> receiver,"[""case_id""]",WITHHOLD,A,,A,False,False,True,True
a7636a74535cc748d1bdf30f,130,case_id_replacement,SENDER_TO_RECEIVER_CHANGED,sender -> receiver,"[""case_id""]",WITHHOLD,C,,C,False,False,True,True
b049930b7e6902c7042aaa2f,131,case_id_replacement,SENDER_TO_RECEIVER_CHANGED,sender -> receiver,"[""case_id""]",WITHHOLD,G,,G,False,False,True,True
dce3f0367a524ffcc606f373,132,case_id_replacement,SENDER_TO_RECEIVER_CHANGED,sender -> receiver,"[""case_id""]",WITHHOLD,A,,A,False,False,True,True
d9a2e20bd935a6d7506e967f,133,case_id_replacement,SENDER_TO_RECEIVER_CHANGED,sender -> receiver,"[""case_id""]",WITHHOLD,B,,B,False,False,True,True
7dfd52b71f0335a27abe8fec,134,case_id_replacement,SENDER_TO_RECEIVER_CHANGED,sender -> receiver,"[""case_id""]",WITHHOLD,G,,G,False,False,True,True
9d399a37d7c1bd60a62d107e,135,case_id_replacement,SENDER_TO_RECEIVER_CHANGED,sender -> receiver,"[""case_id""]",WITHHOLD,D,,D,False,False,True,True
86bc50ce589b3f917beb4829,136,case_id_replacement,SENDER_TO_RECEIVER_CHANGED,sender -> receiver,"[""case_id""]",WITHHOLD,B,,B,False,False,True,True
2b3e63e761d3b8e87ba71d4f,137,case_id_replacement,SENDER_TO_RECEIVER_CHANGED,sender -> receiver,"[""case_id""]",WITHHOLD,E,,E,False,False,True,True
2560376af857be0c45e0e5b0,138,case_id_replacement,SENDER_TO_RECEIVER_CHANGED,sender -> receiver,"[""case_id""]",WITHHOLD,G,,G,False,False,True,True
309324985e50b37a42ae3187,139,case_id_replacement,SENDER_TO_RECEIVER_CHANGED,sender -> receiver,"[""case_id""]",WITHHOLD,E,,E,False,False,True,True
b4c74ac08bf69dcc7a741cb5,140,case_id_replacement,SENDER_TO_RECEIVER_CHANGED,sender -> receiver,"[""case_id""]",WITHHOLD,E,,E,False,False,True,True
be268900d643add7bbdc81b2,141,case_id_replacement,SENDER_TO_RECEIVER_CHANGED,sender -> receiver,"[""case_id""]",WITHHOLD,C,,C,False,False,True,True
69a03450491184e1b879b469,142,case_id_replacement,SENDER_TO_RECEIVER_CHANGED,sender -> receiver,"[""case_id""]",WITHHOLD,D,,D,False,False,True,True
2f02e2fc43d38561645fe9ff,143,case_id_replacement,SENDER_TO_RECEIVER_CHANGED,sender -> receiver,"[""case_id""]",WITHHOLD,B,,B,False,False,True,True
1a5d9265a59f6043d73bc4d7,144,case_id_replacement,SENDER_TO_RECEIVER_CHANGED,sender -> receiver,"[""case_id""]",WITHHOLD,E,,E,False,False,True,True
cf241b1338e8cb6b34f5b94c,145,case_id_replacement,SENDER_TO_RECEIVER_CHANGED,sender -> receiver,"[""case_id""]",WITHHOLD,B,,B,False,False,True,True
3cc89acef192107878cdaa1c,146,case_id_replacement,SENDER_TO_RECEIVER_CHANGED,sender -> receiver,"[""case_id""]",WITHHOLD,D,,D,False,False,True,True
d45b741534ee76ba988a1067,147,case_id_replacement,SENDER_TO_RECEIVER_CHANGED,sender -> receiver,"[""case_id""]",WITHHOLD,F,,F,False,False,True,True
12c782ea097e42c3a7c8ea08,148,case_id_replacement,SENDER_TO_RECEIVER_CHANGED,sender -> receiver,"[""case_id""]",WITHHOLD,E,,E,False,False,True,True
30fb99062582c323c0f393c3,149,case_id_replacement,SENDER_TO_RECEIVER_CHANGED,sender -> receiver,"[""case_id""]",WITHHOLD,F,,F,False,False,True,True
0ef11b917c8e111039b710d0,150,case_id_replacement,SENDER_TO_RECEIVER_CHANGED,sender -> receiver,"[""case_id""]",WITHHOLD,D,,D,False,False,True,True
b48bcfbc7749cd4ec0dca56d,151,case_id_replacement,SENDER_TO_RECEIVER_CHANGED,sender -> receiver,"[""case_id""]",WITHHOLD,C,,C,False,False,True,True
baa5d8816b624860f4f9ad57,152,case_id_replacement,SENDER_TO_RECEIVER_CHANGED,sender -> receiver,"[""case_id""]",WITHHOLD,C,,C,False,False,True,True
fd694e407c96058e5b281351,153,case_id_replacement,SENDER_TO_RECEIVER_CHANGED,sender -> receiver,"[""case_id""]",WITHHOLD,F,,F,False,False,True,True
cf66ac025dc11bc0878a5f4c,154,case_id_replacement,SENDER_TO_RECEIVER_CHANGED,sender -> receiver,"[""case_id""]",WITHHOLD,C,,C,False,False,True,True
d0e56a498df2cae219a867e0,155,case_id_replacement,SENDER_TO_RECEIVER_CHANGED,sender -> receiver,"[""case_id""]",WITHHOLD,E,,E,False,False,True,True
339841bc4c81a8747105d54f,156,case_id_replacement,SENDER_TO_RECEIVER_CHANGED,sender -> receiver,"[""case_id""]",WITHHOLD,B,,B,False,False,True,True
2119b78c4ca90b668b65358d,157,case_id_replacement,SENDER_TO_RECEIVER_CHANGED,sender -> receiver,"[""case_id""]",WITHHOLD,C,,C,False,False,True,True
bf9a1d1c992f8f3e26e47a97,158,case_id_replacement,SENDER_TO_RECEIVER_CHANGED,sender -> receiver,"[""case_id""]",WITHHOLD,B,,B,False,False,True,True
0122f1d2380627ee793ca036,159,case_id_replacement,SENDER_TO_RECEIVER_CHANGED,sender -> receiver,"[""case_id""]",WITHHOLD,E,,E,False,False,True,True
073fa566a225b95801181f0c,160,case_id_replacement,SENDER_TO_RECEIVER_CHANGED,sender -> receiver,"[""case_id""]",WITHHOLD,E,,E,False,False,True,True
6ff00d5b28526f2de26136ab,161,case_id_replacement,SENDER_TO_RECEIVER_CHANGED,sender -> receiver,"[""case_id""]",WITHHOLD,A,,A,False,False,True,True
6e464788e646e5cb9e79e6dd,162,case_id_replacement,SENDER_TO_RECEIVER_CHANGED,sender -> receiver,"[""case_id""]",WITHHOLD,F,,F,False,False,True,True
36aab65c7078e3fc4707921e,163,case_id_replacement,SENDER_TO_RECEIVER_CHANGED,sender -> receiver,"[""case_id""]",WITHHOLD,E,,E,False,False,True,True
c4514956c2cb4eb13d95320e,164,case_id_replacement,SENDER_TO_RECEIVER_CHANGED,sender -> receiver,"[""case_id""]",WITHHOLD,A,,A,False,False,True,True
0cbca1915ed9881d4c980791,165,case_id_replacement,SENDER_TO_RECEIVER_CHANGED,sender -> receiver,"[""case_id""]",WITHHOLD,B,,B,False,False,True,True
1d42438ae98fe38f7a8ed803,166,case_id_replacement,SENDER_TO_RECEIVER_CHANGED,sender -> receiver,"[""case_id""]",WITHHOLD,C,,C,False,False,True,True
a72b0066ce1c3cd8bc372209,167,case_id_replacement,SENDER_TO_RECEIVER_CHANGED,sender -> receiver,"[""case_id""]",WITHHOLD,G,,G,False,False,True,True
18e892348e0d0254ca9cd311,168,case_id_replacement,SENDER_TO_RECEIVER_CHANGED,sender -> receiver,"[""case_id""]",WITHHOLD,F,,F,False,False,True,True
6b18a35bbec17cf80b1ad794,169,case_id_replacement,SENDER_TO_RECEIVER_CHANGED,sender -> receiver,"[""case_id""]",WITHHOLD,C,,C,False,False,True,True
b8b65fb6ca789893912162b5,170,case_id_replacement,SENDER_TO_RECEIVER_CHANGED,sender -> receiver,"[""case_id""]",WITHHOLD,A,,A,False,False,True,True
c4e30d1390b43b2d3e7bd33b,171,case_id_replacement,SENDER_TO_RECEIVER_CHANGED,sender -> receiver,"[""case_id""]",WITHHOLD,C,,C,False,False,True,True
1dedb828d80bbbb4db3bc1b0,172,case_id_replacement,SENDER_TO_RECEIVER_CHANGED,sender -> receiver,"[""case_id""]",WITHHOLD,A,,A,False,False,True,True
cd0b293e51338cf46b00ac28,173,case_id_replacement,SENDER_TO_RECEIVER_CHANGED,sender -> receiver,"[""case_id""]",WITHHOLD,E,,E,False,False,True,True
27e2b8004dcab5d4f9a17d01,174,case_id_replacement,SENDER_TO_RECEIVER_CHANGED,sender -> receiver,"[""case_id""]",WITHHOLD,F,,F,False,False,True,True
2d856fa29836e965a42908b8,175,case_id_replacement,SENDER_TO_RECEIVER_CHANGED,sender -> receiver,"[""case_id""]",WITHHOLD,G,,G,False,False,True,True
9161cb45b4efa1fcd3203dd4,176,case_id_replacement,SENDER_TO_RECEIVER_CHANGED,sender -> receiver,"[""case_id""]",WITHHOLD,F,,F,False,False,True,True
df73916acbce6fc9ce4be7af,177,case_id_replacement,SENDER_TO_RECEIVER_CHANGED,sender -> receiver,"[""case_id""]",WITHHOLD,F,,F,False,False,True,True
308593a04883c09e1eea19b9,178,case_id_replacement,SENDER_TO_RECEIVER_CHANGED,sender -> receiver,"[""case_id""]",WITHHOLD,A,,A,False,False,True,True
3dd95bb2b259c3a08d047f8a,179,case_id_replacement,SENDER_TO_RECEIVER_CHANGED,sender -> receiver,"[""case_id""]",WITHHOLD,B,,B,False,False,True,True
a38b6ec8a27369a791c1131e,180,case_id_replacement,SENDER_TO_RECEIVER_CHANGED,sender -> receiver,"[""case_id""]",WITHHOLD,G,,G,False,False,True,True
53e253a1a89288165f2f99b5,181,case_id_replacement,SENDER_TO_RECEIVER_CHANGED,sender -> receiver,"[""case_id""]",WITHHOLD,A,,A,False,False,True,True
4204ed7732ea21e8bfa41357,182,case_id_replacement,SENDER_TO_RECEIVER_CHANGED,sender -> receiver,"[""case_id""]",WITHHOLD,C,,C,False,False,True,True
686e124fed73112d1fc0a928,183,case_id_replacement,SENDER_TO_RECEIVER_CHANGED,sender -> receiver,"[""case_id""]",WITHHOLD,B,,B,False,False,True,True
b94389fe80c83d5125d2cdff,184,case_id_replacement,SENDER_TO_RECEIVER_CHANGED,sender -> receiver,"[""case_id""]",WITHHOLD,D,,D,False,False,True,True
6af076f26c98aafeda96dc7d,185,case_id_replacement,SENDER_TO_RECEIVER_CHANGED,sender -> receiver,"[""case_id""]",WITHHOLD,A,,A,False,False,True,True
f057bd40cfb10487839d0f34,186,case_id_replacement,SENDER_TO_RECEIVER_CHANGED,sender -> receiver,"[""case_id""]",WITHHOLD,G,,G,False,False,True,True
b424197b583bacf5e902b711,187,case_id_replacement,SENDER_TO_RECEIVER_CHANGED,sender -> receiver,"[""case_id""]",WITHHOLD,B,,B,False,False,True,True
3507925a93977d5806f84fb7,188,case_id_replacement,SENDER_TO_RECEIVER_CHANGED,sender -> receiver,"[""case_id""]",WITHHOLD,C,,C,False,False,True,True
2ece26e60eb4eff2025efd88,189,case_id_replacement,SENDER_TO_RECEIVER_CHANGED,sender -> receiver,"[""case_id""]",WITHHOLD,B,,B,False,False,True,True
fed930e2b827e9f7ce2f38ae,190,case_id_replacement,SENDER_TO_RECEIVER_CHANGED,sender -> receiver,"[""case_id""]",WITHHOLD,B,,B,False,False,True,True
015085bc243106d00c918f75,191,case_id_replacement,SENDER_TO_RECEIVER_CHANGED,sender -> receiver,"[""case_id""]",WITHHOLD,E,,E,False,False,True,True
ed01d07caea3be7a90534869,192,case_id_replacement,SENDER_TO_RECEIVER_CHANGED,sender -> receiver,"[""case_id""]",WITHHOLD,E,,E,False,False,True,True
3d4e3e9bab4ba9582fb1c766,193,case_id_replacement,SENDER_TO_RECEIVER_CHANGED,sender -> receiver,"[""case_id""]",WITHHOLD,C,,C,False,False,True,True
2d10f31c955bf851a13d9e4d,194,case_id_replacement,SENDER_TO_RECEIVER_CHANGED,sender -> receiver,"[""case_id""]",WITHHOLD,G,,G,False,False,True,True
b64af5ee3848b9e07504f77f,195,case_id_replacement,SENDER_TO_RECEIVER_CHANGED,sender -> receiver,"[""case_id""]",WITHHOLD,C,,C,False,False,True,True
83b04f1eefbc6d62ac2120e1,196,case_id_replacement,SENDER_TO_RECEIVER_CHANGED,sender -> receiver,"[""case_id""]",WITHHOLD,D,,D,False,False,True,True
7c879cb3e82fc8a10dd7d6cf,197,case_id_replacement,SENDER_TO_RECEIVER_CHANGED,sender -> receiver,"[""case_id""]",WITHHOLD,E,,E,False,False,True,True
b103ec06f493b1ac429286c1,198,case_id_replacement,SENDER_TO_RECEIVER_CHANGED,sender -> receiver,"[""case_id""]",WITHHOLD,B,,B,False,False,True,True
210fa05d0be33d1c0db16aaf,199,case_id_replacement,SENDER_TO_RECEIVER_CHANGED,sender -> receiver,"[""case_id""]",WITHHOLD,D,,D,False,False,True,True
679fb8d91a7609b06e468ad9,200,case_id_replacement,SENDER_TO_RECEIVER_CHANGED,sender -> receiver,"[""case_id""]",WITHHOLD,E,,E,False,False,True,True
bce4dbceb5475c5f80fc65dd,201,case_id_replacement,SENDER_TO_RECEIVER_CHANGED,sender -> receiver,"[""case_id""]",WITHHOLD,B,,B,False,False,True,True
d04701e97f916517d42ba9c0,202,case_id_replacement,SENDER_TO_RECEIVER_CHANGED,sender -> receiver,"[""case_id""]",WITHHOLD,B,,B,False,False,True,True
184988af6a975dd8e3cf6d18,203,case_id_replacement,SENDER_TO_RECEIVER_CHANGED,sender -> receiver,"[""case_id""]",WITHHOLD,G,,G,False,False,True,True
29a199c51cdffa7114478158,204,case_id_replacement,SENDER_TO_RECEIVER_CHANGED,sender -> receiver,"[""case_id""]",WITHHOLD,A,,A,False,False,True,True
b3ce057accb65a3cb621699f,205,case_id_replacement,SENDER_TO_RECEIVER_CHANGED,sender -> receiver,"[""case_id""]",WITHHOLD,D,,D,False,False,True,True
b41aac4b48e30a6177b6fab5,206,case_id_replacement,SENDER_TO_RECEIVER_CHANGED,sender -> receiver,"[""case_id""]",WITHHOLD,B,,B,False,False,True,True
770d16b64b1d7c72d332f70c,207,case_id_replacement,SENDER_TO_RECEIVER_CHANGED,sender -> receiver,"[""case_id""]",WITHHOLD,A,,A,False,False,True,True
a87de2d55943d02f946d9725,208,case_id_replacement,SENDER_TO_RECEIVER_CHANGED,sender -> receiver,"[""case_id""]",WITHHOLD,E,,E,False,False,True,True
274c2d757259c476f0e68a33,209,case_id_replacement,SENDER_TO_RECEIVER_CHANGED,sender -> receiver,"[""case_id""]",WITHHOLD,G,,G,False,False,True,True
9ede6252fc7107b0ec77b9d3,210,case_id_replacement,SENDER_TO_RECEIVER_CHANGED,sender -> receiver,"[""case_id""]",WITHHOLD,C,,C,False,False,True,True
6f8099a5531e70dd4c585e6d,211,case_id_replacement,SENDER_TO_RECEIVER_CHANGED,sender -> receiver,"[""case_id""]",WITHHOLD,C,,C,False,False,True,True
b1c7c8898da19014aea28d55,212,case_id_replacement,SENDER_TO_RECEIVER_CHANGED,sender -> receiver,"[""case_id""]",WITHHOLD,G,,G,False,False,True,True
03c68922946a3ea72b17b7b2,213,case_id_replacement,SENDER_TO_RECEIVER_CHANGED,sender -> receiver,"[""case_id""]",WITHHOLD,F,,F,False,False,True,True
9fca997e3184aa71f78d90da,214,case_id_replacement,SENDER_TO_RECEIVER_CHANGED,sender -> receiver,"[""case_id""]",WITHHOLD,C,,C,False,False,True,True
d5236f1c01653f2e9e056b3b,215,case_id_replacement,SENDER_TO_RECEIVER_CHANGED,sender -> receiver,"[""case_id""]",WITHHOLD,D,,D,False,False,True,True
52ae049f55eea14421783522,216,case_id_replacement,SENDER_TO_RECEIVER_CHANGED,sender -> receiver,"[""case_id""]",WITHHOLD,D,,D,False,False,True,True
f60cf77a822ad439692fe9c9,217,case_id_replacement,SENDER_TO_RECEIVER_CHANGED,sender -> receiver,"[""case_id""]",WITHHOLD,B,,B,False,False,True,True
af9efd0373df5d44c5522900,218,case_id_replacement,SENDER_TO_RECEIVER_CHANGED,sender -> receiver,"[""case_id""]",WITHHOLD,D,,D,False,False,True,True
04cbdcf4dfe4881dc048a04c,219,case_id_replacement,SENDER_TO_RECEIVER_CHANGED,sender -> receiver,"[""case_id""]",WITHHOLD,A,,A,False,False,True,True
9c50c5363be8066cbc0fe99f,220,case_id_replacement,SENDER_TO_RECEIVER_CHANGED,sender -> receiver,"[""case_id""]",WITHHOLD,G,,G,False,False,True,True
cf8b337fc29441d9fbb83600,221,case_id_replacement,SENDER_TO_RECEIVER_CHANGED,sender -> receiver,"[""case_id""]",WITHHOLD,B,,B,False,False,True,True
0e775a794afbcb0ea45281f2,222,case_id_replacement,SENDER_TO_RECEIVER_CHANGED,sender -> receiver,"[""case_id""]",WITHHOLD,C,,C,False,False,True,True
498198b80e18af3d63cc9517,223,case_id_replacement,SENDER_TO_RECEIVER_CHANGED,sender -> receiver,"[""case_id""]",WITHHOLD,G,,G,False,False,True,True
974e792160b98ac19b1d350a,224,case_id_replacement,SENDER_TO_RECEIVER_CHANGED,sender -> receiver,"[""case_id""]",WITHHOLD,D,,D,False,False,True,True
8a7862f63afe42b27ce80b5e,225,case_id_replacement,SENDER_TO_RECEIVER_CHANGED,sender -> receiver,"[""case_id""]",WITHHOLD,F,,F,False,False,True,True
d8f5967c77616b90b909ffe0,226,case_id_replacement,SENDER_TO_RECEIVER_CHANGED,sender -> receiver,"[""case_id""]",WITHHOLD,B,,B,False,False,True,True
b40b69051b9badd825b87238,227,case_id_replacement,SENDER_TO_RECEIVER_CHANGED,sender -> receiver,"[""case_id""]",WITHHOLD,C,,C,False,False,True,True
f7b38e8576412fb6df796a35,228,case_id_replacement,SENDER_TO_RECEIVER_CHANGED,sender -> receiver,"[""case_id""]",WITHHOLD,E,,E,False,False,True,True
64ed157a08bc9bf9ff9555a1,229,case_id_replacement,SENDER_TO_RECEIVER_CHANGED,sender -> receiver,"[""case_id""]",WITHHOLD,E,,E,False,False,True,True
5a708e1b6a19eda00c6746eb,230,case_id_replacement,SENDER_TO_RECEIVER_CHANGED,sender -> receiver,"[""case_id""]",WITHHOLD,F,,F,False,False,True,True
14bd61072bfaafca2e923bf8,231,case_id_replacement,SENDER_TO_RECEIVER_CHANGED,sender -> receiver,"[""case_id""]",WITHHOLD,F,,F,False,False,True,True
4da664e807fca2967c6c0bd5,232,case_id_replacement,SENDER_TO_RECEIVER_CHANGED,sender -> receiver,"[""case_id""]",WITHHOLD,G,,G,False,False,True,True
dfa6df058cf7ca8c8cb72462,233,case_id_replacement,SENDER_TO_RECEIVER_CHANGED,sender -> receiver,"[""case_id""]",WITHHOLD,C,,C,False,False,True,True
83c8620e1ec8447a65b4e7f4,234,case_id_replacement,SENDER_TO_RECEIVER_CHANGED,sender -> receiver,"[""case_id""]",WITHHOLD,B,,B,False,False,True,True
562cbe6489f192b9dec88b20,235,case_id_replacement,SENDER_TO_RECEIVER_CHANGED,sender -> receiver,"[""case_id""]",WITHHOLD,A,,A,False,False,True,True
6c704c7efd1dc6c248e9a6f4,236,case_id_replacement,SENDER_TO_RECEIVER_CHANGED,sender -> receiver,"[""case_id""]",WITHHOLD,F,,F,False,False,True,True
0d99bfe174695b59d52330c4,237,case_id_replacement,SENDER_TO_RECEIVER_CHANGED,sender -> receiver,"[""case_id""]",WITHHOLD,A,,A,False,False,True,True
4bfc98e04b1da239a3b0dfb7,238,case_id_replacement,SENDER_TO_RECEIVER_CHANGED,sender -> receiver,"[""case_id""]",WITHHOLD,F,,F,False,False,True,True
b619c91c46ea52225ca70111,239,case_id_replacement,SENDER_TO_RECEIVER_CHANGED,sender -> receiver,"[""case_id""]",WITHHOLD,F,,F,False,False,True,True
291f6d7273ba7c0d981f3102,240,case_id_replacement,SENDER_TO_RECEIVER_CHANGED,sender -> receiver,"[""case_id""]",WITHHOLD,E,,E,False,False,True,True
fd58bb1700c204fc11b98874,241,case_id_replacement,SENDER_TO_RECEIVER_CHANGED,sender -> receiver,"[""case_id""]",WITHHOLD,G,,G,False,False,True,True
99cfe7f423640f0b56f7349d,242,case_id_replacement,SENDER_TO_RECEIVER_CHANGED,sender -> receiver,"[""case_id""]",WITHHOLD,F,,F,False,False,True,True
5affc270ca5172a7682b2f8e,243,case_id_replacement,SENDER_TO_RECEIVER_CHANGED,sender -> receiver,"[""case_id""]",WITHHOLD,C,,C,False,False,True,True
b09a01141c5e3625fe4b7885,244,case_id_replacement,SENDER_TO_RECEIVER_CHANGED,sender -> receiver,"[""case_id""]",WITHHOLD,C,,C,False,False,True,True
75c01766ba644cfc54ba9e23,245,case_id_replacement,SENDER_TO_RECEIVER_CHANGED,sender -> receiver,"[""case_id""]",WITHHOLD,A,,A,False,False,True,True
0ef1beddfa8052d66e67d0e5,246,case_id_replacement,SENDER_TO_RECEIVER_CHANGED,sender -> receiver,"[""case_id""]",WITHHOLD,D,,D,False,False,True,True
2fdb431a1e5642b9ac719ef2,247,case_id_replacement,SENDER_TO_RECEIVER_CHANGED,sender -> receiver,"[""case_id""]",WITHHOLD,A,,A,False,False,True,True
034dbc9ebe4a2f4f407f1b65,248,case_id_replacement,SENDER_TO_RECEIVER_CHANGED,sender -> receiver,"[""case_id""]",WITHHOLD,F,,F,False,False,True,True
8f38d301cca86dfa15f1b69c,249,case_id_replacement,SENDER_TO_RECEIVER_CHANGED,sender -> receiver,"[""case_id""]",WITHHOLD,D,,D,False,False,True,True
fc50f5ef33a2370dc1a0b6e6,0,certificate_damage,SENDER_TO_RECEIVER_CHANGED,sender -> receiver,"[""satisfying_order""]",WITHHOLD,D,,D,False,False,True,True
1c82ed58e9bdc3c1d4e70fa5,1,certificate_damage,SENDER_TO_RECEIVER_CHANGED,sender -> receiver,"[""satisfying_order""]",WITHHOLD,B,,B,False,False,True,True
472288c9b758bab243945f72,2,certificate_damage,SENDER_TO_RECEIVER_CHANGED,sender -> receiver,"[""satisfying_order""]",WITHHOLD,A,,A,False,False,True,True
c7d6c42c4e05f4f3caac6096,3,certificate_damage,SENDER_TO_RECEIVER_CHANGED,sender -> receiver,"[""satisfying_order""]",WITHHOLD,A,,A,False,False,True,True
2485e77096e7b94d2eda61d4,4,certificate_damage,SENDER_TO_RECEIVER_CHANGED,sender -> receiver,"[""satisfying_order""]",WITHHOLD,F,,F,False,False,True,True
143d3fcac4a67cd25ffb436f,5,certificate_damage,SENDER_TO_RECEIVER_CHANGED,sender -> receiver,"[""satisfying_order""]",WITHHOLD,B,,B,False,False,True,True
313a78a1aa16ba54c110940d,6,certificate_damage,SENDER_TO_RECEIVER_CHANGED,sender -> receiver,"[""satisfying_order""]",WITHHOLD,E,,E,False,False,True,True
feb231cd408aa0056d10f71e,7,certificate_damage,SENDER_TO_RECEIVER_CHANGED,sender -> receiver,"[""satisfying_order""]",WITHHOLD,B,,B,False,False,True,True
9f4543af011c448e504cb755,8,certificate_damage,SENDER_TO_RECEIVER_CHANGED,sender -> receiver,"[""satisfying_order""]",WITHHOLD,C,,C,False,False,True,True
89c8893cbb472cb8f5f857c7,9,certificate_damage,SENDER_TO_RECEIVER_CHANGED,sender -> receiver,"[""satisfying_order""]",WITHHOLD,B,,B,False,False,True,True
c84332c08cbcf44e5e21867d,10,certificate_damage,SENDER_TO_RECEIVER_CHANGED,sender -> receiver,"[""satisfying_order""]",WITHHOLD,G,,G,False,False,True,True
a6c18e14f22ff2769730a904,11,certificate_damage,SENDER_TO_RECEIVER_CHANGED,sender -> receiver,"[""satisfying_order""]",WITHHOLD,C,,C,False,False,True,True
49c1732589039a2d76777511,12,certificate_damage,SENDER_TO_RECEIVER_CHANGED,sender -> receiver,"[""satisfying_order""]",WITHHOLD,D,,D,False,False,True,True
891bfbc3f06194582a365e1e,13,certificate_damage,SENDER_TO_RECEIVER_CHANGED,sender -> receiver,"[""satisfying_order""]",WITHHOLD,F,,F,False,False,True,True
e5ae5083c546d1ace22bf787,14,certificate_damage,SENDER_TO_RECEIVER_CHANGED,sender -> receiver,"[""satisfying_order""]",WITHHOLD,A,,A,False,False,True,True
b1f4a95bd244664d7b732181,15,certificate_damage,SENDER_TO_RECEIVER_CHANGED,sender -> receiver,"[""satisfying_order""]",WITHHOLD,E,,E,False,False,True,True
1adeaa85100974aeee96d58a,16,certificate_damage,SENDER_TO_RECEIVER_CHANGED,sender -> receiver,"[""satisfying_order""]",WITHHOLD,B,,B,False,False,True,True
bbff561acc75d71162bea8c1,17,certificate_damage,SENDER_TO_RECEIVER_CHANGED,sender -> receiver,"[""satisfying_order""]",WITHHOLD,E,,E,False,False,True,True
e06cfd44cdd9331af7939f76,18,certificate_damage,SENDER_TO_RECEIVER_CHANGED,sender -> receiver,"[""satisfying_order""]",WITHHOLD,G,,G,False,False,True,True
c8bdbdbb96f3306aff07ccac,19,certificate_damage,SENDER_TO_RECEIVER_CHANGED,sender -> receiver,"[""satisfying_order""]",WITHHOLD,A,,A,False,False,True,True
3f94b6584daa7dc77df5ad46,20,certificate_damage,SENDER_TO_RECEIVER_CHANGED,sender -> receiver,"[""satisfying_order""]",WITHHOLD,D,,D,False,False,True,True
d03c4a3ae0f0caf78b228462,21,certificate_damage,SENDER_TO_RECEIVER_CHANGED,sender -> receiver,"[""satisfying_order""]",WITHHOLD,C,,C,False,False,True,True
6fb3b42d8aef870027d28d8f,22,certificate_damage,SENDER_TO_RECEIVER_CHANGED,sender -> receiver,"[""satisfying_order""]",WITHHOLD,A,,A,False,False,True,True
ac367df25f477d16faf78d43,23,certificate_damage,SENDER_TO_RECEIVER_CHANGED,sender -> receiver,"[""satisfying_order""]",WITHHOLD,E,,E,False,False,True,True
d4cf832260ec9b580c2af21e,24,certificate_damage,SENDER_TO_RECEIVER_CHANGED,sender -> receiver,"[""satisfying_order""]",WITHHOLD,D,,D,False,False,True,True
7dd54c6a01363d83179d882d,25,certificate_damage,SENDER_TO_RECEIVER_CHANGED,sender -> receiver,"[""satisfying_order""]",WITHHOLD,A,,A,False,False,True,True
8322bcae9b396ae9b9096c6e,26,certificate_damage,SENDER_TO_RECEIVER_CHANGED,sender -> receiver,"[""satisfying_order""]",WITHHOLD,F,,F,False,False,True,True
1d408b1712020dd4d1e0396f,27,certificate_damage,SENDER_TO_RECEIVER_CHANGED,sender -> receiver,"[""satisfying_order""]",WITHHOLD,C,,C,False,False,True,True
73e78d593c580d55f6755225,28,certificate_damage,SENDER_TO_RECEIVER_CHANGED,sender -> receiver,"[""satisfying_order""]",WITHHOLD,B,,B,False,False,True,True
411182a7b8ec9e9001095896,29,certificate_damage,SENDER_TO_RECEIVER_CHANGED,sender -> receiver,"[""satisfying_order""]",WITHHOLD,E,,E,False,False,True,True
8db45824fe124ec3761ee9e7,30,certificate_damage,SENDER_TO_RECEIVER_CHANGED,sender -> receiver,"[""satisfying_order""]",WITHHOLD,C,,C,False,False,True,True
b333eacac432d5d06053c774,31,certificate_damage,SENDER_TO_RECEIVER_CHANGED,sender -> receiver,"[""satisfying_order""]",WITHHOLD,D,,D,False,False,True,True
ab761560d50fcfe45f3f69fc,32,certificate_damage,SENDER_TO_RECEIVER_CHANGED,sender -> receiver,"[""satisfying_order""]",WITHHOLD,C,,C,False,False,True,True
b305ceac5c73acbf18356ddb,33,certificate_damage,SENDER_TO_RECEIVER_CHANGED,sender -> receiver,"[""satisfying_order""]",WITHHOLD,A,,A,False,False,True,True
ad326b3edfda2a8c8ac646d7,34,certificate_damage,SENDER_TO_RECEIVER_CHANGED,sender -> receiver,"[""satisfying_order""]",WITHHOLD,G,,G,False,False,True,True
41f21ab066b01b46189124b3,35,certificate_damage,SENDER_TO_RECEIVER_CHANGED,sender -> receiver,"[""satisfying_order""]",WITHHOLD,A,,A,False,False,True,True
620029c662a773e2686ff93f,36,certificate_damage,SENDER_TO_RECEIVER_CHANGED,sender -> receiver,"[""satisfying_order""]",WITHHOLD,F,,F,False,False,True,True
905211faecc1195e91166c1b,37,certificate_damage,SENDER_TO_RECEIVER_CHANGED,sender -> receiver,"[""satisfying_order""]",WITHHOLD,C,,C,False,False,True,True
09f338a44aa0378d198dd0ca,38,certificate_damage,SENDER_TO_RECEIVER_CHANGED,sender -> receiver,"[""satisfying_order""]",WITHHOLD,A,,A,False,False,True,True
3d736619d1c8fcb42eeea53c,39,certificate_damage,SENDER_TO_RECEIVER_CHANGED,sender -> receiver,"[""satisfying_order""]",WITHHOLD,G,,G,False,False,True,True
55dddac6a2f3f13ac5d4f160,40,certificate_damage,SENDER_TO_RECEIVER_CHANGED,sender -> receiver,"[""satisfying_order""]",WITHHOLD,C,,C,False,False,True,True
7f0f616ed3b129587058e332,41,certificate_damage,SENDER_TO_RECEIVER_CHANGED,sender -> receiver,"[""satisfying_order""]",WITHHOLD,D,,D,False,False,True,True
9ccb9a615517a0067b707870,42,certificate_damage,SENDER_TO_RECEIVER_CHANGED,sender -> receiver,"[""satisfying_order""]",WITHHOLD,E,,E,False,False,True,True
fdfeeaf171bfd8c9c78d1b8d,43,certificate_damage,SENDER_TO_RECEIVER_CHANGED,sender -> receiver,"[""satisfying_order""]",WITHHOLD,D,,D,False,False,True,True
8f218e7a256c876e124cfbff,44,certificate_damage,SENDER_TO_RECEIVER_CHANGED,sender -> receiver,"[""satisfying_order""]",WITHHOLD,A,,A,False,False,True,True
290b35358c7ecc75ee30faf4,45,certificate_damage,SENDER_TO_RECEIVER_CHANGED,sender -> receiver,"[""satisfying_order""]",WITHHOLD,B,,B,False,False,True,True
ed6f4264397250976a299946,46,certificate_damage,SENDER_TO_RECEIVER_CHANGED,sender -> receiver,"[""satisfying_order""]",WITHHOLD,D,,D,False,False,True,True
7ec682d24cc81a8213c2edf3,47,certificate_damage,SENDER_TO_RECEIVER_CHANGED,sender -> receiver,"[""satisfying_order""]",WITHHOLD,B,,B,False,False,True,True
feaa7102b47ab332aa36e677,48,certificate_damage,SENDER_TO_RECEIVER_CHANGED,sender -> receiver,"[""satisfying_order""]",WITHHOLD,F,,F,False,False,True,True
a8b8ead23fd90d25ff7c5e03,49,certificate_damage,SENDER_TO_RECEIVER_CHANGED,sender -> receiver,"[""satisfying_order""]",WITHHOLD,F,,F,False,False,True,True
cbf5f96ee535466dc813bcc1,50,certificate_damage,SENDER_TO_RECEIVER_CHANGED,sender -> receiver,"[""satisfying_order""]",WITHHOLD,F,,F,False,False,True,True
f909c95e77d71f70b69b6b4d,51,certificate_damage,SENDER_TO_RECEIVER_CHANGED,sender -> receiver,"[""satisfying_order""]",WITHHOLD,A,,A,False,False,True,True
a18efdee238b10df1c8b6268,52,certificate_damage,SENDER_TO_RECEIVER_CHANGED,sender -> receiver,"[""satisfying_order""]",WITHHOLD,C,,C,False,False,True,True
c1ebccbd6da7ef5750d87c6a,53,certificate_damage,SENDER_TO_RECEIVER_CHANGED,sender -> receiver,"[""satisfying_order""]",WITHHOLD,D,,D,False,False,True,True
74a474cbf56eec0094a189dc,54,certificate_damage,SENDER_TO_RECEIVER_CHANGED,sender -> receiver,"[""satisfying_order""]",WITHHOLD,B,,B,False,False,True,True
b4d2ca5f668abd96e1ccc02b,55,certificate_damage,SENDER_TO_RECEIVER_CHANGED,sender -> receiver,"[""satisfying_order""]",WITHHOLD,E,,E,False,False,True,True
24c04e3d95381a84223f8a33,56,certificate_damage,SENDER_TO_RECEIVER_CHANGED,sender -> receiver,"[""satisfying_order""]",WITHHOLD,G,,G,False,False,True,True
fb1f9bd9267cd63cb23e57d0,57,certificate_damage,SENDER_TO_RECEIVER_CHANGED,sender -> receiver,"[""satisfying_order""]",WITHHOLD,F,,F,False,False,True,True
a931cb8b747084ec3bb2cd82,58,certificate_damage,SENDER_TO_RECEIVER_CHANGED,sender -> receiver,"[""satisfying_order""]",WITHHOLD,D,,D,False,False,True,True
716c8e0720fe7f60d2b3f1e3,59,certificate_damage,SENDER_TO_RECEIVER_CHANGED,sender -> receiver,"[""satisfying_order""]",WITHHOLD,D,,D,False,False,True,True
a24c3f0538510b0f219edcdc,60,certificate_damage,SENDER_TO_RECEIVER_CHANGED,sender -> receiver,"[""satisfying_order""]",WITHHOLD,G,,G,False,False,True,True
b94b4a484b22fc66985fc69a,61,certificate_damage,SENDER_TO_RECEIVER_CHANGED,sender -> receiver,"[""satisfying_order""]",WITHHOLD,F,,F,False,False,True,True
b68959e2bde57adb2e3f30d2,62,certificate_damage,SENDER_TO_RECEIVER_CHANGED,sender -> receiver,"[""satisfying_order""]",WITHHOLD,B,,B,False,False,True,True
747f5d8933a1bdc4e81f19b0,63,certificate_damage,SENDER_TO_RECEIVER_CHANGED,sender -> receiver,"[""satisfying_order""]",WITHHOLD,G,,G,False,False,True,True
74a5da98dc89af0add8cbb8d,64,certificate_damage,SENDER_TO_RECEIVER_CHANGED,sender -> receiver,"[""satisfying_order""]",WITHHOLD,A,,A,False,False,True,True
95ee21387acda147e6655a75,65,certificate_damage,SENDER_TO_RECEIVER_CHANGED,sender -> receiver,"[""satisfying_order""]",WITHHOLD,G,,G,False,False,True,True
78696ed35016cfa330833ec5,66,certificate_damage,SENDER_TO_RECEIVER_CHANGED,sender -> receiver,"[""satisfying_order""]",WITHHOLD,E,,E,False,False,True,True
32e34683d7371d78270861f2,67,certificate_damage,SENDER_TO_RECEIVER_CHANGED,sender -> receiver,"[""satisfying_order""]",WITHHOLD,C,,C,False,False,True,True
fa93cd6868273f6f26a2caa7,68,certificate_damage,SENDER_TO_RECEIVER_CHANGED,sender -> receiver,"[""satisfying_order""]",WITHHOLD,F,,F,False,False,True,True
9af1bfcb03759c66c427300c,69,certificate_damage,SENDER_TO_RECEIVER_CHANGED,sender -> receiver,"[""satisfying_order""]",WITHHOLD,G,,G,False,False,True,True
28a426fc5f2fac8ea9036456,70,certificate_damage,SENDER_TO_RECEIVER_CHANGED,sender -> receiver,"[""satisfying_order""]",WITHHOLD,B,,B,False,False,True,True
8e23d2cbd926b834c6e85a65,71,certificate_damage,SENDER_TO_RECEIVER_CHANGED,sender -> receiver,"[""satisfying_order""]",WITHHOLD,C,,C,False,False,True,True
3de8c612e137d4e45455c109,72,certificate_damage,SENDER_TO_RECEIVER_CHANGED,sender -> receiver,"[""satisfying_order""]",WITHHOLD,F,,F,False,False,True,True
eb5418d31c2015a2e96e26f3,73,certificate_damage,SENDER_TO_RECEIVER_CHANGED,sender -> receiver,"[""satisfying_order""]",WITHHOLD,E,,E,False,False,True,True
6e3378bea94f92404097f57e,74,certificate_damage,SENDER_TO_RECEIVER_CHANGED,sender -> receiver,"[""satisfying_order""]",WITHHOLD,A,,A,False,False,True,True
8126daf44d8ead69008f2187,75,certificate_damage,SENDER_TO_RECEIVER_CHANGED,sender -> receiver,"[""satisfying_order""]",WITHHOLD,C,,C,False,False,True,True
a52224834702198823a4ca25,76,certificate_damage,SENDER_TO_RECEIVER_CHANGED,sender -> receiver,"[""satisfying_order""]",WITHHOLD,A,,A,False,False,True,True
2172371426a94019c997884e,77,certificate_damage,SENDER_TO_RECEIVER_CHANGED,sender -> receiver,"[""satisfying_order""]",WITHHOLD,G,,G,False,False,True,True
e6017e3df93aca700ccc8f8f,78,certificate_damage,SENDER_TO_RECEIVER_CHANGED,sender -> receiver,"[""satisfying_order""]",WITHHOLD,A,,A,False,False,True,True
2af3dda504b32571f3d04d61,79,certificate_damage,SENDER_TO_RECEIVER_CHANGED,sender -> receiver,"[""satisfying_order""]",WITHHOLD,B,,B,False,False,True,True
c58d3df1c2c60d2f001aa937,80,certificate_damage,SENDER_TO_RECEIVER_CHANGED,sender -> receiver,"[""satisfying_order""]",WITHHOLD,A,,A,False,False,True,True
9ecbfb35bfddfa66a5bee485,81,certificate_damage,SENDER_TO_RECEIVER_CHANGED,sender -> receiver,"[""satisfying_order""]",WITHHOLD,D,,D,False,False,True,True
96bf2b9909eaa87cbd868159,82,certificate_damage,SENDER_TO_RECEIVER_CHANGED,sender -> receiver,"[""satisfying_order""]",WITHHOLD,E,,E,False,False,True,True
57de1596bbffe49f8ea29c9b,83,certificate_damage,SENDER_TO_RECEIVER_CHANGED,sender -> receiver,"[""satisfying_order""]",WITHHOLD,A,,A,False,False,True,True
deab88fb9d097fb797edf669,84,certificate_damage,SENDER_TO_RECEIVER_CHANGED,sender -> receiver,"[""satisfying_order""]",WITHHOLD,B,,B,False,False,True,True
dccbffe758490fceaeee3ac1,85,certificate_damage,SENDER_TO_RECEIVER_CHANGED,sender -> receiver,"[""satisfying_order""]",WITHHOLD,G,,G,False,False,True,True
d0b96ff7809ec3cc3eb59f55,86,certificate_damage,SENDER_TO_RECEIVER_CHANGED,sender -> receiver,"[""satisfying_order""]",WITHHOLD,D,,D,False,False,True,True
e11c232ff1257103dc1b7fb5,87,certificate_damage,SENDER_TO_RECEIVER_CHANGED,sender -> receiver,"[""satisfying_order""]",WITHHOLD,D,,D,False,False,True,True
0f24adc0d32a89386f9627a2,88,certificate_damage,SENDER_TO_RECEIVER_CHANGED,sender -> receiver,"[""satisfying_order""]",WITHHOLD,E,,E,False,False,True,True
940ef16493b7bfd0d679db19,89,certificate_damage,SENDER_TO_RECEIVER_CHANGED,sender -> receiver,"[""satisfying_order""]",WITHHOLD,D,,D,False,False,True,True
edd25e20b90071a746d1f903,90,certificate_damage,SENDER_TO_RECEIVER_CHANGED,sender -> receiver,"[""satisfying_order""]",WITHHOLD,F,,F,False,False,True,True
146a69eadf80ce5abff91d29,91,certificate_damage,SENDER_TO_RECEIVER_CHANGED,sender -> receiver,"[""satisfying_order""]",WITHHOLD,F,,F,False,False,True,True
76666da154e1b1e8012c9f2f,92,certificate_damage,SENDER_TO_RECEIVER_CHANGED,sender -> receiver,"[""satisfying_order""]",WITHHOLD,D,,D,False,False,True,True
8ec68afb14357a21367ed443,93,certificate_damage,SENDER_TO_RECEIVER_CHANGED,sender -> receiver,"[""satisfying_order""]",WITHHOLD,G,,G,False,False,True,True
7a00e243f69fbc941cb53ef2,94,certificate_damage,SENDER_TO_RECEIVER_CHANGED,sender -> receiver,"[""satisfying_order""]",WITHHOLD,D,,D,False,False,True,True
8ca889bd2f2c843fa841bd5a,95,certificate_damage,SENDER_TO_RECEIVER_CHANGED,sender -> receiver,"[""satisfying_order""]",WITHHOLD,A,,A,False,False,True,True
c5300dbc246ebefd9d007ec5,96,certificate_damage,SENDER_TO_RECEIVER_CHANGED,sender -> receiver,"[""satisfying_order""]",WITHHOLD,G,,G,False,False,True,True
a0b665080303fa6749bef9ee,97,certificate_damage,SENDER_TO_RECEIVER_CHANGED,sender -> receiver,"[""satisfying_order""]",WITHHOLD,E,,E,False,False,True,True
2261aea55d77053e0b215ad3,98,certificate_damage,SENDER_TO_RECEIVER_CHANGED,sender -> receiver,"[""satisfying_order""]",WITHHOLD,F,,F,False,False,True,True
03839d851f4f857079ec5b89,99,certificate_damage,SENDER_TO_RECEIVER_CHANGED,sender -> receiver,"[""satisfying_order""]",WITHHOLD,D,,D,False,False,True,True
44b348157a14b60a48f4b219,100,certificate_damage,SENDER_TO_RECEIVER_CHANGED,sender -> receiver,"[""satisfying_order""]",WITHHOLD,A,,A,False,False,True,True
e08b9887a51d545bdd6942f7,101,certificate_damage,SENDER_TO_RECEIVER_CHANGED,sender -> receiver,"[""satisfying_order""]",WITHHOLD,C,,C,False,False,True,True
f5eac0fd9bd328d0b38c25f9,102,certificate_damage,SENDER_TO_RECEIVER_CHANGED,sender -> receiver,"[""satisfying_order""]",WITHHOLD,E,,E,False,False,True,True
9a172367208131330f9ab35d,103,certificate_damage,SENDER_TO_RECEIVER_CHANGED,sender -> receiver,"[""satisfying_order""]",WITHHOLD,B,,B,False,False,True,True
a53c0ac329983b9d1c2a1932,104,certificate_damage,SENDER_TO_RECEIVER_CHANGED,sender -> receiver,"[""satisfying_order""]",WITHHOLD,C,,C,False,False,True,True
d1a487996998d1e4a8bb10c1,105,certificate_damage,SENDER_TO_RECEIVER_CHANGED,sender -> receiver,"[""satisfying_order""]",WITHHOLD,D,,D,False,False,True,True
3400667792f982532659be78,106,certificate_damage,SENDER_TO_RECEIVER_CHANGED,sender -> receiver,"[""satisfying_order""]",WITHHOLD,B,,B,False,False,True,True
29ef4bcada726d58d96c0319,107,certificate_damage,SENDER_TO_RECEIVER_CHANGED,sender -> receiver,"[""satisfying_order""]",WITHHOLD,C,,C,False,False,True,True
8401eaa4a60ccb8c76172a59,108,certificate_damage,SENDER_TO_RECEIVER_CHANGED,sender -> receiver,"[""satisfying_order""]",WITHHOLD,C,,C,False,False,True,True
1948da7c80773db0710fc1db,109,certificate_damage,SENDER_TO_RECEIVER_CHANGED,sender -> receiver,"[""satisfying_order""]",WITHHOLD,A,,A,False,False,True,True
7e0ec95f2547636aba4e811d,110,certificate_damage,SENDER_TO_RECEIVER_CHANGED,sender -> receiver,"[""satisfying_order""]",WITHHOLD,E,,E,False,False,True,True
031dca5022bfa156d3abf0c3,111,certificate_damage,SENDER_TO_RECEIVER_CHANGED,sender -> receiver,"[""satisfying_order""]",WITHHOLD,B,,B,False,False,True,True
bd32fbf487ee23b9189a6621,112,certificate_damage,SENDER_TO_RECEIVER_CHANGED,sender -> receiver,"[""satisfying_order""]",WITHHOLD,F,,F,False,False,True,True
deadab0eea79fd4ef51729e2,113,certificate_damage,SENDER_TO_RECEIVER_CHANGED,sender -> receiver,"[""satisfying_order""]",WITHHOLD,B,,B,False,False,True,True
9cf682ef95629aa16f1e666c,114,certificate_damage,SENDER_TO_RECEIVER_CHANGED,sender -> receiver,"[""satisfying_order""]",WITHHOLD,G,,G,False,False,True,True
8a4941e13a26da44f466565f,115,certificate_damage,SENDER_TO_RECEIVER_CHANGED,sender -> receiver,"[""satisfying_order""]",WITHHOLD,E,,E,False,False,True,True
0132a43e3beaa2e85d6bc580,116,certificate_damage,SENDER_TO_RECEIVER_CHANGED,sender -> receiver,"[""satisfying_order""]",WITHHOLD,D,,D,False,False,True,True
55c69ae0c76d9fd9cc1e9bfb,117,certificate_damage,SENDER_TO_RECEIVER_CHANGED,sender -> receiver,"[""satisfying_order""]",WITHHOLD,D,,D,False,False,True,True
70c30ab084c67665d461978e,118,certificate_damage,SENDER_TO_RECEIVER_CHANGED,sender -> receiver,"[""satisfying_order""]",WITHHOLD,G,,G,False,False,True,True
315cfaa850e5f03a6ae4204f,119,certificate_damage,SENDER_TO_RECEIVER_CHANGED,sender -> receiver,"[""satisfying_order""]",WITHHOLD,E,,E,False,False,True,True
99e66c6d2aa16388219ebd27,120,certificate_damage,SENDER_TO_RECEIVER_CHANGED,sender -> receiver,"[""satisfying_order""]",WITHHOLD,D,,D,False,False,True,True
dfc75b8c09297b9fd1619af0,121,certificate_damage,SENDER_TO_RECEIVER_CHANGED,sender -> receiver,"[""satisfying_order""]",WITHHOLD,G,,G,False,False,True,True
a1622dceed0e0459aee33d29,122,certificate_damage,SENDER_TO_RECEIVER_CHANGED,sender -> receiver,"[""satisfying_order""]",WITHHOLD,C,,C,False,False,True,True
085fcd896215612b0395f92e,123,certificate_damage,SENDER_TO_RECEIVER_CHANGED,sender -> receiver,"[""satisfying_order""]",WITHHOLD,D,,D,False,False,True,True
6846d0cdc742bad7d9de2d67,124,certificate_damage,SENDER_TO_RECEIVER_CHANGED,sender -> receiver,"[""satisfying_order""]",WITHHOLD,A,,A,False,False,True,True
82df8dda3adbd17fe7866242,125,certificate_damage,SENDER_TO_RECEIVER_CHANGED,sender -> receiver,"[""satisfying_order""]",WITHHOLD,G,,G,False,False,True,True
65f0cc339f41976c5b820a62,126,certificate_damage,SENDER_TO_RECEIVER_CHANGED,sender -> receiver,"[""satisfying_order""]",WITHHOLD,D,,D,False,False,True,True
5f5b601e6bbe6766f363f2ef,127,certificate_damage,SENDER_TO_RECEIVER_CHANGED,sender -> receiver,"[""satisfying_order""]",WITHHOLD,F,,F,False,False,True,True
db2f10bff506cfde14ebae08,128,certificate_damage,SENDER_TO_RECEIVER_CHANGED,sender -> receiver,"[""satisfying_order""]",WITHHOLD,B,,B,False,False,True,True
835674f3e1e09f69aa191d0a,129,certificate_damage,SENDER_TO_RECEIVER_CHANGED,sender -> receiver,"[""satisfying_order""]",WITHHOLD,A,,A,False,False,True,True
8d86db2ffb454a28aae4d6c1,130,certificate_damage,SENDER_TO_RECEIVER_CHANGED,sender -> receiver,"[""satisfying_order""]",WITHHOLD,C,,C,False,False,True,True
c660dede44247cdffade6111,131,certificate_damage,SENDER_TO_RECEIVER_CHANGED,sender -> receiver,"[""satisfying_order""]",WITHHOLD,G,,G,False,False,True,True
af59598c4f1e0a2f4176c56a,132,certificate_damage,SENDER_TO_RECEIVER_CHANGED,sender -> receiver,"[""satisfying_order""]",WITHHOLD,A,,A,False,False,True,True
2819564c948e5368666dc2f9,133,certificate_damage,SENDER_TO_RECEIVER_CHANGED,sender -> receiver,"[""satisfying_order""]",WITHHOLD,B,,B,False,False,True,True
78002c11ac14401161121141,134,certificate_damage,SENDER_TO_RECEIVER_CHANGED,sender -> receiver,"[""satisfying_order""]",WITHHOLD,G,,G,False,False,True,True
3fca4a6837bfa4a8b9230e8c,135,certificate_damage,SENDER_TO_RECEIVER_CHANGED,sender -> receiver,"[""satisfying_order""]",WITHHOLD,D,,D,False,False,True,True
f95220358f4f3062341e49fd,136,certificate_damage,SENDER_TO_RECEIVER_CHANGED,sender -> receiver,"[""satisfying_order""]",WITHHOLD,B,,B,False,False,True,True
969cb7a024caf6de82af6180,137,certificate_damage,SENDER_TO_RECEIVER_CHANGED,sender -> receiver,"[""satisfying_order""]",WITHHOLD,E,,E,False,False,True,True
22df403fc6bcc8d93ae29629,138,certificate_damage,SENDER_TO_RECEIVER_CHANGED,sender -> receiver,"[""satisfying_order""]",WITHHOLD,G,,G,False,False,True,True
135e79505733e198cebc5435,139,certificate_damage,SENDER_TO_RECEIVER_CHANGED,sender -> receiver,"[""satisfying_order""]",WITHHOLD,E,,E,False,False,True,True
b6bc036c107ee43e22c3e38f,140,certificate_damage,SENDER_TO_RECEIVER_CHANGED,sender -> receiver,"[""satisfying_order""]",WITHHOLD,E,,E,False,False,True,True
c9c445b136559c3640b42cde,141,certificate_damage,SENDER_TO_RECEIVER_CHANGED,sender -> receiver,"[""satisfying_order""]",WITHHOLD,C,,C,False,False,True,True
b1997b1a61aec36c29754339,142,certificate_damage,SENDER_TO_RECEIVER_CHANGED,sender -> receiver,"[""satisfying_order""]",WITHHOLD,D,,D,False,False,True,True
40ded477e2505eeda60bd0d1,143,certificate_damage,SENDER_TO_RECEIVER_CHANGED,sender -> receiver,"[""satisfying_order""]",WITHHOLD,B,,B,False,False,True,True
e8aee4d5e625df754c5cbe34,144,certificate_damage,SENDER_TO_RECEIVER_CHANGED,sender -> receiver,"[""satisfying_order""]",WITHHOLD,E,,E,False,False,True,True
102dbc1113b743e7f292f946,145,certificate_damage,SENDER_TO_RECEIVER_CHANGED,sender -> receiver,"[""satisfying_order""]",WITHHOLD,B,,B,False,False,True,True
bc7e962d147be77edae0de80,146,certificate_damage,SENDER_TO_RECEIVER_CHANGED,sender -> receiver,"[""satisfying_order""]",WITHHOLD,D,,D,False,False,True,True
546727bb3146e2b9778f294b,147,certificate_damage,SENDER_TO_RECEIVER_CHANGED,sender -> receiver,"[""satisfying_order""]",WITHHOLD,F,,F,False,False,True,True
5aaae617d3c38a2c1d1f335e,148,certificate_damage,SENDER_TO_RECEIVER_CHANGED,sender -> receiver,"[""satisfying_order""]",WITHHOLD,E,,E,False,False,True,True
15b2faba8bb8cde064de14c9,149,certificate_damage,SENDER_TO_RECEIVER_CHANGED,sender -> receiver,"[""satisfying_order""]",WITHHOLD,F,,F,False,False,True,True
54e2c5892fbce8c8a9805469,150,certificate_damage,SENDER_TO_RECEIVER_CHANGED,sender -> receiver,"[""satisfying_order""]",WITHHOLD,D,,D,False,False,True,True
82397af7c22982c36a49bb84,151,certificate_damage,SENDER_TO_RECEIVER_CHANGED,sender -> receiver,"[""satisfying_order""]",WITHHOLD,C,,C,False,False,True,True
e1b26c7d956722316e06e887,152,certificate_damage,SENDER_TO_RECEIVER_CHANGED,sender -> receiver,"[""satisfying_order""]",WITHHOLD,C,,C,False,False,True,True
d980fc5deb9b779b443f773d,153,certificate_damage,SENDER_TO_RECEIVER_CHANGED,sender -> receiver,"[""satisfying_order""]",WITHHOLD,F,,F,False,False,True,True
71be558e23082d3f5c670771,154,certificate_damage,SENDER_TO_RECEIVER_CHANGED,sender -> receiver,"[""satisfying_order""]",WITHHOLD,C,,C,False,False,True,True
606a8137ad7e9664c3547707,155,certificate_damage,SENDER_TO_RECEIVER_CHANGED,sender -> receiver,"[""satisfying_order""]",WITHHOLD,E,,E,False,False,True,True
9a46ed2259cdc7db7500941c,156,certificate_damage,SENDER_TO_RECEIVER_CHANGED,sender -> receiver,"[""satisfying_order""]",WITHHOLD,B,,B,False,False,True,True
00dbfef59451c1e6c13093ea,157,certificate_damage,SENDER_TO_RECEIVER_CHANGED,sender -> receiver,"[""satisfying_order""]",WITHHOLD,C,,C,False,False,True,True
43f09734a0c6c7887bf54dcf,158,certificate_damage,SENDER_TO_RECEIVER_CHANGED,sender -> receiver,"[""satisfying_order""]",WITHHOLD,B,,B,False,False,True,True
50bc353e91a2afd2454d0e3a,159,certificate_damage,SENDER_TO_RECEIVER_CHANGED,sender -> receiver,"[""satisfying_order""]",WITHHOLD,E,,E,False,False,True,True
28270c57f09a05156cb1ce54,160,certificate_damage,SENDER_TO_RECEIVER_CHANGED,sender -> receiver,"[""satisfying_order""]",WITHHOLD,E,,E,False,False,True,True
809f0dee494fc17bbc339be4,161,certificate_damage,SENDER_TO_RECEIVER_CHANGED,sender -> receiver,"[""satisfying_order""]",WITHHOLD,A,,A,False,False,True,True
ec91d459966156d3692d55b2,162,certificate_damage,SENDER_TO_RECEIVER_CHANGED,sender -> receiver,"[""satisfying_order""]",WITHHOLD,F,,F,False,False,True,True
bd071870df8a879814efcaeb,163,certificate_damage,SENDER_TO_RECEIVER_CHANGED,sender -> receiver,"[""satisfying_order""]",WITHHOLD,E,,E,False,False,True,True
b2c7a0451fe6108b075d7e8a,164,certificate_damage,SENDER_TO_RECEIVER_CHANGED,sender -> receiver,"[""satisfying_order""]",WITHHOLD,A,,A,False,False,True,True
91e47026504e905defd29ff1,165,certificate_damage,SENDER_TO_RECEIVER_CHANGED,sender -> receiver,"[""satisfying_order""]",WITHHOLD,B,,B,False,False,True,True
9880bccd585789733dbd327d,166,certificate_damage,SENDER_TO_RECEIVER_CHANGED,sender -> receiver,"[""satisfying_order""]",WITHHOLD,C,,C,False,False,True,True
15644027a613b2e160ad8f7a,167,certificate_damage,SENDER_TO_RECEIVER_CHANGED,sender -> receiver,"[""satisfying_order""]",WITHHOLD,G,,G,False,False,True,True
1430f7e60c87b537fe094ed0,168,certificate_damage,SENDER_TO_RECEIVER_CHANGED,sender -> receiver,"[""satisfying_order""]",WITHHOLD,F,,F,False,False,True,True
676aef0b9a25f99be2cb2781,169,certificate_damage,SENDER_TO_RECEIVER_CHANGED,sender -> receiver,"[""satisfying_order""]",WITHHOLD,C,,C,False,False,True,True
b56bfac2a57d543968e6e37e,170,certificate_damage,SENDER_TO_RECEIVER_CHANGED,sender -> receiver,"[""satisfying_order""]",WITHHOLD,A,,A,False,False,True,True
016c4fa206b0874964955df0,171,certificate_damage,SENDER_TO_RECEIVER_CHANGED,sender -> receiver,"[""satisfying_order""]",WITHHOLD,C,,C,False,False,True,True
cdde88ebacb287728c11597b,172,certificate_damage,SENDER_TO_RECEIVER_CHANGED,sender -> receiver,"[""satisfying_order""]",WITHHOLD,A,,A,False,False,True,True
07d7b814ac7a73b053e5dc60,173,certificate_damage,SENDER_TO_RECEIVER_CHANGED,sender -> receiver,"[""satisfying_order""]",WITHHOLD,E,,E,False,False,True,True
ccb61e37a03bf1c7e4f474e7,174,certificate_damage,SENDER_TO_RECEIVER_CHANGED,sender -> receiver,"[""satisfying_order""]",WITHHOLD,F,,F,False,False,True,True
599f71a5fbfe0e5bcfb76848,175,certificate_damage,SENDER_TO_RECEIVER_CHANGED,sender -> receiver,"[""satisfying_order""]",WITHHOLD,G,,G,False,False,True,True
3da6aa7c3c7fa485e8fdaf4e,176,certificate_damage,SENDER_TO_RECEIVER_CHANGED,sender -> receiver,"[""satisfying_order""]",WITHHOLD,F,,F,False,False,True,True
86ffdb11375a745cf1b46234,177,certificate_damage,SENDER_TO_RECEIVER_CHANGED,sender -> receiver,"[""satisfying_order""]",WITHHOLD,F,,F,False,False,True,True
c184a45b42d6f86a38612f9d,178,certificate_damage,SENDER_TO_RECEIVER_CHANGED,sender -> receiver,"[""satisfying_order""]",WITHHOLD,A,,A,False,False,True,True
be25ae5dfd0925717da46a93,179,certificate_damage,SENDER_TO_RECEIVER_CHANGED,sender -> receiver,"[""satisfying_order""]",WITHHOLD,B,,B,False,False,True,True
e570160ac3f60552bb66a129,180,certificate_damage,SENDER_TO_RECEIVER_CHANGED,sender -> receiver,"[""satisfying_order""]",WITHHOLD,G,,G,False,False,True,True
cf5b6ccdd63d9ff19afc7f8c,181,certificate_damage,SENDER_TO_RECEIVER_CHANGED,sender -> receiver,"[""satisfying_order""]",WITHHOLD,A,,A,False,False,True,True
8aeec43ebeb1bb732a0d3766,182,certificate_damage,SENDER_TO_RECEIVER_CHANGED,sender -> receiver,"[""satisfying_order""]",WITHHOLD,C,,C,False,False,True,True
97c7542e36811a6f2b1f95ee,183,certificate_damage,SENDER_TO_RECEIVER_CHANGED,sender -> receiver,"[""satisfying_order""]",WITHHOLD,B,,B,False,False,True,True
8365046c0d502ce852791f1f,184,certificate_damage,SENDER_TO_RECEIVER_CHANGED,sender -> receiver,"[""satisfying_order""]",WITHHOLD,D,,D,False,False,True,True
dfa0252246c9e3be6712cee4,185,certificate_damage,SENDER_TO_RECEIVER_CHANGED,sender -> receiver,"[""satisfying_order""]",WITHHOLD,A,,A,False,False,True,True
5b5060fa53b2cb5360a34829,186,certificate_damage,SENDER_TO_RECEIVER_CHANGED,sender -> receiver,"[""satisfying_order""]",WITHHOLD,G,,G,False,False,True,True
0dfc195dbc25948369c6c64b,187,certificate_damage,SENDER_TO_RECEIVER_CHANGED,sender -> receiver,"[""satisfying_order""]",WITHHOLD,B,,B,False,False,True,True
c4bbf8271b9a1a3923a1bd91,188,certificate_damage,SENDER_TO_RECEIVER_CHANGED,sender -> receiver,"[""satisfying_order""]",WITHHOLD,C,,C,False,False,True,True
a3edab9f8403f7ec1189a1e0,189,certificate_damage,SENDER_TO_RECEIVER_CHANGED,sender -> receiver,"[""satisfying_order""]",WITHHOLD,B,,B,False,False,True,True
7c7364ef75f4ba6ce31fa7b7,190,certificate_damage,SENDER_TO_RECEIVER_CHANGED,sender -> receiver,"[""satisfying_order""]",WITHHOLD,B,,B,False,False,True,True
1bccea3404fc824988f4a254,191,certificate_damage,SENDER_TO_RECEIVER_CHANGED,sender -> receiver,"[""satisfying_order""]",WITHHOLD,E,,E,False,False,True,True
fe9404160652711529cd667a,192,certificate_damage,SENDER_TO_RECEIVER_CHANGED,sender -> receiver,"[""satisfying_order""]",WITHHOLD,E,,E,False,False,True,True
ddc6a06621e8215bba8ca963,193,certificate_damage,SENDER_TO_RECEIVER_CHANGED,sender -> receiver,"[""satisfying_order""]",WITHHOLD,C,,C,False,False,True,True
3f36fb7238ca6c35fc91660d,194,certificate_damage,SENDER_TO_RECEIVER_CHANGED,sender -> receiver,"[""satisfying_order""]",WITHHOLD,G,,G,False,False,True,True
11fe350e18b979cba75da36a,195,certificate_damage,SENDER_TO_RECEIVER_CHANGED,sender -> receiver,"[""satisfying_order""]",WITHHOLD,C,,C,False,False,True,True
22868537ecdcabb33cb0e040,196,certificate_damage,SENDER_TO_RECEIVER_CHANGED,sender -> receiver,"[""satisfying_order""]",WITHHOLD,D,,D,False,False,True,True
d5e6ffba9eecf01c7a71eb59,197,certificate_damage,SENDER_TO_RECEIVER_CHANGED,sender -> receiver,"[""satisfying_order""]",WITHHOLD,E,,E,False,False,True,True
5d2f3c282b427c4bf81bb3bb,198,certificate_damage,SENDER_TO_RECEIVER_CHANGED,sender -> receiver,"[""satisfying_order""]",WITHHOLD,B,,B,False,False,True,True
dae25e838ead9dad791ef0d9,199,certificate_damage,SENDER_TO_RECEIVER_CHANGED,sender -> receiver,"[""satisfying_order""]",WITHHOLD,D,,D,False,False,True,True
3f548b4f982d4be6683ca380,200,certificate_damage,SENDER_TO_RECEIVER_CHANGED,sender -> receiver,"[""satisfying_order""]",WITHHOLD,E,,E,False,False,True,True
21b9485de95c4c5ae2d554f5,201,certificate_damage,SENDER_TO_RECEIVER_CHANGED,sender -> receiver,"[""satisfying_order""]",WITHHOLD,B,,B,False,False,True,True
75d2eda9ff405ccae14c769b,202,certificate_damage,SENDER_TO_RECEIVER_CHANGED,sender -> receiver,"[""satisfying_order""]",WITHHOLD,B,,B,False,False,True,True
a66243b98b5e496e24e6c2a6,203,certificate_damage,SENDER_TO_RECEIVER_CHANGED,sender -> receiver,"[""satisfying_order""]",WITHHOLD,G,,G,False,False,True,True
278bdc15d9648b9cbb03145d,204,certificate_damage,SENDER_TO_RECEIVER_CHANGED,sender -> receiver,"[""satisfying_order""]",WITHHOLD,A,,A,False,False,True,True
c191a10f5a4f793ec30adf26,205,certificate_damage,SENDER_TO_RECEIVER_CHANGED,sender -> receiver,"[""satisfying_order""]",WITHHOLD,D,,D,False,False,True,True
66d41c503d127f758aeec7f5,206,certificate_damage,SENDER_TO_RECEIVER_CHANGED,sender -> receiver,"[""satisfying_order""]",WITHHOLD,B,,B,False,False,True,True
7d987ced11afd18538d339cd,207,certificate_damage,SENDER_TO_RECEIVER_CHANGED,sender -> receiver,"[""satisfying_order""]",WITHHOLD,A,,A,False,False,True,True
fd271dce8ea1eee8dc2d8161,208,certificate_damage,SENDER_TO_RECEIVER_CHANGED,sender -> receiver,"[""satisfying_order""]",WITHHOLD,E,,E,False,False,True,True
fcaf24d4da80d9edc0c8f4e6,209,certificate_damage,SENDER_TO_RECEIVER_CHANGED,sender -> receiver,"[""satisfying_order""]",WITHHOLD,G,,G,False,False,True,True
107ee04af835b8aba6df675d,210,certificate_damage,SENDER_TO_RECEIVER_CHANGED,sender -> receiver,"[""satisfying_order""]",WITHHOLD,C,,C,False,False,True,True
348cabf4b392eb4e303597ce,211,certificate_damage,SENDER_TO_RECEIVER_CHANGED,sender -> receiver,"[""satisfying_order""]",WITHHOLD,C,,C,False,False,True,True
7b384ca7af6ef51cc6326f37,212,certificate_damage,SENDER_TO_RECEIVER_CHANGED,sender -> receiver,"[""satisfying_order""]",WITHHOLD,G,,G,False,False,True,True
56ab9e24fd79859664025375,213,certificate_damage,SENDER_TO_RECEIVER_CHANGED,sender -> receiver,"[""satisfying_order""]",WITHHOLD,F,,F,False,False,True,True
e693050e0418ed1c6c66eab2,214,certificate_damage,SENDER_TO_RECEIVER_CHANGED,sender -> receiver,"[""satisfying_order""]",WITHHOLD,C,,C,False,False,True,True
21d0ccdf6ed05e3ca2e44173,215,certificate_damage,SENDER_TO_RECEIVER_CHANGED,sender -> receiver,"[""satisfying_order""]",WITHHOLD,D,,D,False,False,True,True
44e756ca63992c26144d8f5b,216,certificate_damage,SENDER_TO_RECEIVER_CHANGED,sender -> receiver,"[""satisfying_order""]",WITHHOLD,D,,D,False,False,True,True
50be8b338d1eebb9fb413e48,217,certificate_damage,SENDER_TO_RECEIVER_CHANGED,sender -> receiver,"[""satisfying_order""]",WITHHOLD,B,,B,False,False,True,True
a8f4fba6c2ebf55031388046,218,certificate_damage,SENDER_TO_RECEIVER_CHANGED,sender -> receiver,"[""satisfying_order""]",WITHHOLD,D,,D,False,False,True,True
04d7555d82f9aa5618033484,219,certificate_damage,SENDER_TO_RECEIVER_CHANGED,sender -> receiver,"[""satisfying_order""]",WITHHOLD,A,,A,False,False,True,True
64ce435c1716f006f019a12f,220,certificate_damage,SENDER_TO_RECEIVER_CHANGED,sender -> receiver,"[""satisfying_order""]",WITHHOLD,G,,G,False,False,True,True
d817fea8f6221f2340dc4e7b,221,certificate_damage,SENDER_TO_RECEIVER_CHANGED,sender -> receiver,"[""satisfying_order""]",WITHHOLD,B,,B,False,False,True,True
561aa934bd73feb44d02fc6a,222,certificate_damage,SENDER_TO_RECEIVER_CHANGED,sender -> receiver,"[""satisfying_order""]",WITHHOLD,C,,C,False,False,True,True
2de87831414f32ecc26d8732,223,certificate_damage,SENDER_TO_RECEIVER_CHANGED,sender -> receiver,"[""satisfying_order""]",WITHHOLD,G,,G,False,False,True,True
aacec19cb68952d784cdb554,224,certificate_damage,SENDER_TO_RECEIVER_CHANGED,sender -> receiver,"[""satisfying_order""]",WITHHOLD,D,,D,False,False,True,True
feab1c09740f77bccdf301d1,225,certificate_damage,SENDER_TO_RECEIVER_CHANGED,sender -> receiver,"[""satisfying_order""]",WITHHOLD,F,,F,False,False,True,True
ea016e90fabace5663c8b333,226,certificate_damage,SENDER_TO_RECEIVER_CHANGED,sender -> receiver,"[""satisfying_order""]",WITHHOLD,B,,B,False,False,True,True
96fa2cae38cf102ec5720c9c,227,certificate_damage,SENDER_TO_RECEIVER_CHANGED,sender -> receiver,"[""satisfying_order""]",WITHHOLD,C,,C,False,False,True,True
e0d4f5e37216987711649ce6,228,certificate_damage,SENDER_TO_RECEIVER_CHANGED,sender -> receiver,"[""satisfying_order""]",WITHHOLD,E,,E,False,False,True,True
abf913c7f8d76efb817e160f,229,certificate_damage,SENDER_TO_RECEIVER_CHANGED,sender -> receiver,"[""satisfying_order""]",WITHHOLD,E,,E,False,False,True,True
d7c38cdf6d51940d5a6646de,230,certificate_damage,SENDER_TO_RECEIVER_CHANGED,sender -> receiver,"[""satisfying_order""]",WITHHOLD,F,,F,False,False,True,True
27024bb68cb70287f5cdd699,231,certificate_damage,SENDER_TO_RECEIVER_CHANGED,sender -> receiver,"[""satisfying_order""]",WITHHOLD,F,,F,False,False,True,True
3d20c839cd6d323367c6c989,232,certificate_damage,SENDER_TO_RECEIVER_CHANGED,sender -> receiver,"[""satisfying_order""]",WITHHOLD,G,,G,False,False,True,True
50eaec1bbd17fad58588e46c,233,certificate_damage,SENDER_TO_RECEIVER_CHANGED,sender -> receiver,"[""satisfying_order""]",WITHHOLD,C,,C,False,False,True,True
e939874b848dbf661430a0c7,234,certificate_damage,SENDER_TO_RECEIVER_CHANGED,sender -> receiver,"[""satisfying_order""]",WITHHOLD,B,,B,False,False,True,True
dadae842166890a3f850b3ca,235,certificate_damage,SENDER_TO_RECEIVER_CHANGED,sender -> receiver,"[""satisfying_order""]",WITHHOLD,A,,A,False,False,True,True
fe50ce0922df1f2b908abdba,236,certificate_damage,SENDER_TO_RECEIVER_CHANGED,sender -> receiver,"[""satisfying_order""]",WITHHOLD,F,,F,False,False,True,True
edfa939fa2e3e02862f42b10,237,certificate_damage,SENDER_TO_RECEIVER_CHANGED,sender -> receiver,"[""satisfying_order""]",WITHHOLD,A,,A,False,False,True,True
9933aa1fb225626592886ab1,238,certificate_damage,SENDER_TO_RECEIVER_CHANGED,sender -> receiver,"[""satisfying_order""]",WITHHOLD,F,,F,False,False,True,True
a8bfa0b94617b18c8b2eb155,239,certificate_damage,SENDER_TO_RECEIVER_CHANGED,sender -> receiver,"[""satisfying_order""]",WITHHOLD,F,,F,False,False,True,True
f0130a7af2843f56bd6a216c,240,certificate_damage,SENDER_TO_RECEIVER_CHANGED,sender -> receiver,"[""satisfying_order""]",WITHHOLD,E,,E,False,False,True,True
620f2e420597312da50ac49a,241,certificate_damage,SENDER_TO_RECEIVER_CHANGED,sender -> receiver,"[""satisfying_order""]",WITHHOLD,G,,G,False,False,True,True
8bbb99933ceeedd3d01ef274,242,certificate_damage,SENDER_TO_RECEIVER_CHANGED,sender -> receiver,"[""satisfying_order""]",WITHHOLD,F,,F,False,False,True,True
ce90776f325ec41a23da6ebe,243,certificate_damage,SENDER_TO_RECEIVER_CHANGED,sender -> receiver,"[""satisfying_order""]",WITHHOLD,C,,C,False,False,True,True
97c53f5e5734a2a52183b4a2,244,certificate_damage,SENDER_TO_RECEIVER_CHANGED,sender -> receiver,"[""satisfying_order""]",WITHHOLD,C,,C,False,False,True,True
cd8eb5a4ec1be35e0c14db33,245,certificate_damage,SENDER_TO_RECEIVER_CHANGED,sender -> receiver,"[""satisfying_order""]",WITHHOLD,A,,A,False,False,True,True
7e9d04eb69394e5f8f3b654f,246,certificate_damage,SENDER_TO_RECEIVER_CHANGED,sender -> receiver,"[""satisfying_order""]",WITHHOLD,D,,D,False,False,True,True
416fabc6eaeedbdf94695c39,247,certificate_damage,SENDER_TO_RECEIVER_CHANGED,sender -> receiver,"[""satisfying_order""]",WITHHOLD,A,,A,False,False,True,True
b1a6b2bf47be150ce5bfff36,248,certificate_damage,SENDER_TO_RECEIVER_CHANGED,sender -> receiver,"[""satisfying_order""]",WITHHOLD,F,,F,False,False,True,True
f4672ad040538b23d386ffb7,249,certificate_damage,SENDER_TO_RECEIVER_CHANGED,sender -> receiver,"[""satisfying_order""]",WITHHOLD,D,,D,False,False,True,True
ab9b6afd3d3dfa70408517cc,0,whole_record_replay_same_answer,SENDER_TO_RECEIVER_CHANGED,sender -> receiver,"[""case_id"", ""question"", ""question_sha256"", ""satisfying_order"", ""trial_id""]",WITHHOLD,D,,D,False,False,True,True
f88627ab9470c8d49d701f83,1,whole_record_replay_same_answer,SENDER_TO_RECEIVER_CHANGED,sender -> receiver,"[""case_id"", ""question"", ""question_sha256"", ""satisfying_order"", ""trial_id""]",WITHHOLD,B,,B,False,False,True,True
123851927a8fbebb8300d0c3,2,whole_record_replay_same_answer,SENDER_TO_RECEIVER_CHANGED,sender -> receiver,"[""case_id"", ""question"", ""question_sha256"", ""satisfying_order"", ""trial_id""]",WITHHOLD,A,,A,False,False,True,True
a7dd5ff0fe17dcdc4d5ef9cd,3,whole_record_replay_same_answer,SENDER_TO_RECEIVER_CHANGED,sender -> receiver,"[""case_id"", ""question"", ""question_sha256"", ""satisfying_order"", ""trial_id""]",WITHHOLD,A,,A,False,False,True,True
d22448f1b56ccbf16978b071,4,whole_record_replay_same_answer,SENDER_TO_RECEIVER_CHANGED,sender -> receiver,"[""case_id"", ""question"", ""question_sha256"", ""satisfying_order"", ""trial_id""]",WITHHOLD,F,,F,False,False,True,True
5f92f294c48cb7fb92ce02f1,5,whole_record_replay_same_answer,SENDER_TO_RECEIVER_CHANGED,sender -> receiver,"[""case_id"", ""question"", ""question_sha256"", ""satisfying_order"", ""trial_id""]",WITHHOLD,B,,B,False,False,True,True
be7fde136ec350e64b4cfa41,6,whole_record_replay_same_answer,SENDER_TO_RECEIVER_CHANGED,sender -> receiver,"[""case_id"", ""question"", ""question_sha256"", ""satisfying_order"", ""trial_id""]",WITHHOLD,E,,E,False,False,True,True
cf69c2df169976d1a9d544c7,7,whole_record_replay_same_answer,SENDER_TO_RECEIVER_CHANGED,sender -> receiver,"[""case_id"", ""question"", ""question_sha256"", ""satisfying_order"", ""trial_id""]",WITHHOLD,B,,B,False,False,True,True
9691806db486fd6b8d3af435,8,whole_record_replay_same_answer,SENDER_TO_RECEIVER_CHANGED,sender -> receiver,"[""case_id"", ""question"", ""question_sha256"", ""satisfying_order"", ""trial_id""]",WITHHOLD,C,,C,False,False,True,True
5d3626df235b34ac73113639,9,whole_record_replay_same_answer,SENDER_TO_RECEIVER_CHANGED,sender -> receiver,"[""case_id"", ""question"", ""question_sha256"", ""satisfying_order"", ""trial_id""]",WITHHOLD,B,,B,False,False,True,True
c0fc5e07e5391a52fd528001,10,whole_record_replay_same_answer,SENDER_TO_RECEIVER_CHANGED,sender -> receiver,"[""case_id"", ""question"", ""question_sha256"", ""satisfying_order"", ""trial_id""]",WITHHOLD,G,,G,False,False,True,True
c66035377fd73b691295e4e4,11,whole_record_replay_same_answer,SENDER_TO_RECEIVER_CHANGED,sender -> receiver,"[""case_id"", ""question"", ""question_sha256"", ""satisfying_order"", ""trial_id""]",WITHHOLD,C,,C,False,False,True,True
3ff34e9482487878f7a92ac2,12,whole_record_replay_same_answer,SENDER_TO_RECEIVER_CHANGED,sender -> receiver,"[""case_id"", ""question"", ""question_sha256"", ""satisfying_order"", ""trial_id""]",WITHHOLD,D,,D,False,False,True,True
a8330c0bca373b1924a27293,13,whole_record_replay_same_answer,SENDER_TO_RECEIVER_CHANGED,sender -> receiver,"[""case_id"", ""question"", ""question_sha256"", ""satisfying_order"", ""trial_id""]",WITHHOLD,F,,F,False,False,True,True
ba53b546b3a7e29bae62acbe,14,whole_record_replay_same_answer,SENDER_TO_RECEIVER_CHANGED,sender -> receiver,"[""case_id"", ""question"", ""question_sha256"", ""satisfying_order"", ""trial_id""]",WITHHOLD,A,,A,False,False,True,True
9de354a4c650d7db353b0a23,15,whole_record_replay_same_answer,SENDER_TO_RECEIVER_CHANGED,sender -> receiver,"[""case_id"", ""question"", ""question_sha256"", ""satisfying_order"", ""trial_id""]",WITHHOLD,E,,E,False,False,True,True
1b9464bd7de5e51e0ad2f6ed,16,whole_record_replay_same_answer,SENDER_TO_RECEIVER_CHANGED,sender -> receiver,"[""case_id"", ""question"", ""question_sha256"", ""satisfying_order"", ""trial_id""]",WITHHOLD,B,,B,False,False,True,True
8ac572a0b72079adf28f7cd3,17,whole_record_replay_same_answer,SENDER_TO_RECEIVER_CHANGED,sender -> receiver,"[""case_id"", ""question"", ""question_sha256"", ""satisfying_order"", ""trial_id""]",WITHHOLD,E,,E,False,False,True,True
80638e09633adabffc0cfd78,18,whole_record_replay_same_answer,SENDER_TO_RECEIVER_CHANGED,sender -> receiver,"[""case_id"", ""question"", ""question_sha256"", ""satisfying_order"", ""trial_id""]",WITHHOLD,G,,G,False,False,True,True
58f32f0e8c66afb4b33c76ac,19,whole_record_replay_same_answer,SENDER_TO_RECEIVER_CHANGED,sender -> receiver,"[""case_id"", ""question"", ""question_sha256"", ""satisfying_order"", ""trial_id""]",WITHHOLD,A,,A,False,False,True,True
cfa5551626a5d77dbf5b40e1,20,whole_record_replay_same_answer,SENDER_TO_RECEIVER_CHANGED,sender -> receiver,"[""case_id"", ""question"", ""question_sha256"", ""satisfying_order"", ""trial_id""]",WITHHOLD,D,,D,False,False,True,True
e87cf5bcbddd7e47c5f1efcb,21,whole_record_replay_same_answer,SENDER_TO_RECEIVER_CHANGED,sender -> receiver,"[""case_id"", ""question"", ""question_sha256"", ""satisfying_order"", ""trial_id""]",WITHHOLD,C,,C,False,False,True,True
5397b49f262859a3062d441e,22,whole_record_replay_same_answer,SENDER_TO_RECEIVER_CHANGED,sender -> receiver,"[""case_id"", ""question"", ""question_sha256"", ""satisfying_order"", ""trial_id""]",WITHHOLD,A,,A,False,False,True,True
6855bba1a5b9f01222e06809,23,whole_record_replay_same_answer,SENDER_TO_RECEIVER_CHANGED,sender -> receiver,"[""case_id"", ""question"", ""question_sha256"", ""satisfying_order"", ""trial_id""]",WITHHOLD,E,,E,False,False,True,True
7133c7e72302bf8e158618f8,24,whole_record_replay_same_answer,SENDER_TO_RECEIVER_CHANGED,sender -> receiver,"[""case_id"", ""question"", ""question_sha256"", ""satisfying_order"", ""trial_id""]",WITHHOLD,D,,D,False,False,True,True
54aa9d4e8180f012ea9dc33d,25,whole_record_replay_same_answer,SENDER_TO_RECEIVER_CHANGED,sender -> receiver,"[""case_id"", ""question"", ""question_sha256"", ""satisfying_order"", ""trial_id""]",WITHHOLD,A,,A,False,False,True,True
494819e50bcad42d40866210,26,whole_record_replay_same_answer,SENDER_TO_RECEIVER_CHANGED,sender -> receiver,"[""case_id"", ""question"", ""question_sha256"", ""satisfying_order"", ""trial_id""]",WITHHOLD,F,,F,False,False,True,True
4879a904f4e403fcdc4fe4ad,27,whole_record_replay_same_answer,SENDER_TO_RECEIVER_CHANGED,sender -> receiver,"[""case_id"", ""question"", ""question_sha256"", ""satisfying_order"", ""trial_id""]",WITHHOLD,C,,C,False,False,True,True
242e700e4749cc492dff10fc,28,whole_record_replay_same_answer,SENDER_TO_RECEIVER_CHANGED,sender -> receiver,"[""case_id"", ""question"", ""question_sha256"", ""satisfying_order"", ""trial_id""]",WITHHOLD,B,,B,False,False,True,True
0cedba607dd887366642e194,29,whole_record_replay_same_answer,SENDER_TO_RECEIVER_CHANGED,sender -> receiver,"[""case_id"", ""question"", ""question_sha256"", ""satisfying_order"", ""trial_id""]",WITHHOLD,E,,E,False,False,True,True
4ce7d1f7fe7dc430a436d4c0,30,whole_record_replay_same_answer,SENDER_TO_RECEIVER_CHANGED,sender -> receiver,"[""case_id"", ""question"", ""question_sha256"", ""satisfying_order"", ""trial_id""]",WITHHOLD,C,,C,False,False,True,True
bf54c67941e4cbfef3348cbc,31,whole_record_replay_same_answer,SENDER_TO_RECEIVER_CHANGED,sender -> receiver,"[""case_id"", ""question"", ""question_sha256"", ""satisfying_order"", ""trial_id""]",WITHHOLD,D,,D,False,False,True,True
2576255d823a8393cae78d04,32,whole_record_replay_same_answer,SENDER_TO_RECEIVER_CHANGED,sender -> receiver,"[""case_id"", ""question"", ""question_sha256"", ""satisfying_order"", ""trial_id""]",WITHHOLD,C,,C,False,False,True,True
171412602d35dc40ad8503da,33,whole_record_replay_same_answer,SENDER_TO_RECEIVER_CHANGED,sender -> receiver,"[""case_id"", ""question"", ""question_sha256"", ""satisfying_order"", ""trial_id""]",WITHHOLD,A,,A,False,False,True,True
d0a279acb456ab52ac9245a7,34,whole_record_replay_same_answer,SENDER_TO_RECEIVER_CHANGED,sender -> receiver,"[""case_id"", ""question"", ""question_sha256"", ""satisfying_order"", ""trial_id""]",WITHHOLD,G,,G,False,False,True,True
15ad1ae5bc531c13995f2629,35,whole_record_replay_same_answer,SENDER_TO_RECEIVER_CHANGED,sender -> receiver,"[""case_id"", ""question"", ""question_sha256"", ""satisfying_order"", ""trial_id""]",WITHHOLD,A,,A,False,False,True,True
83246e7cd6ad3c182472bb12,36,whole_record_replay_same_answer,SENDER_TO_RECEIVER_CHANGED,sender -> receiver,"[""case_id"", ""question"", ""question_sha256"", ""satisfying_order"", ""trial_id""]",WITHHOLD,F,,F,False,False,True,True
66c43481adc9ddc8b067d0d1,37,whole_record_replay_same_answer,SENDER_TO_RECEIVER_CHANGED,sender -> receiver,"[""case_id"", ""question"", ""question_sha256"", ""satisfying_order"", ""trial_id""]",WITHHOLD,C,,C,False,False,True,True
b233064657fc57eb25fe7a00,38,whole_record_replay_same_answer,SENDER_TO_RECEIVER_CHANGED,sender -> receiver,"[""case_id"", ""question"", ""question_sha256"", ""satisfying_order"", ""trial_id""]",WITHHOLD,A,,A,False,False,True,True
869440dd279fe3622305d57e,39,whole_record_replay_same_answer,SENDER_TO_RECEIVER_CHANGED,sender -> receiver,"[""case_id"", ""question"", ""question_sha256"", ""satisfying_order"", ""trial_id""]",WITHHOLD,G,,G,False,False,True,True
44e389387b21e751b5a0616c,40,whole_record_replay_same_answer,SENDER_TO_RECEIVER_CHANGED,sender -> receiver,"[""case_id"", ""question"", ""question_sha256"", ""satisfying_order"", ""trial_id""]",WITHHOLD,C,,C,False,False,True,True
50bd2394db047b608f972b82,41,whole_record_replay_same_answer,SENDER_TO_RECEIVER_CHANGED,sender -> receiver,"[""case_id"", ""question"", ""question_sha256"", ""satisfying_order"", ""trial_id""]",WITHHOLD,D,,D,False,False,True,True
b233807af4684effc62e3e3e,42,whole_record_replay_same_answer,SENDER_TO_RECEIVER_CHANGED,sender -> receiver,"[""case_id"", ""question"", ""question_sha256"", ""satisfying_order"", ""trial_id""]",WITHHOLD,E,,E,False,False,True,True
b472c493faa900a02d3a17ef,43,whole_record_replay_same_answer,SENDER_TO_RECEIVER_CHANGED,sender -> receiver,"[""case_id"", ""question"", ""question_sha256"", ""satisfying_order"", ""trial_id""]",WITHHOLD,D,,D,False,False,True,True
6e54db2e829c1f6c8ed7250b,44,whole_record_replay_same_answer,SENDER_TO_RECEIVER_CHANGED,sender -> receiver,"[""case_id"", ""question"", ""question_sha256"", ""satisfying_order"", ""trial_id""]",WITHHOLD,A,,A,False,False,True,True
81df84bd3ffa1fe391a56a0b,45,whole_record_replay_same_answer,SENDER_TO_RECEIVER_CHANGED,sender -> receiver,"[""case_id"", ""question"", ""question_sha256"", ""satisfying_order"", ""trial_id""]",WITHHOLD,B,,B,False,False,True,True
549d9f1e9cd526db9db05351,46,whole_record_replay_same_answer,SENDER_TO_RECEIVER_CHANGED,sender -> receiver,"[""case_id"", ""question"", ""question_sha256"", ""satisfying_order"", ""trial_id""]",WITHHOLD,D,,D,False,False,True,True
8fbeb4ff74889b6c96c67508,47,whole_record_replay_same_answer,SENDER_TO_RECEIVER_CHANGED,sender -> receiver,"[""case_id"", ""question"", ""question_sha256"", ""satisfying_order"", ""trial_id""]",WITHHOLD,B,,B,False,False,True,True
624136ae0514a4fe0e11e23e,48,whole_record_replay_same_answer,SENDER_TO_RECEIVER_CHANGED,sender -> receiver,"[""case_id"", ""question"", ""question_sha256"", ""satisfying_order"", ""trial_id""]",WITHHOLD,F,,F,False,False,True,True
1fcba89f11255625ab21ab82,49,whole_record_replay_same_answer,SENDER_TO_RECEIVER_CHANGED,sender -> receiver,"[""case_id"", ""question"", ""question_sha256"", ""satisfying_order"", ""trial_id""]",WITHHOLD,F,,F,False,False,True,True
b6f87e05ad2231aad92e57da,50,whole_record_replay_same_answer,SENDER_TO_RECEIVER_CHANGED,sender -> receiver,"[""case_id"", ""question"", ""question_sha256"", ""satisfying_order"", ""trial_id""]",WITHHOLD,F,,F,False,False,True,True
ea355cd7239cd5399852768c,51,whole_record_replay_same_answer,SENDER_TO_RECEIVER_CHANGED,sender -> receiver,"[""case_id"", ""question"", ""question_sha256"", ""satisfying_order"", ""trial_id""]",WITHHOLD,A,,A,False,False,True,True
c40544f674dda33a7130792e,52,whole_record_replay_same_answer,SENDER_TO_RECEIVER_CHANGED,sender -> receiver,"[""case_id"", ""question"", ""question_sha256"", ""satisfying_order"", ""trial_id""]",WITHHOLD,C,,C,False,False,True,True
116f5e4584be1430228c0175,53,whole_record_replay_same_answer,SENDER_TO_RECEIVER_CHANGED,sender -> receiver,"[""case_id"", ""question"", ""question_sha256"", ""satisfying_order"", ""trial_id""]",WITHHOLD,D,,D,False,False,True,True
a22863cc1432e93889e09520,54,whole_record_replay_same_answer,SENDER_TO_RECEIVER_CHANGED,sender -> receiver,"[""case_id"", ""question"", ""question_sha256"", ""satisfying_order"", ""trial_id""]",WITHHOLD,B,,B,False,False,True,True
c30bb484adc9c223de058678,55,whole_record_replay_same_answer,SENDER_TO_RECEIVER_CHANGED,sender -> receiver,"[""case_id"", ""question"", ""question_sha256"", ""satisfying_order"", ""trial_id""]",WITHHOLD,E,,E,False,False,True,True
065a3bcc25600711d50b1b45,56,whole_record_replay_same_answer,SENDER_TO_RECEIVER_CHANGED,sender -> receiver,"[""case_id"", ""question"", ""question_sha256"", ""satisfying_order"", ""trial_id""]",WITHHOLD,G,,G,False,False,True,True
21c605eadf19a1df4b6b74b9,57,whole_record_replay_same_answer,SENDER_TO_RECEIVER_CHANGED,sender -> receiver,"[""case_id"", ""question"", ""question_sha256"", ""satisfying_order"", ""trial_id""]",WITHHOLD,F,,F,False,False,True,True
0d9bc67bf44d368d746f2a27,58,whole_record_replay_same_answer,SENDER_TO_RECEIVER_CHANGED,sender -> receiver,"[""case_id"", ""question"", ""question_sha256"", ""satisfying_order"", ""trial_id""]",WITHHOLD,D,,D,False,False,True,True
95e8dd467aa7ce97f79f5be1,59,whole_record_replay_same_answer,SENDER_TO_RECEIVER_CHANGED,sender -> receiver,"[""case_id"", ""question"", ""question_sha256"", ""satisfying_order"", ""trial_id""]",WITHHOLD,D,,D,False,False,True,True
f6f965fc8ef31e979f282ffa,60,whole_record_replay_same_answer,SENDER_TO_RECEIVER_CHANGED,sender -> receiver,"[""case_id"", ""question"", ""question_sha256"", ""satisfying_order"", ""trial_id""]",WITHHOLD,G,,G,False,False,True,True
e04ec8118efdcf7dc652f7ae,61,whole_record_replay_same_answer,SENDER_TO_RECEIVER_CHANGED,sender -> receiver,"[""case_id"", ""question"", ""question_sha256"", ""satisfying_order"", ""trial_id""]",WITHHOLD,F,,F,False,False,True,True
aa84adfc87f5905f36be987e,62,whole_record_replay_same_answer,SENDER_TO_RECEIVER_CHANGED,sender -> receiver,"[""case_id"", ""question"", ""question_sha256"", ""satisfying_order"", ""trial_id""]",WITHHOLD,B,,B,False,False,True,True
88f1f86bfb66808b0e3be7a3,63,whole_record_replay_same_answer,SENDER_TO_RECEIVER_CHANGED,sender -> receiver,"[""case_id"", ""question"", ""question_sha256"", ""satisfying_order"", ""trial_id""]",WITHHOLD,G,,G,False,False,True,True
7b4c1e37c4638e2f29e7c011,64,whole_record_replay_same_answer,SENDER_TO_RECEIVER_CHANGED,sender -> receiver,"[""case_id"", ""question"", ""question_sha256"", ""satisfying_order"", ""trial_id""]",WITHHOLD,A,,A,False,False,True,True
4a95b972c944719cb26fdd76,65,whole_record_replay_same_answer,SENDER_TO_RECEIVER_CHANGED,sender -> receiver,"[""case_id"", ""question"", ""question_sha256"", ""satisfying_order"", ""trial_id""]",WITHHOLD,G,,G,False,False,True,True
94646b181c61f4fc38037bb9,66,whole_record_replay_same_answer,SENDER_TO_RECEIVER_CHANGED,sender -> receiver,"[""case_id"", ""question"", ""question_sha256"", ""satisfying_order"", ""trial_id""]",WITHHOLD,E,,E,False,False,True,True
569f2aa94f312e4fd212f47f,67,whole_record_replay_same_answer,SENDER_TO_RECEIVER_CHANGED,sender -> receiver,"[""case_id"", ""question"", ""question_sha256"", ""satisfying_order"", ""trial_id""]",WITHHOLD,C,,C,False,False,True,True
60c77fae1c89ba998df82ddf,68,whole_record_replay_same_answer,SENDER_TO_RECEIVER_CHANGED,sender -> receiver,"[""case_id"", ""question"", ""question_sha256"", ""satisfying_order"", ""trial_id""]",WITHHOLD,F,,F,False,False,True,True
dfe5b1438c3f1145ab94879f,69,whole_record_replay_same_answer,SENDER_TO_RECEIVER_CHANGED,sender -> receiver,"[""case_id"", ""question"", ""question_sha256"", ""satisfying_order"", ""trial_id""]",WITHHOLD,G,,G,False,False,True,True
287d0a8cb281f9f203a68f7d,70,whole_record_replay_same_answer,SENDER_TO_RECEIVER_CHANGED,sender -> receiver,"[""case_id"", ""question"", ""question_sha256"", ""satisfying_order"", ""trial_id""]",WITHHOLD,B,,B,False,False,True,True
6d92812926c4e4eaaa304997,71,whole_record_replay_same_answer,SENDER_TO_RECEIVER_CHANGED,sender -> receiver,"[""case_id"", ""question"", ""question_sha256"", ""satisfying_order"", ""trial_id""]",WITHHOLD,C,,C,False,False,True,True
1dccea9255561d118f4a1a42,72,whole_record_replay_same_answer,SENDER_TO_RECEIVER_CHANGED,sender -> receiver,"[""case_id"", ""question"", ""question_sha256"", ""satisfying_order"", ""trial_id""]",WITHHOLD,F,,F,False,False,True,True
c89a7f18481261aa178a3039,73,whole_record_replay_same_answer,SENDER_TO_RECEIVER_CHANGED,sender -> receiver,"[""case_id"", ""question"", ""question_sha256"", ""satisfying_order"", ""trial_id""]",WITHHOLD,E,,E,False,False,True,True
4a1a5548adc45cfedbb5619c,74,whole_record_replay_same_answer,SENDER_TO_RECEIVER_CHANGED,sender -> receiver,"[""case_id"", ""question"", ""question_sha256"", ""satisfying_order"", ""trial_id""]",WITHHOLD,A,,A,False,False,True,True
49b1909b0c17086a5870b8cf,75,whole_record_replay_same_answer,SENDER_TO_RECEIVER_CHANGED,sender -> receiver,"[""case_id"", ""question"", ""question_sha256"", ""satisfying_order"", ""trial_id""]",WITHHOLD,C,,C,False,False,True,True
fda6336145a5cde9f831bc13,76,whole_record_replay_same_answer,SENDER_TO_RECEIVER_CHANGED,sender -> receiver,"[""case_id"", ""question"", ""question_sha256"", ""satisfying_order"", ""trial_id""]",WITHHOLD,A,,A,False,False,True,True
83d8981e4c7358cf40cc6f41,77,whole_record_replay_same_answer,SENDER_TO_RECEIVER_CHANGED,sender -> receiver,"[""case_id"", ""question"", ""question_sha256"", ""satisfying_order"", ""trial_id""]",WITHHOLD,G,,G,False,False,True,True
4a45a4b111bcf39e2973a440,78,whole_record_replay_same_answer,SENDER_TO_RECEIVER_CHANGED,sender -> receiver,"[""case_id"", ""question"", ""question_sha256"", ""satisfying_order"", ""trial_id""]",WITHHOLD,A,,A,False,False,True,True
c55b380de8a4467695234d36,79,whole_record_replay_same_answer,SENDER_TO_RECEIVER_CHANGED,sender -> receiver,"[""case_id"", ""question"", ""question_sha256"", ""satisfying_order"", ""trial_id""]",WITHHOLD,B,,B,False,False,True,True
96b1a42460013f725b7181da,80,whole_record_replay_same_answer,SENDER_TO_RECEIVER_CHANGED,sender -> receiver,"[""case_id"", ""question"", ""question_sha256"", ""satisfying_order"", ""trial_id""]",WITHHOLD,A,,A,False,False,True,True
6fa797ba3d7e87a1999be25b,81,whole_record_replay_same_answer,SENDER_TO_RECEIVER_CHANGED,sender -> receiver,"[""case_id"", ""question"", ""question_sha256"", ""satisfying_order"", ""trial_id""]",WITHHOLD,D,,D,False,False,True,True
c6c399dd158e93bfef6d33f8,82,whole_record_replay_same_answer,SENDER_TO_RECEIVER_CHANGED,sender -> receiver,"[""case_id"", ""question"", ""question_sha256"", ""satisfying_order"", ""trial_id""]",WITHHOLD,E,,E,False,False,True,True
93dab4b489dab46b5fa73799,83,whole_record_replay_same_answer,SENDER_TO_RECEIVER_CHANGED,sender -> receiver,"[""case_id"", ""question"", ""question_sha256"", ""satisfying_order"", ""trial_id""]",WITHHOLD,A,,A,False,False,True,True
471e3ce05e3c54a185b18914,84,whole_record_replay_same_answer,SENDER_TO_RECEIVER_CHANGED,sender -> receiver,"[""case_id"", ""question"", ""question_sha256"", ""satisfying_order"", ""trial_id""]",WITHHOLD,B,,B,False,False,True,True
9515358af0610c3c618d42bd,85,whole_record_replay_same_answer,SENDER_TO_RECEIVER_CHANGED,sender -> receiver,"[""case_id"", ""question"", ""question_sha256"", ""satisfying_order"", ""trial_id""]",WITHHOLD,G,,G,False,False,True,True
4ee263d70c14c903834f5bd1,86,whole_record_replay_same_answer,SENDER_TO_RECEIVER_CHANGED,sender -> receiver,"[""case_id"", ""question"", ""question_sha256"", ""satisfying_order"", ""trial_id""]",WITHHOLD,D,,D,False,False,True,True
f3a5e40be63eab1be4cf56aa,87,whole_record_replay_same_answer,SENDER_TO_RECEIVER_CHANGED,sender -> receiver,"[""case_id"", ""question"", ""question_sha256"", ""satisfying_order"", ""trial_id""]",WITHHOLD,D,,D,False,False,True,True
a39eb89cc17ca8be7c6d17b0,88,whole_record_replay_same_answer,SENDER_TO_RECEIVER_CHANGED,sender -> receiver,"[""case_id"", ""question"", ""question_sha256"", ""satisfying_order"", ""trial_id""]",WITHHOLD,E,,E,False,False,True,True
64f9d3e066848bcd1385b84b,89,whole_record_replay_same_answer,SENDER_TO_RECEIVER_CHANGED,sender -> receiver,"[""case_id"", ""question"", ""question_sha256"", ""satisfying_order"", ""trial_id""]",WITHHOLD,D,,D,False,False,True,True
940b83cbe0cbe33e6afc2706,90,whole_record_replay_same_answer,SENDER_TO_RECEIVER_CHANGED,sender -> receiver,"[""case_id"", ""question"", ""question_sha256"", ""satisfying_order"", ""trial_id""]",WITHHOLD,F,,F,False,False,True,True
39aa5fbf72b4f9cc8ec4bafc,91,whole_record_replay_same_answer,SENDER_TO_RECEIVER_CHANGED,sender -> receiver,"[""case_id"", ""question"", ""question_sha256"", ""satisfying_order"", ""trial_id""]",WITHHOLD,F,,F,False,False,True,True
243d967616261ef4b3c4ff71,92,whole_record_replay_same_answer,SENDER_TO_RECEIVER_CHANGED,sender -> receiver,"[""case_id"", ""question"", ""question_sha256"", ""satisfying_order"", ""trial_id""]",WITHHOLD,D,,D,False,False,True,True
01b988c8b46deef4e43f7e91,93,whole_record_replay_same_answer,SENDER_TO_RECEIVER_CHANGED,sender -> receiver,"[""case_id"", ""question"", ""question_sha256"", ""satisfying_order"", ""trial_id""]",WITHHOLD,G,,G,False,False,True,True
1d2105f61c6d44f304113631,94,whole_record_replay_same_answer,SENDER_TO_RECEIVER_CHANGED,sender -> receiver,"[""case_id"", ""question"", ""question_sha256"", ""satisfying_order"", ""trial_id""]",WITHHOLD,D,,D,False,False,True,True
052842e345f733850171a5c2,95,whole_record_replay_same_answer,SENDER_TO_RECEIVER_CHANGED,sender -> receiver,"[""case_id"", ""question"", ""question_sha256"", ""satisfying_order"", ""trial_id""]",WITHHOLD,A,,A,False,False,True,True
83d3c1d9e81ad2b0538f6c38,96,whole_record_replay_same_answer,SENDER_TO_RECEIVER_CHANGED,sender -> receiver,"[""case_id"", ""question"", ""question_sha256"", ""satisfying_order"", ""trial_id""]",WITHHOLD,G,,G,False,False,True,True
f005e2cca25fb46ba70823ba,97,whole_record_replay_same_answer,SENDER_TO_RECEIVER_CHANGED,sender -> receiver,"[""case_id"", ""question"", ""question_sha256"", ""satisfying_order"", ""trial_id""]",WITHHOLD,E,,E,False,False,True,True
a8fdeac3c62c12cd7deb6349,98,whole_record_replay_same_answer,SENDER_TO_RECEIVER_CHANGED,sender -> receiver,"[""case_id"", ""question"", ""question_sha256"", ""satisfying_order"", ""trial_id""]",WITHHOLD,F,,F,False,False,True,True
7b3c989331cd64a1aba5d796,99,whole_record_replay_same_answer,SENDER_TO_RECEIVER_CHANGED,sender -> receiver,"[""case_id"", ""question"", ""question_sha256"", ""satisfying_order"", ""trial_id""]",WITHHOLD,D,,D,False,False,True,True
70d4bf02200da2c28884bcf4,100,whole_record_replay_same_answer,SENDER_TO_RECEIVER_CHANGED,sender -> receiver,"[""case_id"", ""question"", ""question_sha256"", ""satisfying_order"", ""trial_id""]",WITHHOLD,A,,A,False,False,True,True
fc51ec732406ed5ed71432bf,101,whole_record_replay_same_answer,SENDER_TO_RECEIVER_CHANGED,sender -> receiver,"[""case_id"", ""question"", ""question_sha256"", ""satisfying_order"", ""trial_id""]",WITHHOLD,C,,C,False,False,True,True
357bcc9480142d7508fa0447,102,whole_record_replay_same_answer,SENDER_TO_RECEIVER_CHANGED,sender -> receiver,"[""case_id"", ""question"", ""question_sha256"", ""satisfying_order"", ""trial_id""]",WITHHOLD,E,,E,False,False,True,True
6624db8aa663cf90ab53f71e,103,whole_record_replay_same_answer,SENDER_TO_RECEIVER_CHANGED,sender -> receiver,"[""case_id"", ""question"", ""question_sha256"", ""satisfying_order"", ""trial_id""]",WITHHOLD,B,,B,False,False,True,True
9b6df90c782d63e80150bc4e,104,whole_record_replay_same_answer,SENDER_TO_RECEIVER_CHANGED,sender -> receiver,"[""case_id"", ""question"", ""question_sha256"", ""satisfying_order"", ""trial_id""]",WITHHOLD,C,,C,False,False,True,True
4d32519a53e4d70deca462f8,105,whole_record_replay_same_answer,SENDER_TO_RECEIVER_CHANGED,sender -> receiver,"[""case_id"", ""question"", ""question_sha256"", ""satisfying_order"", ""trial_id""]",WITHHOLD,D,,D,False,False,True,True
e6c1dc81af64264d55ec7b3d,106,whole_record_replay_same_answer,SENDER_TO_RECEIVER_CHANGED,sender -> receiver,"[""case_id"", ""question"", ""question_sha256"", ""satisfying_order"", ""trial_id""]",WITHHOLD,B,,B,False,False,True,True
ca5a8614fa9f4cb633e7c957,107,whole_record_replay_same_answer,SENDER_TO_RECEIVER_CHANGED,sender -> receiver,"[""case_id"", ""question"", ""question_sha256"", ""satisfying_order"", ""trial_id""]",WITHHOLD,C,,C,False,False,True,True
967fdea36e2d76b872a3316a,108,whole_record_replay_same_answer,SENDER_TO_RECEIVER_CHANGED,sender -> receiver,"[""case_id"", ""question"", ""question_sha256"", ""satisfying_order"", ""trial_id""]",WITHHOLD,C,,C,False,False,True,True
3592590d908d85e31a07f577,109,whole_record_replay_same_answer,SENDER_TO_RECEIVER_CHANGED,sender -> receiver,"[""case_id"", ""question"", ""question_sha256"", ""satisfying_order"", ""trial_id""]",WITHHOLD,A,,A,False,False,True,True
7af371cf4f680472f22d9d29,110,whole_record_replay_same_answer,SENDER_TO_RECEIVER_CHANGED,sender -> receiver,"[""case_id"", ""question"", ""question_sha256"", ""satisfying_order"", ""trial_id""]",WITHHOLD,E,,E,False,False,True,True
1b10aa45e907123fc185d58f,111,whole_record_replay_same_answer,SENDER_TO_RECEIVER_CHANGED,sender -> receiver,"[""case_id"", ""question"", ""question_sha256"", ""satisfying_order"", ""trial_id""]",WITHHOLD,B,,B,False,False,True,True
62379d167afbdb2d9f204c9e,112,whole_record_replay_same_answer,SENDER_TO_RECEIVER_CHANGED,sender -> receiver,"[""case_id"", ""question"", ""question_sha256"", ""satisfying_order"", ""trial_id""]",WITHHOLD,F,,F,False,False,True,True
b7bdb074fec012a1ffd4c536,113,whole_record_replay_same_answer,SENDER_TO_RECEIVER_CHANGED,sender -> receiver,"[""case_id"", ""question"", ""question_sha256"", ""satisfying_order"", ""trial_id""]",WITHHOLD,B,,B,False,False,True,True
79fe787606275a10b8ba96d7,114,whole_record_replay_same_answer,SENDER_TO_RECEIVER_CHANGED,sender -> receiver,"[""case_id"", ""question"", ""question_sha256"", ""satisfying_order"", ""trial_id""]",WITHHOLD,G,,G,False,False,True,True
874a8033dbd577143d1555b9,115,whole_record_replay_same_answer,SENDER_TO_RECEIVER_CHANGED,sender -> receiver,"[""case_id"", ""question"", ""question_sha256"", ""satisfying_order"", ""trial_id""]",WITHHOLD,E,,E,False,False,True,True
477f24d22b38971a68d6c3c8,116,whole_record_replay_same_answer,SENDER_TO_RECEIVER_CHANGED,sender -> receiver,"[""case_id"", ""question"", ""question_sha256"", ""satisfying_order"", ""trial_id""]",WITHHOLD,D,,D,False,False,True,True
b925b106b9dc807f117bd408,117,whole_record_replay_same_answer,SENDER_TO_RECEIVER_CHANGED,sender -> receiver,"[""case_id"", ""question"", ""question_sha256"", ""satisfying_order"", ""trial_id""]",WITHHOLD,D,,D,False,False,True,True
5c4e6c23f08b8247c14d2a77,118,whole_record_replay_same_answer,SENDER_TO_RECEIVER_CHANGED,sender -> receiver,"[""case_id"", ""question"", ""question_sha256"", ""satisfying_order"", ""trial_id""]",WITHHOLD,G,,G,False,False,True,True
788237b94d9b3eef832d5a32,119,whole_record_replay_same_answer,SENDER_TO_RECEIVER_CHANGED,sender -> receiver,"[""case_id"", ""question"", ""question_sha256"", ""satisfying_order"", ""trial_id""]",WITHHOLD,E,,E,False,False,True,True
f359b76a638e59d35afc20d4,120,whole_record_replay_same_answer,SENDER_TO_RECEIVER_CHANGED,sender -> receiver,"[""case_id"", ""question"", ""question_sha256"", ""satisfying_order"", ""trial_id""]",WITHHOLD,D,,D,False,False,True,True
773765a0c196b580e71f3ee9,121,whole_record_replay_same_answer,SENDER_TO_RECEIVER_CHANGED,sender -> receiver,"[""case_id"", ""question"", ""question_sha256"", ""satisfying_order"", ""trial_id""]",WITHHOLD,G,,G,False,False,True,True
3e89f8f40c1a86b2fb887fad,122,whole_record_replay_same_answer,SENDER_TO_RECEIVER_CHANGED,sender -> receiver,"[""case_id"", ""question"", ""question_sha256"", ""satisfying_order"", ""trial_id""]",WITHHOLD,C,,C,False,False,True,True
d921fbce933963865da86f6e,123,whole_record_replay_same_answer,SENDER_TO_RECEIVER_CHANGED,sender -> receiver,"[""case_id"", ""question"", ""question_sha256"", ""satisfying_order"", ""trial_id""]",WITHHOLD,D,,D,False,False,True,True
585745ebed2618255a769b94,124,whole_record_replay_same_answer,SENDER_TO_RECEIVER_CHANGED,sender -> receiver,"[""case_id"", ""question"", ""question_sha256"", ""satisfying_order"", ""trial_id""]",WITHHOLD,A,,A,False,False,True,True
ea6c0116900464c6c625142b,125,whole_record_replay_same_answer,SENDER_TO_RECEIVER_CHANGED,sender -> receiver,"[""case_id"", ""question"", ""question_sha256"", ""satisfying_order"", ""trial_id""]",WITHHOLD,G,,G,False,False,True,True
bf39e8566eb3a2488a5d0c40,126,whole_record_replay_same_answer,SENDER_TO_RECEIVER_CHANGED,sender -> receiver,"[""case_id"", ""question"", ""question_sha256"", ""satisfying_order"", ""trial_id""]",WITHHOLD,D,,D,False,False,True,True
4b5ea602bd0f498949b2e71a,127,whole_record_replay_same_answer,SENDER_TO_RECEIVER_CHANGED,sender -> receiver,"[""case_id"", ""question"", ""question_sha256"", ""satisfying_order"", ""trial_id""]",WITHHOLD,F,,F,False,False,True,True
17310b0221e4b8583c326113,128,whole_record_replay_same_answer,SENDER_TO_RECEIVER_CHANGED,sender -> receiver,"[""case_id"", ""question"", ""question_sha256"", ""satisfying_order"", ""trial_id""]",WITHHOLD,B,,B,False,False,True,True
02775a5daf958a5283c722ae,129,whole_record_replay_same_answer,SENDER_TO_RECEIVER_CHANGED,sender -> receiver,"[""case_id"", ""question"", ""question_sha256"", ""satisfying_order"", ""trial_id""]",WITHHOLD,A,,A,False,False,True,True
9bc28f4f02e0ecc7314b4b0a,130,whole_record_replay_same_answer,SENDER_TO_RECEIVER_CHANGED,sender -> receiver,"[""case_id"", ""question"", ""question_sha256"", ""satisfying_order"", ""trial_id""]",WITHHOLD,C,,C,False,False,True,True
10108fba2acc2e7e1caafae8,131,whole_record_replay_same_answer,SENDER_TO_RECEIVER_CHANGED,sender -> receiver,"[""case_id"", ""question"", ""question_sha256"", ""satisfying_order"", ""trial_id""]",WITHHOLD,G,,G,False,False,True,True
364e108961f4ae46e9cc3c77,132,whole_record_replay_same_answer,SENDER_TO_RECEIVER_CHANGED,sender -> receiver,"[""case_id"", ""question"", ""question_sha256"", ""satisfying_order"", ""trial_id""]",WITHHOLD,A,,A,False,False,True,True
42cef58f5710b7ab4fb9aafb,133,whole_record_replay_same_answer,SENDER_TO_RECEIVER_CHANGED,sender -> receiver,"[""case_id"", ""question"", ""question_sha256"", ""satisfying_order"", ""trial_id""]",WITHHOLD,B,,B,False,False,True,True
61cfc33f60acf50b1607fa2c,134,whole_record_replay_same_answer,SENDER_TO_RECEIVER_CHANGED,sender -> receiver,"[""case_id"", ""question"", ""question_sha256"", ""satisfying_order"", ""trial_id""]",WITHHOLD,G,,G,False,False,True,True
8df76573f1e49ff899ad8fc4,135,whole_record_replay_same_answer,SENDER_TO_RECEIVER_CHANGED,sender -> receiver,"[""case_id"", ""question"", ""question_sha256"", ""satisfying_order"", ""trial_id""]",WITHHOLD,D,,D,False,False,True,True
eb32a59ee63689bf2c739fe8,136,whole_record_replay_same_answer,SENDER_TO_RECEIVER_CHANGED,sender -> receiver,"[""case_id"", ""question"", ""question_sha256"", ""satisfying_order"", ""trial_id""]",WITHHOLD,B,,B,False,False,True,True
72f23ef4cdfbaa01c793cb98,137,whole_record_replay_same_answer,SENDER_TO_RECEIVER_CHANGED,sender -> receiver,"[""case_id"", ""question"", ""question_sha256"", ""satisfying_order"", ""trial_id""]",WITHHOLD,E,,E,False,False,True,True
2758433dbe540dbeeb1fb49a,138,whole_record_replay_same_answer,SENDER_TO_RECEIVER_CHANGED,sender -> receiver,"[""case_id"", ""question"", ""question_sha256"", ""satisfying_order"", ""trial_id""]",WITHHOLD,G,,G,False,False,True,True
84cbed15ee4c354f6fbcaeb8,139,whole_record_replay_same_answer,SENDER_TO_RECEIVER_CHANGED,sender -> receiver,"[""case_id"", ""question"", ""question_sha256"", ""satisfying_order"", ""trial_id""]",WITHHOLD,E,,E,False,False,True,True
89d5d7d36b4dec74e1d87639,140,whole_record_replay_same_answer,SENDER_TO_RECEIVER_CHANGED,sender -> receiver,"[""case_id"", ""question"", ""question_sha256"", ""satisfying_order"", ""trial_id""]",WITHHOLD,E,,E,False,False,True,True
156a21dc803111fc7e9ae441,141,whole_record_replay_same_answer,SENDER_TO_RECEIVER_CHANGED,sender -> receiver,"[""case_id"", ""question"", ""question_sha256"", ""satisfying_order"", ""trial_id""]",WITHHOLD,C,,C,False,False,True,True
0b623a59547a40c9141ffc67,142,whole_record_replay_same_answer,SENDER_TO_RECEIVER_CHANGED,sender -> receiver,"[""case_id"", ""question"", ""question_sha256"", ""satisfying_order"", ""trial_id""]",WITHHOLD,D,,D,False,False,True,True
b961a8a6be334de85513fa97,143,whole_record_replay_same_answer,SENDER_TO_RECEIVER_CHANGED,sender -> receiver,"[""case_id"", ""question"", ""question_sha256"", ""satisfying_order"", ""trial_id""]",WITHHOLD,B,,B,False,False,True,True
d21ece96f934c0080c022c74,144,whole_record_replay_same_answer,SENDER_TO_RECEIVER_CHANGED,sender -> receiver,"[""case_id"", ""question"", ""question_sha256"", ""satisfying_order"", ""trial_id""]",WITHHOLD,E,,E,False,False,True,True
5be1f284dcf8d52b3b78d39a,145,whole_record_replay_same_answer,SENDER_TO_RECEIVER_CHANGED,sender -> receiver,"[""case_id"", ""question"", ""question_sha256"", ""satisfying_order"", ""trial_id""]",WITHHOLD,B,,B,False,False,True,True
d41c70f5e540df130646e525,146,whole_record_replay_same_answer,SENDER_TO_RECEIVER_CHANGED,sender -> receiver,"[""case_id"", ""question"", ""question_sha256"", ""satisfying_order"", ""trial_id""]",WITHHOLD,D,,D,False,False,True,True
b66816e55e1aa4b17be6617c,147,whole_record_replay_same_answer,SENDER_TO_RECEIVER_CHANGED,sender -> receiver,"[""case_id"", ""question"", ""question_sha256"", ""satisfying_order"", ""trial_id""]",WITHHOLD,F,,F,False,False,True,True
a6d1d860f04ce1c6db31e6a5,148,whole_record_replay_same_answer,SENDER_TO_RECEIVER_CHANGED,sender -> receiver,"[""case_id"", ""question"", ""question_sha256"", ""satisfying_order"", ""trial_id""]",WITHHOLD,E,,E,False,False,True,True
449540c22b906588e6e987d1,149,whole_record_replay_same_answer,SENDER_TO_RECEIVER_CHANGED,sender -> receiver,"[""case_id"", ""question"", ""question_sha256"", ""satisfying_order"", ""trial_id""]",WITHHOLD,F,,F,False,False,True,True
997af50f55a00e03ab94039b,150,whole_record_replay_same_answer,SENDER_TO_RECEIVER_CHANGED,sender -> receiver,"[""case_id"", ""question"", ""question_sha256"", ""satisfying_order"", ""trial_id""]",WITHHOLD,D,,D,False,False,True,True
4cd4f319200281529e306510,151,whole_record_replay_same_answer,SENDER_TO_RECEIVER_CHANGED,sender -> receiver,"[""case_id"", ""question"", ""question_sha256"", ""satisfying_order"", ""trial_id""]",WITHHOLD,C,,C,False,False,True,True
dc5ba7261ec4b3305a903952,152,whole_record_replay_same_answer,SENDER_TO_RECEIVER_CHANGED,sender -> receiver,"[""case_id"", ""question"", ""question_sha256"", ""satisfying_order"", ""trial_id""]",WITHHOLD,C,,C,False,False,True,True
5bdcd257033f6e8f7187a32d,153,whole_record_replay_same_answer,SENDER_TO_RECEIVER_CHANGED,sender -> receiver,"[""case_id"", ""question"", ""question_sha256"", ""satisfying_order"", ""trial_id""]",WITHHOLD,F,,F,False,False,True,True
c5493415b9d89014d14774bb,154,whole_record_replay_same_answer,SENDER_TO_RECEIVER_CHANGED,sender -> receiver,"[""case_id"", ""question"", ""question_sha256"", ""satisfying_order"", ""trial_id""]",WITHHOLD,C,,C,False,False,True,True
37621700540a853201478cef,155,whole_record_replay_same_answer,SENDER_TO_RECEIVER_CHANGED,sender -> receiver,"[""case_id"", ""question"", ""question_sha256"", ""satisfying_order"", ""trial_id""]",WITHHOLD,E,,E,False,False,True,True
6430a83bd1a5558c0663b1e0,156,whole_record_replay_same_answer,SENDER_TO_RECEIVER_CHANGED,sender -> receiver,"[""case_id"", ""question"", ""question_sha256"", ""satisfying_order"", ""trial_id""]",WITHHOLD,B,,B,False,False,True,True
f1c13fa468cbaaf95cb9b83a,157,whole_record_replay_same_answer,SENDER_TO_RECEIVER_CHANGED,sender -> receiver,"[""case_id"", ""question"", ""question_sha256"", ""satisfying_order"", ""trial_id""]",WITHHOLD,C,,C,False,False,True,True
d071b17e7d8ceac31323d4e2,158,whole_record_replay_same_answer,SENDER_TO_RECEIVER_CHANGED,sender -> receiver,"[""case_id"", ""question"", ""question_sha256"", ""satisfying_order"", ""trial_id""]",WITHHOLD,B,,B,False,False,True,True
395d37f5c5e75b58f4b7918b,159,whole_record_replay_same_answer,SENDER_TO_RECEIVER_CHANGED,sender -> receiver,"[""case_id"", ""question"", ""question_sha256"", ""satisfying_order"", ""trial_id""]",WITHHOLD,E,,E,False,False,True,True
96ed4f11e649e7b1dab75e18,160,whole_record_replay_same_answer,SENDER_TO_RECEIVER_CHANGED,sender -> receiver,"[""case_id"", ""question"", ""question_sha256"", ""satisfying_order"", ""trial_id""]",WITHHOLD,E,,E,False,False,True,True
92a285c98e097a00776320a3,161,whole_record_replay_same_answer,SENDER_TO_RECEIVER_CHANGED,sender -> receiver,"[""case_id"", ""question"", ""question_sha256"", ""satisfying_order"", ""trial_id""]",WITHHOLD,A,,A,False,False,True,True
fc13904eef3fe10cf0ff631a,162,whole_record_replay_same_answer,SENDER_TO_RECEIVER_CHANGED,sender -> receiver,"[""case_id"", ""question"", ""question_sha256"", ""satisfying_order"", ""trial_id""]",WITHHOLD,F,,F,False,False,True,True
26ea7af92cef2ffef398105a,163,whole_record_replay_same_answer,SENDER_TO_RECEIVER_CHANGED,sender -> receiver,"[""case_id"", ""question"", ""question_sha256"", ""satisfying_order"", ""trial_id""]",WITHHOLD,E,,E,False,False,True,True
295bf8c17b43553afab3d30b,164,whole_record_replay_same_answer,SENDER_TO_RECEIVER_CHANGED,sender -> receiver,"[""case_id"", ""question"", ""question_sha256"", ""satisfying_order"", ""trial_id""]",WITHHOLD,A,,A,False,False,True,True
f3593c3658466ad468e39b3c,165,whole_record_replay_same_answer,SENDER_TO_RECEIVER_CHANGED,sender -> receiver,"[""case_id"", ""question"", ""question_sha256"", ""satisfying_order"", ""trial_id""]",WITHHOLD,B,,B,False,False,True,True
da4781a001f33440abab2348,166,whole_record_replay_same_answer,SENDER_TO_RECEIVER_CHANGED,sender -> receiver,"[""case_id"", ""question"", ""question_sha256"", ""satisfying_order"", ""trial_id""]",WITHHOLD,C,,C,False,False,True,True
eb6f6a405d9615e4c6b9ddfc,167,whole_record_replay_same_answer,SENDER_TO_RECEIVER_CHANGED,sender -> receiver,"[""case_id"", ""question"", ""question_sha256"", ""satisfying_order"", ""trial_id""]",WITHHOLD,G,,G,False,False,True,True
87a16fb9dbb42c5b08b152a6,168,whole_record_replay_same_answer,SENDER_TO_RECEIVER_CHANGED,sender -> receiver,"[""case_id"", ""question"", ""question_sha256"", ""satisfying_order"", ""trial_id""]",WITHHOLD,F,,F,False,False,True,True
d904fc8c5a2395e396f1c02e,169,whole_record_replay_same_answer,SENDER_TO_RECEIVER_CHANGED,sender -> receiver,"[""case_id"", ""question"", ""question_sha256"", ""satisfying_order"", ""trial_id""]",WITHHOLD,C,,C,False,False,True,True
84b5a447a65cbbc47bb1f5e9,170,whole_record_replay_same_answer,SENDER_TO_RECEIVER_CHANGED,sender -> receiver,"[""case_id"", ""question"", ""question_sha256"", ""satisfying_order"", ""trial_id""]",WITHHOLD,A,,A,False,False,True,True
422fb9bd368fe6a78626f4af,171,whole_record_replay_same_answer,SENDER_TO_RECEIVER_CHANGED,sender -> receiver,"[""case_id"", ""question"", ""question_sha256"", ""satisfying_order"", ""trial_id""]",WITHHOLD,C,,C,False,False,True,True
97c4bd8574811a4169617879,172,whole_record_replay_same_answer,SENDER_TO_RECEIVER_CHANGED,sender -> receiver,"[""case_id"", ""question"", ""question_sha256"", ""satisfying_order"", ""trial_id""]",WITHHOLD,A,,A,False,False,True,True
8442aaa07604f4d9c19d9ac6,173,whole_record_replay_same_answer,SENDER_TO_RECEIVER_CHANGED,sender -> receiver,"[""case_id"", ""question"", ""question_sha256"", ""satisfying_order"", ""trial_id""]",WITHHOLD,E,,E,False,False,True,True
4f483a484354a0762e94770d,174,whole_record_replay_same_answer,SENDER_TO_RECEIVER_CHANGED,sender -> receiver,"[""case_id"", ""question"", ""question_sha256"", ""satisfying_order"", ""trial_id""]",WITHHOLD,F,,F,False,False,True,True
166f3d0d2d510e9055ae95f5,175,whole_record_replay_same_answer,SENDER_TO_RECEIVER_CHANGED,sender -> receiver,"[""case_id"", ""question"", ""question_sha256"", ""satisfying_order"", ""trial_id""]",WITHHOLD,G,,G,False,False,True,True
7c2b13286128452149fd2975,176,whole_record_replay_same_answer,SENDER_TO_RECEIVER_CHANGED,sender -> receiver,"[""case_id"", ""question"", ""question_sha256"", ""satisfying_order"", ""trial_id""]",WITHHOLD,F,,F,False,False,True,True
e72e298cbdd70deeb348b870,177,whole_record_replay_same_answer,SENDER_TO_RECEIVER_CHANGED,sender -> receiver,"[""case_id"", ""question"", ""question_sha256"", ""satisfying_order"", ""trial_id""]",WITHHOLD,F,,F,False,False,True,True
cd27befec6f8554289b33ffa,178,whole_record_replay_same_answer,SENDER_TO_RECEIVER_CHANGED,sender -> receiver,"[""case_id"", ""question"", ""question_sha256"", ""satisfying_order"", ""trial_id""]",WITHHOLD,A,,A,False,False,True,True
a4d74db07bcc3836719d5187,179,whole_record_replay_same_answer,SENDER_TO_RECEIVER_CHANGED,sender -> receiver,"[""case_id"", ""question"", ""question_sha256"", ""satisfying_order"", ""trial_id""]",WITHHOLD,B,,B,False,False,True,True
eca92b49c0684eabacc222b5,180,whole_record_replay_same_answer,SENDER_TO_RECEIVER_CHANGED,sender -> receiver,"[""case_id"", ""question"", ""question_sha256"", ""satisfying_order"", ""trial_id""]",WITHHOLD,G,,G,False,False,True,True
3b46d03fc293fce7f0b1277c,181,whole_record_replay_same_answer,SENDER_TO_RECEIVER_CHANGED,sender -> receiver,"[""case_id"", ""question"", ""question_sha256"", ""satisfying_order"", ""trial_id""]",WITHHOLD,A,,A,False,False,True,True
b809d8cdbe7302cea8c083e0,182,whole_record_replay_same_answer,SENDER_TO_RECEIVER_CHANGED,sender -> receiver,"[""case_id"", ""question"", ""question_sha256"", ""satisfying_order"", ""trial_id""]",WITHHOLD,C,,C,False,False,True,True
21af5a9019252a8673318408,183,whole_record_replay_same_answer,SENDER_TO_RECEIVER_CHANGED,sender -> receiver,"[""case_id"", ""question"", ""question_sha256"", ""satisfying_order"", ""trial_id""]",WITHHOLD,B,,B,False,False,True,True
bf0e84fe326d10f85be7e315,184,whole_record_replay_same_answer,SENDER_TO_RECEIVER_CHANGED,sender -> receiver,"[""case_id"", ""question"", ""question_sha256"", ""satisfying_order"", ""trial_id""]",WITHHOLD,D,,D,False,False,True,True
b7efd696c6bb13c8d6dbce18,185,whole_record_replay_same_answer,SENDER_TO_RECEIVER_CHANGED,sender -> receiver,"[""case_id"", ""question"", ""question_sha256"", ""satisfying_order"", ""trial_id""]",WITHHOLD,A,,A,False,False,True,True
05c99f0a9f51bde182c5de05,186,whole_record_replay_same_answer,SENDER_TO_RECEIVER_CHANGED,sender -> receiver,"[""case_id"", ""question"", ""question_sha256"", ""satisfying_order"", ""trial_id""]",WITHHOLD,G,,G,False,False,True,True
4aa2e7b21135cded98f93faf,187,whole_record_replay_same_answer,SENDER_TO_RECEIVER_CHANGED,sender -> receiver,"[""case_id"", ""question"", ""question_sha256"", ""satisfying_order"", ""trial_id""]",WITHHOLD,B,,B,False,False,True,True
1c97b4342d8033f516d66f6f,188,whole_record_replay_same_answer,SENDER_TO_RECEIVER_CHANGED,sender -> receiver,"[""case_id"", ""question"", ""question_sha256"", ""satisfying_order"", ""trial_id""]",WITHHOLD,C,,C,False,False,True,True
ed9e92c63405bd85fa2be998,189,whole_record_replay_same_answer,SENDER_TO_RECEIVER_CHANGED,sender -> receiver,"[""case_id"", ""question"", ""question_sha256"", ""satisfying_order"", ""trial_id""]",WITHHOLD,B,,B,False,False,True,True
c332cb00d769da5e3ca78fb7,190,whole_record_replay_same_answer,SENDER_TO_RECEIVER_CHANGED,sender -> receiver,"[""case_id"", ""question"", ""question_sha256"", ""satisfying_order"", ""trial_id""]",WITHHOLD,B,,B,False,False,True,True
04375ed6256b950b6e933f5e,191,whole_record_replay_same_answer,SENDER_TO_RECEIVER_CHANGED,sender -> receiver,"[""case_id"", ""question"", ""question_sha256"", ""satisfying_order"", ""trial_id""]",WITHHOLD,E,,E,False,False,True,True
170083a44a8130a60c924e7f,192,whole_record_replay_same_answer,SENDER_TO_RECEIVER_CHANGED,sender -> receiver,"[""case_id"", ""question"", ""question_sha256"", ""satisfying_order"", ""trial_id""]",WITHHOLD,E,,E,False,False,True,True
6a5bc70f650bc6045df87dc2,193,whole_record_replay_same_answer,SENDER_TO_RECEIVER_CHANGED,sender -> receiver,"[""case_id"", ""question"", ""question_sha256"", ""satisfying_order"", ""trial_id""]",WITHHOLD,C,,C,False,False,True,True
0583027778c0692a02241453,194,whole_record_replay_same_answer,SENDER_TO_RECEIVER_CHANGED,sender -> receiver,"[""case_id"", ""question"", ""question_sha256"", ""satisfying_order"", ""trial_id""]",WITHHOLD,G,,G,False,False,True,True
fd24e3f84742836c2c09a0f7,195,whole_record_replay_same_answer,SENDER_TO_RECEIVER_CHANGED,sender -> receiver,"[""case_id"", ""question"", ""question_sha256"", ""satisfying_order"", ""trial_id""]",WITHHOLD,C,,C,False,False,True,True
08f8041cf7d4f46824609ac4,196,whole_record_replay_same_answer,SENDER_TO_RECEIVER_CHANGED,sender -> receiver,"[""case_id"", ""question"", ""question_sha256"", ""satisfying_order"", ""trial_id""]",WITHHOLD,D,,D,False,False,True,True
189e89e44fa033a22ce7747d,197,whole_record_replay_same_answer,SENDER_TO_RECEIVER_CHANGED,sender -> receiver,"[""case_id"", ""question"", ""question_sha256"", ""satisfying_order"", ""trial_id""]",WITHHOLD,E,,E,False,False,True,True
905722d95464944b8b52fe96,198,whole_record_replay_same_answer,SENDER_TO_RECEIVER_CHANGED,sender -> receiver,"[""case_id"", ""question"", ""question_sha256"", ""satisfying_order"", ""trial_id""]",WITHHOLD,B,,B,False,False,True,True
d27b2d82faa0e13e09580803,199,whole_record_replay_same_answer,SENDER_TO_RECEIVER_CHANGED,sender -> receiver,"[""case_id"", ""question"", ""question_sha256"", ""satisfying_order"", ""trial_id""]",WITHHOLD,D,,D,False,False,True,True
abb36ef9f065c9025bfced4e,200,whole_record_replay_same_answer,SENDER_TO_RECEIVER_CHANGED,sender -> receiver,"[""case_id"", ""question"", ""question_sha256"", ""satisfying_order"", ""trial_id""]",WITHHOLD,E,,E,False,False,True,True
1debb9b963fe0c7a616dc303,201,whole_record_replay_same_answer,SENDER_TO_RECEIVER_CHANGED,sender -> receiver,"[""case_id"", ""question"", ""question_sha256"", ""satisfying_order"", ""trial_id""]",WITHHOLD,B,,B,False,False,True,True
0b470a27585c08dc373dd34d,202,whole_record_replay_same_answer,SENDER_TO_RECEIVER_CHANGED,sender -> receiver,"[""case_id"", ""question"", ""question_sha256"", ""satisfying_order"", ""trial_id""]",WITHHOLD,B,,B,False,False,True,True
64e83c9f0135e2317b043bdc,203,whole_record_replay_same_answer,SENDER_TO_RECEIVER_CHANGED,sender -> receiver,"[""case_id"", ""question"", ""question_sha256"", ""satisfying_order"", ""trial_id""]",WITHHOLD,G,,G,False,False,True,True
774adee6963a70f4d70298c1,204,whole_record_replay_same_answer,SENDER_TO_RECEIVER_CHANGED,sender -> receiver,"[""case_id"", ""question"", ""question_sha256"", ""satisfying_order"", ""trial_id""]",WITHHOLD,A,,A,False,False,True,True
1bb9d90b2d63d4b7fd1f6d79,205,whole_record_replay_same_answer,SENDER_TO_RECEIVER_CHANGED,sender -> receiver,"[""case_id"", ""question"", ""question_sha256"", ""satisfying_order"", ""trial_id""]",WITHHOLD,D,,D,False,False,True,True
9fdebb2e829949c741278a1b,206,whole_record_replay_same_answer,SENDER_TO_RECEIVER_CHANGED,sender -> receiver,"[""case_id"", ""question"", ""question_sha256"", ""satisfying_order"", ""trial_id""]",WITHHOLD,B,,B,False,False,True,True
30bda1d4beff30316fc719b4,207,whole_record_replay_same_answer,SENDER_TO_RECEIVER_CHANGED,sender -> receiver,"[""case_id"", ""question"", ""question_sha256"", ""satisfying_order"", ""trial_id""]",WITHHOLD,A,,A,False,False,True,True
d94165446f2124e340abc411,208,whole_record_replay_same_answer,SENDER_TO_RECEIVER_CHANGED,sender -> receiver,"[""case_id"", ""question"", ""question_sha256"", ""satisfying_order"", ""trial_id""]",WITHHOLD,E,,E,False,False,True,True
b2d3f761c0d75b144b65a8ff,209,whole_record_replay_same_answer,SENDER_TO_RECEIVER_CHANGED,sender -> receiver,"[""case_id"", ""question"", ""question_sha256"", ""satisfying_order"", ""trial_id""]",WITHHOLD,G,,G,False,False,True,True
67ca2dec1dae0359a9a377a0,210,whole_record_replay_same_answer,SENDER_TO_RECEIVER_CHANGED,sender -> receiver,"[""case_id"", ""question"", ""question_sha256"", ""satisfying_order"", ""trial_id""]",WITHHOLD,C,,C,False,False,True,True
97abe10eaea31bd17378e689,211,whole_record_replay_same_answer,SENDER_TO_RECEIVER_CHANGED,sender -> receiver,"[""case_id"", ""question"", ""question_sha256"", ""satisfying_order"", ""trial_id""]",WITHHOLD,C,,C,False,False,True,True
d0c78eec749b5a6877d574d9,212,whole_record_replay_same_answer,SENDER_TO_RECEIVER_CHANGED,sender -> receiver,"[""case_id"", ""question"", ""question_sha256"", ""satisfying_order"", ""trial_id""]",WITHHOLD,G,,G,False,False,True,True
bd352a6c7879faadf9c30711,213,whole_record_replay_same_answer,SENDER_TO_RECEIVER_CHANGED,sender -> receiver,"[""case_id"", ""question"", ""question_sha256"", ""satisfying_order"", ""trial_id""]",WITHHOLD,F,,F,False,False,True,True
9169f05549d35e295d6b7ac9,214,whole_record_replay_same_answer,SENDER_TO_RECEIVER_CHANGED,sender -> receiver,"[""case_id"", ""question"", ""question_sha256"", ""satisfying_order"", ""trial_id""]",WITHHOLD,C,,C,False,False,True,True
faae82705ab3cbcacb7ef5ce,215,whole_record_replay_same_answer,SENDER_TO_RECEIVER_CHANGED,sender -> receiver,"[""case_id"", ""question"", ""question_sha256"", ""satisfying_order"", ""trial_id""]",WITHHOLD,D,,D,False,False,True,True
158e3ca234d919d8e9464a56,216,whole_record_replay_same_answer,SENDER_TO_RECEIVER_CHANGED,sender -> receiver,"[""case_id"", ""question"", ""question_sha256"", ""satisfying_order"", ""trial_id""]",WITHHOLD,D,,D,False,False,True,True
f8ebb3181fe7e56211158ca3,217,whole_record_replay_same_answer,SENDER_TO_RECEIVER_CHANGED,sender -> receiver,"[""case_id"", ""question"", ""question_sha256"", ""satisfying_order"", ""trial_id""]",WITHHOLD,B,,B,False,False,True,True
900f04a88957b3b05b81f598,218,whole_record_replay_same_answer,SENDER_TO_RECEIVER_CHANGED,sender -> receiver,"[""case_id"", ""question"", ""question_sha256"", ""satisfying_order"", ""trial_id""]",WITHHOLD,D,,D,False,False,True,True
42f94bc8a390748ec9b54ba4,219,whole_record_replay_same_answer,SENDER_TO_RECEIVER_CHANGED,sender -> receiver,"[""case_id"", ""question"", ""question_sha256"", ""satisfying_order"", ""trial_id""]",WITHHOLD,A,,A,False,False,True,True
28d4402790c930c44dcc4e41,220,whole_record_replay_same_answer,SENDER_TO_RECEIVER_CHANGED,sender -> receiver,"[""case_id"", ""question"", ""question_sha256"", ""satisfying_order"", ""trial_id""]",WITHHOLD,G,,G,False,False,True,True
2c79ee3c05322b940d486a11,221,whole_record_replay_same_answer,SENDER_TO_RECEIVER_CHANGED,sender -> receiver,"[""case_id"", ""question"", ""question_sha256"", ""satisfying_order"", ""trial_id""]",WITHHOLD,B,,B,False,False,True,True
e04c82b897dee147d084a0d6,222,whole_record_replay_same_answer,SENDER_TO_RECEIVER_CHANGED,sender -> receiver,"[""case_id"", ""question"", ""question_sha256"", ""satisfying_order"", ""trial_id""]",WITHHOLD,C,,C,False,False,True,True
5f73874becc011c6ee053051,223,whole_record_replay_same_answer,SENDER_TO_RECEIVER_CHANGED,sender -> receiver,"[""case_id"", ""question"", ""question_sha256"", ""satisfying_order"", ""trial_id""]",WITHHOLD,G,,G,False,False,True,True
0747fe87eda44c43917d7095,224,whole_record_replay_same_answer,SENDER_TO_RECEIVER_CHANGED,sender -> receiver,"[""case_id"", ""question"", ""question_sha256"", ""satisfying_order"", ""trial_id""]",WITHHOLD,D,,D,False,False,True,True
8a143df99aa4a0cdc783461c,225,whole_record_replay_same_answer,SENDER_TO_RECEIVER_CHANGED,sender -> receiver,"[""case_id"", ""question"", ""question_sha256"", ""satisfying_order"", ""trial_id""]",WITHHOLD,F,,F,False,False,True,True
2d56f159cb47596db33f280a,226,whole_record_replay_same_answer,SENDER_TO_RECEIVER_CHANGED,sender -> receiver,"[""case_id"", ""question"", ""question_sha256"", ""satisfying_order"", ""trial_id""]",WITHHOLD,B,,B,False,False,True,True
4bd5b50a27f8e1f0ee566d61,227,whole_record_replay_same_answer,SENDER_TO_RECEIVER_CHANGED,sender -> receiver,"[""case_id"", ""question"", ""question_sha256"", ""satisfying_order"", ""trial_id""]",WITHHOLD,C,,C,False,False,True,True
a7cb2aa9a39c1289c38b7685,228,whole_record_replay_same_answer,SENDER_TO_RECEIVER_CHANGED,sender -> receiver,"[""case_id"", ""question"", ""question_sha256"", ""satisfying_order"", ""trial_id""]",WITHHOLD,E,,E,False,False,True,True
e084902451143c2b7f894a6f,229,whole_record_replay_same_answer,SENDER_TO_RECEIVER_CHANGED,sender -> receiver,"[""case_id"", ""question"", ""question_sha256"", ""satisfying_order"", ""trial_id""]",WITHHOLD,E,,E,False,False,True,True
e70f57ad0612573fb4e0be78,230,whole_record_replay_same_answer,SENDER_TO_RECEIVER_CHANGED,sender -> receiver,"[""case_id"", ""question"", ""question_sha256"", ""satisfying_order"", ""trial_id""]",WITHHOLD,F,,F,False,False,True,True
68f2f5f6287d8c94343cb59e,231,whole_record_replay_same_answer,SENDER_TO_RECEIVER_CHANGED,sender -> receiver,"[""case_id"", ""question"", ""question_sha256"", ""satisfying_order"", ""trial_id""]",WITHHOLD,F,,F,False,False,True,True
37e6970dc795b001c358c747,232,whole_record_replay_same_answer,SENDER_TO_RECEIVER_CHANGED,sender -> receiver,"[""case_id"", ""question"", ""question_sha256"", ""satisfying_order"", ""trial_id""]",WITHHOLD,G,,G,False,False,True,True
afe3d3ba98cdc1cdad86c6d0,233,whole_record_replay_same_answer,SENDER_TO_RECEIVER_CHANGED,sender -> receiver,"[""case_id"", ""question"", ""question_sha256"", ""satisfying_order"", ""trial_id""]",WITHHOLD,C,,C,False,False,True,True
f97ab06fa9f1c0846578a06d,234,whole_record_replay_same_answer,SENDER_TO_RECEIVER_CHANGED,sender -> receiver,"[""case_id"", ""question"", ""question_sha256"", ""satisfying_order"", ""trial_id""]",WITHHOLD,B,,B,False,False,True,True
cd2bdb093edf3baa4bbcaa8f,235,whole_record_replay_same_answer,SENDER_TO_RECEIVER_CHANGED,sender -> receiver,"[""case_id"", ""question"", ""question_sha256"", ""satisfying_order"", ""trial_id""]",WITHHOLD,A,,A,False,False,True,True
903319f945e0eef969cac980,236,whole_record_replay_same_answer,SENDER_TO_RECEIVER_CHANGED,sender -> receiver,"[""case_id"", ""question"", ""question_sha256"", ""satisfying_order"", ""trial_id""]",WITHHOLD,F,,F,False,False,True,True
68f16e31e55a6fd6ba85760d,237,whole_record_replay_same_answer,SENDER_TO_RECEIVER_CHANGED,sender -> receiver,"[""case_id"", ""question"", ""question_sha256"", ""satisfying_order"", ""trial_id""]",WITHHOLD,A,,A,False,False,True,True
20e1d6323bef1e5943548157,238,whole_record_replay_same_answer,SENDER_TO_RECEIVER_CHANGED,sender -> receiver,"[""case_id"", ""question"", ""question_sha256"", ""satisfying_order"", ""trial_id""]",WITHHOLD,F,,F,False,False,True,True
a4be2cccaa658967b525bca4,239,whole_record_replay_same_answer,SENDER_TO_RECEIVER_CHANGED,sender -> receiver,"[""case_id"", ""question"", ""question_sha256"", ""satisfying_order"", ""trial_id""]",WITHHOLD,F,,F,False,False,True,True
ab2c1016ca9b87f2f4c02c10,240,whole_record_replay_same_answer,SENDER_TO_RECEIVER_CHANGED,sender -> receiver,"[""case_id"", ""question"", ""question_sha256"", ""satisfying_order"", ""trial_id""]",WITHHOLD,E,,E,False,False,True,True
27d93d6a98a0567e3e262e7c,241,whole_record_replay_same_answer,SENDER_TO_RECEIVER_CHANGED,sender -> receiver,"[""case_id"", ""question"", ""question_sha256"", ""satisfying_order"", ""trial_id""]",WITHHOLD,G,,G,False,False,True,True
3979b5600b4856999c5873fe,242,whole_record_replay_same_answer,SENDER_TO_RECEIVER_CHANGED,sender -> receiver,"[""case_id"", ""question"", ""question_sha256"", ""satisfying_order"", ""trial_id""]",WITHHOLD,F,,F,False,False,True,True
b00b8a7b102438e945ae4963,243,whole_record_replay_same_answer,SENDER_TO_RECEIVER_CHANGED,sender -> receiver,"[""case_id"", ""question"", ""question_sha256"", ""satisfying_order"", ""trial_id""]",WITHHOLD,C,,C,False,False,True,True
7bca24a060923c97f01e650d,244,whole_record_replay_same_answer,SENDER_TO_RECEIVER_CHANGED,sender -> receiver,"[""case_id"", ""question"", ""question_sha256"", ""satisfying_order"", ""trial_id""]",WITHHOLD,C,,C,False,False,True,True
2d415213d1527fcc72186465,245,whole_record_replay_same_answer,SENDER_TO_RECEIVER_CHANGED,sender -> receiver,"[""case_id"", ""question"", ""question_sha256"", ""satisfying_order"", ""trial_id""]",WITHHOLD,A,,A,False,False,True,True
c6dd41b0fd915fd3a25db739,246,whole_record_replay_same_answer,SENDER_TO_RECEIVER_CHANGED,sender -> receiver,"[""case_id"", ""question"", ""question_sha256"", ""satisfying_order"", ""trial_id""]",WITHHOLD,D,,D,False,False,True,True
454056592ab2f5b47d303f22,247,whole_record_replay_same_answer,SENDER_TO_RECEIVER_CHANGED,sender -> receiver,"[""case_id"", ""question"", ""question_sha256"", ""satisfying_order"", ""trial_id""]",WITHHOLD,A,,A,False,False,True,True
3c6770ba93f6b8419303f742,248,whole_record_replay_same_answer,SENDER_TO_RECEIVER_CHANGED,sender -> receiver,"[""case_id"", ""question"", ""question_sha256"", ""satisfying_order"", ""trial_id""]",WITHHOLD,F,,F,False,False,True,True
f86acf3aff13108db2109115,249,whole_record_replay_same_answer,SENDER_TO_RECEIVER_CHANGED,sender -> receiver,"[""case_id"", ""question"", ""question_sha256"", ""satisfying_order"", ""trial_id""]",WITHHOLD,D,,D,False,False,True,True
71e39b2c02ee8b37a97b761b,0,missing_delivery,NO_RECEIVED_PAYLOAD,sender -> receiver (no payload at receiving capture),[],WITHHOLD,,,D,False,False,,True
1919e20d5999ecf7ae5e3d9e,1,missing_delivery,NO_RECEIVED_PAYLOAD,sender -> receiver (no payload at receiving capture),[],WITHHOLD,,,B,False,False,,True
fe1a6d9eecb015819dc5c4b3,2,missing_delivery,NO_RECEIVED_PAYLOAD,sender -> receiver (no payload at receiving capture),[],WITHHOLD,,,A,False,False,,True
635f3cbb895fb46acd39d174,3,missing_delivery,NO_RECEIVED_PAYLOAD,sender -> receiver (no payload at receiving capture),[],WITHHOLD,,,A,False,False,,True
285776fac07d504ebd1b96e4,4,missing_delivery,NO_RECEIVED_PAYLOAD,sender -> receiver (no payload at receiving capture),[],WITHHOLD,,,F,False,False,,True
c0db4a777a3fa2aa13345282,5,missing_delivery,NO_RECEIVED_PAYLOAD,sender -> receiver (no payload at receiving capture),[],WITHHOLD,,,B,False,False,,True
fe53ce4288bad3185d9996fa,6,missing_delivery,NO_RECEIVED_PAYLOAD,sender -> receiver (no payload at receiving capture),[],WITHHOLD,,,E,False,False,,True
42377793871912d41d2827f9,7,missing_delivery,NO_RECEIVED_PAYLOAD,sender -> receiver (no payload at receiving capture),[],WITHHOLD,,,B,False,False,,True
4723f2d030811e37448e90c6,8,missing_delivery,NO_RECEIVED_PAYLOAD,sender -> receiver (no payload at receiving capture),[],WITHHOLD,,,C,False,False,,True
38495916af74a700d3fd837d,9,missing_delivery,NO_RECEIVED_PAYLOAD,sender -> receiver (no payload at receiving capture),[],WITHHOLD,,,B,False,False,,True
7a16a0d473518c237b89617e,10,missing_delivery,NO_RECEIVED_PAYLOAD,sender -> receiver (no payload at receiving capture),[],WITHHOLD,,,G,False,False,,True
a67f09ad7316c1dc20b8c648,11,missing_delivery,NO_RECEIVED_PAYLOAD,sender -> receiver (no payload at receiving capture),[],WITHHOLD,,,C,False,False,,True
b00b945673f2176625c18c74,12,missing_delivery,NO_RECEIVED_PAYLOAD,sender -> receiver (no payload at receiving capture),[],WITHHOLD,,,D,False,False,,True
a6f39e32d400a5ec4b10bcd0,13,missing_delivery,NO_RECEIVED_PAYLOAD,sender -> receiver (no payload at receiving capture),[],WITHHOLD,,,F,False,False,,True
e4c4258032aae62a7202b40e,14,missing_delivery,NO_RECEIVED_PAYLOAD,sender -> receiver (no payload at receiving capture),[],WITHHOLD,,,A,False,False,,True
4e8c36e301f8f73bf7f0b880,15,missing_delivery,NO_RECEIVED_PAYLOAD,sender -> receiver (no payload at receiving capture),[],WITHHOLD,,,E,False,False,,True
1827ddb70b1ea76f7261cebd,16,missing_delivery,NO_RECEIVED_PAYLOAD,sender -> receiver (no payload at receiving capture),[],WITHHOLD,,,B,False,False,,True
5d02bb5bb450f5c5f28fec6b,17,missing_delivery,NO_RECEIVED_PAYLOAD,sender -> receiver (no payload at receiving capture),[],WITHHOLD,,,E,False,False,,True
c3c819718f72af23655ad265,18,missing_delivery,NO_RECEIVED_PAYLOAD,sender -> receiver (no payload at receiving capture),[],WITHHOLD,,,G,False,False,,True
155e2e2bd7b3f2ee4b993eee,19,missing_delivery,NO_RECEIVED_PAYLOAD,sender -> receiver (no payload at receiving capture),[],WITHHOLD,,,A,False,False,,True
ff305bd2be532d20cdf89992,20,missing_delivery,NO_RECEIVED_PAYLOAD,sender -> receiver (no payload at receiving capture),[],WITHHOLD,,,D,False,False,,True
971450f8c8b0cc39ba1c99f0,21,missing_delivery,NO_RECEIVED_PAYLOAD,sender -> receiver (no payload at receiving capture),[],WITHHOLD,,,C,False,False,,True
cca46c5979adf4fde89c8a55,22,missing_delivery,NO_RECEIVED_PAYLOAD,sender -> receiver (no payload at receiving capture),[],WITHHOLD,,,A,False,False,,True
b4f00b9f75ffed5c98c7370a,23,missing_delivery,NO_RECEIVED_PAYLOAD,sender -> receiver (no payload at receiving capture),[],WITHHOLD,,,E,False,False,,True
b686dea5ade14604f2ed6d20,24,missing_delivery,NO_RECEIVED_PAYLOAD,sender -> receiver (no payload at receiving capture),[],WITHHOLD,,,D,False,False,,True
c66883947197512e423eb613,25,missing_delivery,NO_RECEIVED_PAYLOAD,sender -> receiver (no payload at receiving capture),[],WITHHOLD,,,A,False,False,,True
f0bbb6880dee9e8afbbddea9,26,missing_delivery,NO_RECEIVED_PAYLOAD,sender -> receiver (no payload at receiving capture),[],WITHHOLD,,,F,False,False,,True
e21620e3c4f7a7afb6b057a1,27,missing_delivery,NO_RECEIVED_PAYLOAD,sender -> receiver (no payload at receiving capture),[],WITHHOLD,,,C,False,False,,True
922958a9688fa9c4d74810bc,28,missing_delivery,NO_RECEIVED_PAYLOAD,sender -> receiver (no payload at receiving capture),[],WITHHOLD,,,B,False,False,,True
48b44086b2034d3258136f3a,29,missing_delivery,NO_RECEIVED_PAYLOAD,sender -> receiver (no payload at receiving capture),[],WITHHOLD,,,E,False,False,,True
076e76dea7381f6240eb0e8a,30,missing_delivery,NO_RECEIVED_PAYLOAD,sender -> receiver (no payload at receiving capture),[],WITHHOLD,,,C,False,False,,True
1bd7b69726dec9f0251bbb97,31,missing_delivery,NO_RECEIVED_PAYLOAD,sender -> receiver (no payload at receiving capture),[],WITHHOLD,,,D,False,False,,True
7cf6b537f9bb7a15b4a4401e,32,missing_delivery,NO_RECEIVED_PAYLOAD,sender -> receiver (no payload at receiving capture),[],WITHHOLD,,,C,False,False,,True
3fd00715fb64ad8b41b9cb07,33,missing_delivery,NO_RECEIVED_PAYLOAD,sender -> receiver (no payload at receiving capture),[],WITHHOLD,,,A,False,False,,True
eac1e16117ab9f38d079d682,34,missing_delivery,NO_RECEIVED_PAYLOAD,sender -> receiver (no payload at receiving capture),[],WITHHOLD,,,G,False,False,,True
ef1e4223a2e889855e50fe2f,35,missing_delivery,NO_RECEIVED_PAYLOAD,sender -> receiver (no payload at receiving capture),[],WITHHOLD,,,A,False,False,,True
42c8f3cd79d31f69c0a5d768,36,missing_delivery,NO_RECEIVED_PAYLOAD,sender -> receiver (no payload at receiving capture),[],WITHHOLD,,,F,False,False,,True
71a62ee693911f90a131cd18,37,missing_delivery,NO_RECEIVED_PAYLOAD,sender -> receiver (no payload at receiving capture),[],WITHHOLD,,,C,False,False,,True
7fb38c9b48a300375ba69a09,38,missing_delivery,NO_RECEIVED_PAYLOAD,sender -> receiver (no payload at receiving capture),[],WITHHOLD,,,A,False,False,,True
08caa2570277a6ec281e661b,39,missing_delivery,NO_RECEIVED_PAYLOAD,sender -> receiver (no payload at receiving capture),[],WITHHOLD,,,G,False,False,,True
b842e7e060c2d20ae64014fd,40,missing_delivery,NO_RECEIVED_PAYLOAD,sender -> receiver (no payload at receiving capture),[],WITHHOLD,,,C,False,False,,True
87037b120a79f62f11bb227d,41,missing_delivery,NO_RECEIVED_PAYLOAD,sender -> receiver (no payload at receiving capture),[],WITHHOLD,,,D,False,False,,True
770693de09c254bc1bec4ca1,42,missing_delivery,NO_RECEIVED_PAYLOAD,sender -> receiver (no payload at receiving capture),[],WITHHOLD,,,E,False,False,,True
4e843620e2a8fea78c03d0a5,43,missing_delivery,NO_RECEIVED_PAYLOAD,sender -> receiver (no payload at receiving capture),[],WITHHOLD,,,D,False,False,,True
ec2ac0d988c1cb4b2abce7c6,44,missing_delivery,NO_RECEIVED_PAYLOAD,sender -> receiver (no payload at receiving capture),[],WITHHOLD,,,A,False,False,,True
2c12877bd74909fda19acc8c,45,missing_delivery,NO_RECEIVED_PAYLOAD,sender -> receiver (no payload at receiving capture),[],WITHHOLD,,,B,False,False,,True
f138269e368c5f032828a17c,46,missing_delivery,NO_RECEIVED_PAYLOAD,sender -> receiver (no payload at receiving capture),[],WITHHOLD,,,D,False,False,,True
06847c5f168fb44d9963a30c,47,missing_delivery,NO_RECEIVED_PAYLOAD,sender -> receiver (no payload at receiving capture),[],WITHHOLD,,,B,False,False,,True
ef471ef8935428d8c5ac034a,48,missing_delivery,NO_RECEIVED_PAYLOAD,sender -> receiver (no payload at receiving capture),[],WITHHOLD,,,F,False,False,,True
78270b8d5a970c65f5d60473,49,missing_delivery,NO_RECEIVED_PAYLOAD,sender -> receiver (no payload at receiving capture),[],WITHHOLD,,,F,False,False,,True
b1fb2dbd1acc356998461e40,50,missing_delivery,NO_RECEIVED_PAYLOAD,sender -> receiver (no payload at receiving capture),[],WITHHOLD,,,F,False,False,,True
63abdc6c4fd04b3cbfa0a45d,51,missing_delivery,NO_RECEIVED_PAYLOAD,sender -> receiver (no payload at receiving capture),[],WITHHOLD,,,A,False,False,,True
a6f14abceb99f7353fd5d4b6,52,missing_delivery,NO_RECEIVED_PAYLOAD,sender -> receiver (no payload at receiving capture),[],WITHHOLD,,,C,False,False,,True
ab425f46a338a4dadfca86de,53,missing_delivery,NO_RECEIVED_PAYLOAD,sender -> receiver (no payload at receiving capture),[],WITHHOLD,,,D,False,False,,True
8175c68750dc4d282ca2dc0b,54,missing_delivery,NO_RECEIVED_PAYLOAD,sender -> receiver (no payload at receiving capture),[],WITHHOLD,,,B,False,False,,True
23960cece7132abb1ac7748d,55,missing_delivery,NO_RECEIVED_PAYLOAD,sender -> receiver (no payload at receiving capture),[],WITHHOLD,,,E,False,False,,True
e925b9eaa4b415a8cf0382f9,56,missing_delivery,NO_RECEIVED_PAYLOAD,sender -> receiver (no payload at receiving capture),[],WITHHOLD,,,G,False,False,,True
a738c4cf224764b8d400dcc4,57,missing_delivery,NO_RECEIVED_PAYLOAD,sender -> receiver (no payload at receiving capture),[],WITHHOLD,,,F,False,False,,True
53b776a383a38c0528b2f3ee,58,missing_delivery,NO_RECEIVED_PAYLOAD,sender -> receiver (no payload at receiving capture),[],WITHHOLD,,,D,False,False,,True
fe28492b1ba6de74eddf9d9d,59,missing_delivery,NO_RECEIVED_PAYLOAD,sender -> receiver (no payload at receiving capture),[],WITHHOLD,,,D,False,False,,True
46be034b9f77b2cdba4fbce5,60,missing_delivery,NO_RECEIVED_PAYLOAD,sender -> receiver (no payload at receiving capture),[],WITHHOLD,,,G,False,False,,True
2d33f31235682194f2616f4a,61,missing_delivery,NO_RECEIVED_PAYLOAD,sender -> receiver (no payload at receiving capture),[],WITHHOLD,,,F,False,False,,True
feba55daa6534741551d9085,62,missing_delivery,NO_RECEIVED_PAYLOAD,sender -> receiver (no payload at receiving capture),[],WITHHOLD,,,B,False,False,,True
8270351ef95f78456f08a24e,63,missing_delivery,NO_RECEIVED_PAYLOAD,sender -> receiver (no payload at receiving capture),[],WITHHOLD,,,G,False,False,,True
49e4bd21c9757373d19c9fb8,64,missing_delivery,NO_RECEIVED_PAYLOAD,sender -> receiver (no payload at receiving capture),[],WITHHOLD,,,A,False,False,,True
597c8f6265d66ab3a5b77b9f,65,missing_delivery,NO_RECEIVED_PAYLOAD,sender -> receiver (no payload at receiving capture),[],WITHHOLD,,,G,False,False,,True
ee1c06d3f1325cdcc7158dca,66,missing_delivery,NO_RECEIVED_PAYLOAD,sender -> receiver (no payload at receiving capture),[],WITHHOLD,,,E,False,False,,True
cc8e699057b9a1504c31f44d,67,missing_delivery,NO_RECEIVED_PAYLOAD,sender -> receiver (no payload at receiving capture),[],WITHHOLD,,,C,False,False,,True
913345c7668ddeafb31b838f,68,missing_delivery,NO_RECEIVED_PAYLOAD,sender -> receiver (no payload at receiving capture),[],WITHHOLD,,,F,False,False,,True
795c06f30dc5a2b88ab8ad19,69,missing_delivery,NO_RECEIVED_PAYLOAD,sender -> receiver (no payload at receiving capture),[],WITHHOLD,,,G,False,False,,True
dbf159bf49a3b7e5f2c1c694,70,missing_delivery,NO_RECEIVED_PAYLOAD,sender -> receiver (no payload at receiving capture),[],WITHHOLD,,,B,False,False,,True
ecd65e23ad77c836dce20990,71,missing_delivery,NO_RECEIVED_PAYLOAD,sender -> receiver (no payload at receiving capture),[],WITHHOLD,,,C,False,False,,True
1b0ccb946fe454eb1e1fb68a,72,missing_delivery,NO_RECEIVED_PAYLOAD,sender -> receiver (no payload at receiving capture),[],WITHHOLD,,,F,False,False,,True
941b08073f1a0f0def152dd4,73,missing_delivery,NO_RECEIVED_PAYLOAD,sender -> receiver (no payload at receiving capture),[],WITHHOLD,,,E,False,False,,True
db728c97b5f69c3a5694a31c,74,missing_delivery,NO_RECEIVED_PAYLOAD,sender -> receiver (no payload at receiving capture),[],WITHHOLD,,,A,False,False,,True
bece2940813bf6f961a6b3f7,75,missing_delivery,NO_RECEIVED_PAYLOAD,sender -> receiver (no payload at receiving capture),[],WITHHOLD,,,C,False,False,,True
d817cd686a3363b462510e49,76,missing_delivery,NO_RECEIVED_PAYLOAD,sender -> receiver (no payload at receiving capture),[],WITHHOLD,,,A,False,False,,True
850d3add1e5ab2dfa5087b81,77,missing_delivery,NO_RECEIVED_PAYLOAD,sender -> receiver (no payload at receiving capture),[],WITHHOLD,,,G,False,False,,True
20455af1748a5690447f0563,78,missing_delivery,NO_RECEIVED_PAYLOAD,sender -> receiver (no payload at receiving capture),[],WITHHOLD,,,A,False,False,,True
beab279a6b522a9a329271f8,79,missing_delivery,NO_RECEIVED_PAYLOAD,sender -> receiver (no payload at receiving capture),[],WITHHOLD,,,B,False,False,,True
11ff56f7a6918edbdc50b430,80,missing_delivery,NO_RECEIVED_PAYLOAD,sender -> receiver (no payload at receiving capture),[],WITHHOLD,,,A,False,False,,True
e63a51692c312afedb9bbfc8,81,missing_delivery,NO_RECEIVED_PAYLOAD,sender -> receiver (no payload at receiving capture),[],WITHHOLD,,,D,False,False,,True
955340822804c37e484ac193,82,missing_delivery,NO_RECEIVED_PAYLOAD,sender -> receiver (no payload at receiving capture),[],WITHHOLD,,,E,False,False,,True
9f6f68e553ed820793398170,83,missing_delivery,NO_RECEIVED_PAYLOAD,sender -> receiver (no payload at receiving capture),[],WITHHOLD,,,A,False,False,,True
8e1555146f0159dca1a63985,84,missing_delivery,NO_RECEIVED_PAYLOAD,sender -> receiver (no payload at receiving capture),[],WITHHOLD,,,B,False,False,,True
d7fcbf41233619724d088013,85,missing_delivery,NO_RECEIVED_PAYLOAD,sender -> receiver (no payload at receiving capture),[],WITHHOLD,,,G,False,False,,True
542cf9e963de970ecba83ca5,86,missing_delivery,NO_RECEIVED_PAYLOAD,sender -> receiver (no payload at receiving capture),[],WITHHOLD,,,D,False,False,,True
f06548cb5c44bd6c74cabfd9,87,missing_delivery,NO_RECEIVED_PAYLOAD,sender -> receiver (no payload at receiving capture),[],WITHHOLD,,,D,False,False,,True
d10de5ba8ebadc17e41c90eb,88,missing_delivery,NO_RECEIVED_PAYLOAD,sender -> receiver (no payload at receiving capture),[],WITHHOLD,,,E,False,False,,True
42c97fcb58d2978c1cfa1023,89,missing_delivery,NO_RECEIVED_PAYLOAD,sender -> receiver (no payload at receiving capture),[],WITHHOLD,,,D,False,False,,True
1fdc24c625236aad65265ac8,90,missing_delivery,NO_RECEIVED_PAYLOAD,sender -> receiver (no payload at receiving capture),[],WITHHOLD,,,F,False,False,,True
80693abbd4082fec5d514f7a,91,missing_delivery,NO_RECEIVED_PAYLOAD,sender -> receiver (no payload at receiving capture),[],WITHHOLD,,,F,False,False,,True
f04cc1c5f494498548bd654a,92,missing_delivery,NO_RECEIVED_PAYLOAD,sender -> receiver (no payload at receiving capture),[],WITHHOLD,,,D,False,False,,True
1edbfd5f6efa58e6ceb18329,93,missing_delivery,NO_RECEIVED_PAYLOAD,sender -> receiver (no payload at receiving capture),[],WITHHOLD,,,G,False,False,,True
78ab5ac6c6265b137114100a,94,missing_delivery,NO_RECEIVED_PAYLOAD,sender -> receiver (no payload at receiving capture),[],WITHHOLD,,,D,False,False,,True
0fd12b01717f0e0aca26601c,95,missing_delivery,NO_RECEIVED_PAYLOAD,sender -> receiver (no payload at receiving capture),[],WITHHOLD,,,A,False,False,,True
ed59bfde402fc0d7ac2167f9,96,missing_delivery,NO_RECEIVED_PAYLOAD,sender -> receiver (no payload at receiving capture),[],WITHHOLD,,,G,False,False,,True
f64ebde5b5795a3c62685c51,97,missing_delivery,NO_RECEIVED_PAYLOAD,sender -> receiver (no payload at receiving capture),[],WITHHOLD,,,E,False,False,,True
0e5feee7d95e11235f440935,98,missing_delivery,NO_RECEIVED_PAYLOAD,sender -> receiver (no payload at receiving capture),[],WITHHOLD,,,F,False,False,,True
bdbf60b426a1611fb1f51ff9,99,missing_delivery,NO_RECEIVED_PAYLOAD,sender -> receiver (no payload at receiving capture),[],WITHHOLD,,,D,False,False,,True
9e9d3d5d21851303895ed0b0,100,missing_delivery,NO_RECEIVED_PAYLOAD,sender -> receiver (no payload at receiving capture),[],WITHHOLD,,,A,False,False,,True
da030f4dac53d79a867e2a64,101,missing_delivery,NO_RECEIVED_PAYLOAD,sender -> receiver (no payload at receiving capture),[],WITHHOLD,,,C,False,False,,True
db15037c2148f0a5124da2fd,102,missing_delivery,NO_RECEIVED_PAYLOAD,sender -> receiver (no payload at receiving capture),[],WITHHOLD,,,E,False,False,,True
200f3f9bf556bcdaa5d346a3,103,missing_delivery,NO_RECEIVED_PAYLOAD,sender -> receiver (no payload at receiving capture),[],WITHHOLD,,,B,False,False,,True
62c8600987ae02cc89b80d99,104,missing_delivery,NO_RECEIVED_PAYLOAD,sender -> receiver (no payload at receiving capture),[],WITHHOLD,,,C,False,False,,True
e20856a5f89b01acfafd7cc3,105,missing_delivery,NO_RECEIVED_PAYLOAD,sender -> receiver (no payload at receiving capture),[],WITHHOLD,,,D,False,False,,True
e25a36585eba3e470852d482,106,missing_delivery,NO_RECEIVED_PAYLOAD,sender -> receiver (no payload at receiving capture),[],WITHHOLD,,,B,False,False,,True
aa41ff4226be0f5b5e410a9b,107,missing_delivery,NO_RECEIVED_PAYLOAD,sender -> receiver (no payload at receiving capture),[],WITHHOLD,,,C,False,False,,True
9b203945c819953d543a2afb,108,missing_delivery,NO_RECEIVED_PAYLOAD,sender -> receiver (no payload at receiving capture),[],WITHHOLD,,,C,False,False,,True
dabe206e9c00551fc4102c1f,109,missing_delivery,NO_RECEIVED_PAYLOAD,sender -> receiver (no payload at receiving capture),[],WITHHOLD,,,A,False,False,,True
5c20e7921c3037eb5ec73d81,110,missing_delivery,NO_RECEIVED_PAYLOAD,sender -> receiver (no payload at receiving capture),[],WITHHOLD,,,E,False,False,,True
166d38690fbf39247b28e08b,111,missing_delivery,NO_RECEIVED_PAYLOAD,sender -> receiver (no payload at receiving capture),[],WITHHOLD,,,B,False,False,,True
7ee4bf7eac2593d61fe61560,112,missing_delivery,NO_RECEIVED_PAYLOAD,sender -> receiver (no payload at receiving capture),[],WITHHOLD,,,F,False,False,,True
591c7ad46133ad3cc04fb840,113,missing_delivery,NO_RECEIVED_PAYLOAD,sender -> receiver (no payload at receiving capture),[],WITHHOLD,,,B,False,False,,True
52217596e6b5a9642a097855,114,missing_delivery,NO_RECEIVED_PAYLOAD,sender -> receiver (no payload at receiving capture),[],WITHHOLD,,,G,False,False,,True
25a18a8314651d443e8955c5,115,missing_delivery,NO_RECEIVED_PAYLOAD,sender -> receiver (no payload at receiving capture),[],WITHHOLD,,,E,False,False,,True
725095726fe36b3bf8d2e382,116,missing_delivery,NO_RECEIVED_PAYLOAD,sender -> receiver (no payload at receiving capture),[],WITHHOLD,,,D,False,False,,True
9e053842271b7ff1b5e08f16,117,missing_delivery,NO_RECEIVED_PAYLOAD,sender -> receiver (no payload at receiving capture),[],WITHHOLD,,,D,False,False,,True
11609ab3a0ada954e4234eb7,118,missing_delivery,NO_RECEIVED_PAYLOAD,sender -> receiver (no payload at receiving capture),[],WITHHOLD,,,G,False,False,,True
3cc32365237250ac8167218e,119,missing_delivery,NO_RECEIVED_PAYLOAD,sender -> receiver (no payload at receiving capture),[],WITHHOLD,,,E,False,False,,True
5df81ee21df3afc1a8e68638,120,missing_delivery,NO_RECEIVED_PAYLOAD,sender -> receiver (no payload at receiving capture),[],WITHHOLD,,,D,False,False,,True
dfb1488759e2718158dda596,121,missing_delivery,NO_RECEIVED_PAYLOAD,sender -> receiver (no payload at receiving capture),[],WITHHOLD,,,G,False,False,,True
bc5218feaf7903b270e4bfec,122,missing_delivery,NO_RECEIVED_PAYLOAD,sender -> receiver (no payload at receiving capture),[],WITHHOLD,,,C,False,False,,True
a8f9ec3aff43a14a55eabbd4,123,missing_delivery,NO_RECEIVED_PAYLOAD,sender -> receiver (no payload at receiving capture),[],WITHHOLD,,,D,False,False,,True
3a00e47303a8ce9acb8cc73c,124,missing_delivery,NO_RECEIVED_PAYLOAD,sender -> receiver (no payload at receiving capture),[],WITHHOLD,,,A,False,False,,True
c52b88922bb394aa5e5b67bb,125,missing_delivery,NO_RECEIVED_PAYLOAD,sender -> receiver (no payload at receiving capture),[],WITHHOLD,,,G,False,False,,True
c9f109408a05a977bd12f21b,126,missing_delivery,NO_RECEIVED_PAYLOAD,sender -> receiver (no payload at receiving capture),[],WITHHOLD,,,D,False,False,,True
de050a4ff08e074e2cda4218,127,missing_delivery,NO_RECEIVED_PAYLOAD,sender -> receiver (no payload at receiving capture),[],WITHHOLD,,,F,False,False,,True
c997dd85aa6b6166c738ef71,128,missing_delivery,NO_RECEIVED_PAYLOAD,sender -> receiver (no payload at receiving capture),[],WITHHOLD,,,B,False,False,,True
20388e8de8d2417f4c1ab99e,129,missing_delivery,NO_RECEIVED_PAYLOAD,sender -> receiver (no payload at receiving capture),[],WITHHOLD,,,A,False,False,,True
c0564a7fa7c79afd3ba69d40,130,missing_delivery,NO_RECEIVED_PAYLOAD,sender -> receiver (no payload at receiving capture),[],WITHHOLD,,,C,False,False,,True
10a0a8fa83b3ba24d1ecdc8d,131,missing_delivery,NO_RECEIVED_PAYLOAD,sender -> receiver (no payload at receiving capture),[],WITHHOLD,,,G,False,False,,True
dc0a8b50f1cc3fed36de1f05,132,missing_delivery,NO_RECEIVED_PAYLOAD,sender -> receiver (no payload at receiving capture),[],WITHHOLD,,,A,False,False,,True
a5414f30532f8eb8f3d2cb33,133,missing_delivery,NO_RECEIVED_PAYLOAD,sender -> receiver (no payload at receiving capture),[],WITHHOLD,,,B,False,False,,True
d14efddaed01aa75fe7ddd92,134,missing_delivery,NO_RECEIVED_PAYLOAD,sender -> receiver (no payload at receiving capture),[],WITHHOLD,,,G,False,False,,True
3757c561eb5097947f4bed5e,135,missing_delivery,NO_RECEIVED_PAYLOAD,sender -> receiver (no payload at receiving capture),[],WITHHOLD,,,D,False,False,,True
db11b8d3b98215b6ac75a439,136,missing_delivery,NO_RECEIVED_PAYLOAD,sender -> receiver (no payload at receiving capture),[],WITHHOLD,,,B,False,False,,True
dbf640a22b9e33b4b2877ce9,137,missing_delivery,NO_RECEIVED_PAYLOAD,sender -> receiver (no payload at receiving capture),[],WITHHOLD,,,E,False,False,,True
b2facfd6623b25ccfaf893a1,138,missing_delivery,NO_RECEIVED_PAYLOAD,sender -> receiver (no payload at receiving capture),[],WITHHOLD,,,G,False,False,,True
e49ade32547ad97156ab6d9c,139,missing_delivery,NO_RECEIVED_PAYLOAD,sender -> receiver (no payload at receiving capture),[],WITHHOLD,,,E,False,False,,True
62bd2a279e49e20043d6aad1,140,missing_delivery,NO_RECEIVED_PAYLOAD,sender -> receiver (no payload at receiving capture),[],WITHHOLD,,,E,False,False,,True
72cd1f8c5689c49231174742,141,missing_delivery,NO_RECEIVED_PAYLOAD,sender -> receiver (no payload at receiving capture),[],WITHHOLD,,,C,False,False,,True
b9d961e496f77618303aba08,142,missing_delivery,NO_RECEIVED_PAYLOAD,sender -> receiver (no payload at receiving capture),[],WITHHOLD,,,D,False,False,,True
6aab6434c075fa237020d109,143,missing_delivery,NO_RECEIVED_PAYLOAD,sender -> receiver (no payload at receiving capture),[],WITHHOLD,,,B,False,False,,True
0e315252473118d2b0c263c2,144,missing_delivery,NO_RECEIVED_PAYLOAD,sender -> receiver (no payload at receiving capture),[],WITHHOLD,,,E,False,False,,True
6dd98c8ee48400aacdd2d4de,145,missing_delivery,NO_RECEIVED_PAYLOAD,sender -> receiver (no payload at receiving capture),[],WITHHOLD,,,B,False,False,,True
78d577237b892298b1062859,146,missing_delivery,NO_RECEIVED_PAYLOAD,sender -> receiver (no payload at receiving capture),[],WITHHOLD,,,D,False,False,,True
18ab324f35ca0129ed8b4de9,147,missing_delivery,NO_RECEIVED_PAYLOAD,sender -> receiver (no payload at receiving capture),[],WITHHOLD,,,F,False,False,,True
5d766bad720c829102b9356c,148,missing_delivery,NO_RECEIVED_PAYLOAD,sender -> receiver (no payload at receiving capture),[],WITHHOLD,,,E,False,False,,True
7ad68bbdae39e58b771e156b,149,missing_delivery,NO_RECEIVED_PAYLOAD,sender -> receiver (no payload at receiving capture),[],WITHHOLD,,,F,False,False,,True
871355df89f640e97ae42f00,150,missing_delivery,NO_RECEIVED_PAYLOAD,sender -> receiver (no payload at receiving capture),[],WITHHOLD,,,D,False,False,,True
4f2552c64bab16a01e10fd53,151,missing_delivery,NO_RECEIVED_PAYLOAD,sender -> receiver (no payload at receiving capture),[],WITHHOLD,,,C,False,False,,True
1281d482d6ac694d9786b726,152,missing_delivery,NO_RECEIVED_PAYLOAD,sender -> receiver (no payload at receiving capture),[],WITHHOLD,,,C,False,False,,True
ac12fea6eabff66e1375268e,153,missing_delivery,NO_RECEIVED_PAYLOAD,sender -> receiver (no payload at receiving capture),[],WITHHOLD,,,F,False,False,,True
41575591436c648768178bd6,154,missing_delivery,NO_RECEIVED_PAYLOAD,sender -> receiver (no payload at receiving capture),[],WITHHOLD,,,C,False,False,,True
31528b120cf98d87e5546f1b,155,missing_delivery,NO_RECEIVED_PAYLOAD,sender -> receiver (no payload at receiving capture),[],WITHHOLD,,,E,False,False,,True
1c248acaacc7e1c8e01917f4,156,missing_delivery,NO_RECEIVED_PAYLOAD,sender -> receiver (no payload at receiving capture),[],WITHHOLD,,,B,False,False,,True
ba20a90f87ab3b13ce658e9d,157,missing_delivery,NO_RECEIVED_PAYLOAD,sender -> receiver (no payload at receiving capture),[],WITHHOLD,,,C,False,False,,True
3e0392f6c87d4e96dc381496,158,missing_delivery,NO_RECEIVED_PAYLOAD,sender -> receiver (no payload at receiving capture),[],WITHHOLD,,,B,False,False,,True
e893ebe12f8e902d30cb6103,159,missing_delivery,NO_RECEIVED_PAYLOAD,sender -> receiver (no payload at receiving capture),[],WITHHOLD,,,E,False,False,,True
11f749e1e2dcd52a4dad6efe,160,missing_delivery,NO_RECEIVED_PAYLOAD,sender -> receiver (no payload at receiving capture),[],WITHHOLD,,,E,False,False,,True
f8031e35c2a371cd385a3d4f,161,missing_delivery,NO_RECEIVED_PAYLOAD,sender -> receiver (no payload at receiving capture),[],WITHHOLD,,,A,False,False,,True
544ad6fd47c4312dd3d1b658,162,missing_delivery,NO_RECEIVED_PAYLOAD,sender -> receiver (no payload at receiving capture),[],WITHHOLD,,,F,False,False,,True
b472fc2d47dfeaa41525b7aa,163,missing_delivery,NO_RECEIVED_PAYLOAD,sender -> receiver (no payload at receiving capture),[],WITHHOLD,,,E,False,False,,True
5ef272d69f823ec6634ebb32,164,missing_delivery,NO_RECEIVED_PAYLOAD,sender -> receiver (no payload at receiving capture),[],WITHHOLD,,,A,False,False,,True
0da24682803967dc7c94c602,165,missing_delivery,NO_RECEIVED_PAYLOAD,sender -> receiver (no payload at receiving capture),[],WITHHOLD,,,B,False,False,,True
4167eb506f20b5553e58dd1a,166,missing_delivery,NO_RECEIVED_PAYLOAD,sender -> receiver (no payload at receiving capture),[],WITHHOLD,,,C,False,False,,True
ebcabb1b45eab0e756ff316c,167,missing_delivery,NO_RECEIVED_PAYLOAD,sender -> receiver (no payload at receiving capture),[],WITHHOLD,,,G,False,False,,True
09a98b52e164651efbdd08cd,168,missing_delivery,NO_RECEIVED_PAYLOAD,sender -> receiver (no payload at receiving capture),[],WITHHOLD,,,F,False,False,,True
95c57c2bfb2da65860f69ef8,169,missing_delivery,NO_RECEIVED_PAYLOAD,sender -> receiver (no payload at receiving capture),[],WITHHOLD,,,C,False,False,,True
e0d7ad134e67636ea21c4b89,170,missing_delivery,NO_RECEIVED_PAYLOAD,sender -> receiver (no payload at receiving capture),[],WITHHOLD,,,A,False,False,,True
59c0aa6bbea80b6ee28e5aee,171,missing_delivery,NO_RECEIVED_PAYLOAD,sender -> receiver (no payload at receiving capture),[],WITHHOLD,,,C,False,False,,True
24cf172fcad1d3196628e5cb,172,missing_delivery,NO_RECEIVED_PAYLOAD,sender -> receiver (no payload at receiving capture),[],WITHHOLD,,,A,False,False,,True
c71946f414394e3f9aad3964,173,missing_delivery,NO_RECEIVED_PAYLOAD,sender -> receiver (no payload at receiving capture),[],WITHHOLD,,,E,False,False,,True
924f64cfb6f8ea3e410d8c1f,174,missing_delivery,NO_RECEIVED_PAYLOAD,sender -> receiver (no payload at receiving capture),[],WITHHOLD,,,F,False,False,,True
4f82c8112fafebe1fb178f55,175,missing_delivery,NO_RECEIVED_PAYLOAD,sender -> receiver (no payload at receiving capture),[],WITHHOLD,,,G,False,False,,True
80deb385d06387b5c2b13260,176,missing_delivery,NO_RECEIVED_PAYLOAD,sender -> receiver (no payload at receiving capture),[],WITHHOLD,,,F,False,False,,True
ebb58f1e88d3971a54f74f3c,177,missing_delivery,NO_RECEIVED_PAYLOAD,sender -> receiver (no payload at receiving capture),[],WITHHOLD,,,F,False,False,,True
b501a879cab46a864eb1be49,178,missing_delivery,NO_RECEIVED_PAYLOAD,sender -> receiver (no payload at receiving capture),[],WITHHOLD,,,A,False,False,,True
ce7ab7a2e7ca465b35a6f85a,179,missing_delivery,NO_RECEIVED_PAYLOAD,sender -> receiver (no payload at receiving capture),[],WITHHOLD,,,B,False,False,,True
f9aed3cb5f8804167340cc96,180,missing_delivery,NO_RECEIVED_PAYLOAD,sender -> receiver (no payload at receiving capture),[],WITHHOLD,,,G,False,False,,True
7eb205e6959aa9114e6ad44a,181,missing_delivery,NO_RECEIVED_PAYLOAD,sender -> receiver (no payload at receiving capture),[],WITHHOLD,,,A,False,False,,True
e5deaa4f1e611f3acee25332,182,missing_delivery,NO_RECEIVED_PAYLOAD,sender -> receiver (no payload at receiving capture),[],WITHHOLD,,,C,False,False,,True
4b7009ffa2d1067ebe64393d,183,missing_delivery,NO_RECEIVED_PAYLOAD,sender -> receiver (no payload at receiving capture),[],WITHHOLD,,,B,False,False,,True
d5ef0a7d011263ce27ac4736,184,missing_delivery,NO_RECEIVED_PAYLOAD,sender -> receiver (no payload at receiving capture),[],WITHHOLD,,,D,False,False,,True
50f5f764f2084157a24fbf28,185,missing_delivery,NO_RECEIVED_PAYLOAD,sender -> receiver (no payload at receiving capture),[],WITHHOLD,,,A,False,False,,True
e4c04d3d162408baa89fe50f,186,missing_delivery,NO_RECEIVED_PAYLOAD,sender -> receiver (no payload at receiving capture),[],WITHHOLD,,,G,False,False,,True
994c2f03e079d01e4cf7fc21,187,missing_delivery,NO_RECEIVED_PAYLOAD,sender -> receiver (no payload at receiving capture),[],WITHHOLD,,,B,False,False,,True
9a33369c4301aa44d4a11cfa,188,missing_delivery,NO_RECEIVED_PAYLOAD,sender -> receiver (no payload at receiving capture),[],WITHHOLD,,,C,False,False,,True
02ac01bc821ef2f1a98812d4,189,missing_delivery,NO_RECEIVED_PAYLOAD,sender -> receiver (no payload at receiving capture),[],WITHHOLD,,,B,False,False,,True
3dd937bfee757a30989010ea,190,missing_delivery,NO_RECEIVED_PAYLOAD,sender -> receiver (no payload at receiving capture),[],WITHHOLD,,,B,False,False,,True
427de2098598b0c8ec7d2dbe,191,missing_delivery,NO_RECEIVED_PAYLOAD,sender -> receiver (no payload at receiving capture),[],WITHHOLD,,,E,False,False,,True
4e1bd0ace5f36de2f6c153e0,192,missing_delivery,NO_RECEIVED_PAYLOAD,sender -> receiver (no payload at receiving capture),[],WITHHOLD,,,E,False,False,,True
db7a026ba173cb4dd3741e1c,193,missing_delivery,NO_RECEIVED_PAYLOAD,sender -> receiver (no payload at receiving capture),[],WITHHOLD,,,C,False,False,,True
439db75743208019c377fef2,194,missing_delivery,NO_RECEIVED_PAYLOAD,sender -> receiver (no payload at receiving capture),[],WITHHOLD,,,G,False,False,,True
9d94941fa68005f2251cdb9d,195,missing_delivery,NO_RECEIVED_PAYLOAD,sender -> receiver (no payload at receiving capture),[],WITHHOLD,,,C,False,False,,True
7a64a093550e1a22e0cb6b03,196,missing_delivery,NO_RECEIVED_PAYLOAD,sender -> receiver (no payload at receiving capture),[],WITHHOLD,,,D,False,False,,True
bb763ee2f7f5cfd2618b7a7f,197,missing_delivery,NO_RECEIVED_PAYLOAD,sender -> receiver (no payload at receiving capture),[],WITHHOLD,,,E,False,False,,True
0507d5d4371a98c369f58246,198,missing_delivery,NO_RECEIVED_PAYLOAD,sender -> receiver (no payload at receiving capture),[],WITHHOLD,,,B,False,False,,True
643369333038d203271f4b78,199,missing_delivery,NO_RECEIVED_PAYLOAD,sender -> receiver (no payload at receiving capture),[],WITHHOLD,,,D,False,False,,True
00229a3bb4ac1d3dc5ec7259,200,missing_delivery,NO_RECEIVED_PAYLOAD,sender -> receiver (no payload at receiving capture),[],WITHHOLD,,,E,False,False,,True
67b66efd67f028174c3e6dfa,201,missing_delivery,NO_RECEIVED_PAYLOAD,sender -> receiver (no payload at receiving capture),[],WITHHOLD,,,B,False,False,,True
92962cc2d6eb5502ab9b028b,202,missing_delivery,NO_RECEIVED_PAYLOAD,sender -> receiver (no payload at receiving capture),[],WITHHOLD,,,B,False,False,,True
e4e9be14216e46774c099fc4,203,missing_delivery,NO_RECEIVED_PAYLOAD,sender -> receiver (no payload at receiving capture),[],WITHHOLD,,,G,False,False,,True
2ce133389409ed9da3846e26,204,missing_delivery,NO_RECEIVED_PAYLOAD,sender -> receiver (no payload at receiving capture),[],WITHHOLD,,,A,False,False,,True
251229cb5bdb5ac2ce5e1bdd,205,missing_delivery,NO_RECEIVED_PAYLOAD,sender -> receiver (no payload at receiving capture),[],WITHHOLD,,,D,False,False,,True
0d7c8004760a9d9c3b6063cd,206,missing_delivery,NO_RECEIVED_PAYLOAD,sender -> receiver (no payload at receiving capture),[],WITHHOLD,,,B,False,False,,True
8fd58464d1ba4f34f29ed1e7,207,missing_delivery,NO_RECEIVED_PAYLOAD,sender -> receiver (no payload at receiving capture),[],WITHHOLD,,,A,False,False,,True
06eb4c5b8bb33c1e34bec7c8,208,missing_delivery,NO_RECEIVED_PAYLOAD,sender -> receiver (no payload at receiving capture),[],WITHHOLD,,,E,False,False,,True
9a6d863ce2e50235fad71392,209,missing_delivery,NO_RECEIVED_PAYLOAD,sender -> receiver (no payload at receiving capture),[],WITHHOLD,,,G,False,False,,True
ef68be88fe86a9e491687ac3,210,missing_delivery,NO_RECEIVED_PAYLOAD,sender -> receiver (no payload at receiving capture),[],WITHHOLD,,,C,False,False,,True
1d923de47cee28665fc6a193,211,missing_delivery,NO_RECEIVED_PAYLOAD,sender -> receiver (no payload at receiving capture),[],WITHHOLD,,,C,False,False,,True
d33473b2769c1431341ae323,212,missing_delivery,NO_RECEIVED_PAYLOAD,sender -> receiver (no payload at receiving capture),[],WITHHOLD,,,G,False,False,,True
8965f420443cbb61c68719ad,213,missing_delivery,NO_RECEIVED_PAYLOAD,sender -> receiver (no payload at receiving capture),[],WITHHOLD,,,F,False,False,,True
005980edcaf35cb282cdb79b,214,missing_delivery,NO_RECEIVED_PAYLOAD,sender -> receiver (no payload at receiving capture),[],WITHHOLD,,,C,False,False,,True
0728353654f5c9fe50311113,215,missing_delivery,NO_RECEIVED_PAYLOAD,sender -> receiver (no payload at receiving capture),[],WITHHOLD,,,D,False,False,,True
541dcd2b836be58c0a101757,216,missing_delivery,NO_RECEIVED_PAYLOAD,sender -> receiver (no payload at receiving capture),[],WITHHOLD,,,D,False,False,,True
aba82fd67e0e8a0852145d18,217,missing_delivery,NO_RECEIVED_PAYLOAD,sender -> receiver (no payload at receiving capture),[],WITHHOLD,,,B,False,False,,True
4895906aeda7dd610d3a42c1,218,missing_delivery,NO_RECEIVED_PAYLOAD,sender -> receiver (no payload at receiving capture),[],WITHHOLD,,,D,False,False,,True
0f58c722927965134d78dea9,219,missing_delivery,NO_RECEIVED_PAYLOAD,sender -> receiver (no payload at receiving capture),[],WITHHOLD,,,A,False,False,,True
014511335ea0e9c827ff799e,220,missing_delivery,NO_RECEIVED_PAYLOAD,sender -> receiver (no payload at receiving capture),[],WITHHOLD,,,G,False,False,,True
bf5e42f965d14a21ed934533,221,missing_delivery,NO_RECEIVED_PAYLOAD,sender -> receiver (no payload at receiving capture),[],WITHHOLD,,,B,False,False,,True
055285c551474f34acc57d3a,222,missing_delivery,NO_RECEIVED_PAYLOAD,sender -> receiver (no payload at receiving capture),[],WITHHOLD,,,C,False,False,,True
f368a3b9a01d064bfda77e4c,223,missing_delivery,NO_RECEIVED_PAYLOAD,sender -> receiver (no payload at receiving capture),[],WITHHOLD,,,G,False,False,,True
6645ac2d486cc801890336e6,224,missing_delivery,NO_RECEIVED_PAYLOAD,sender -> receiver (no payload at receiving capture),[],WITHHOLD,,,D,False,False,,True
cb74a728629e45d507345a63,225,missing_delivery,NO_RECEIVED_PAYLOAD,sender -> receiver (no payload at receiving capture),[],WITHHOLD,,,F,False,False,,True
e46f159475ef7686cb37b6c3,226,missing_delivery,NO_RECEIVED_PAYLOAD,sender -> receiver (no payload at receiving capture),[],WITHHOLD,,,B,False,False,,True
267c159743bf692088901083,227,missing_delivery,NO_RECEIVED_PAYLOAD,sender -> receiver (no payload at receiving capture),[],WITHHOLD,,,C,False,False,,True
36cd99f123d86c9219739177,228,missing_delivery,NO_RECEIVED_PAYLOAD,sender -> receiver (no payload at receiving capture),[],WITHHOLD,,,E,False,False,,True
44e10e73b4c86a4987303815,229,missing_delivery,NO_RECEIVED_PAYLOAD,sender -> receiver (no payload at receiving capture),[],WITHHOLD,,,E,False,False,,True
42c19feba8d192e89f63913b,230,missing_delivery,NO_RECEIVED_PAYLOAD,sender -> receiver (no payload at receiving capture),[],WITHHOLD,,,F,False,False,,True
ac893e3322d4dddebb897716,231,missing_delivery,NO_RECEIVED_PAYLOAD,sender -> receiver (no payload at receiving capture),[],WITHHOLD,,,F,False,False,,True
6c27ac59cfb407863c76e441,232,missing_delivery,NO_RECEIVED_PAYLOAD,sender -> receiver (no payload at receiving capture),[],WITHHOLD,,,G,False,False,,True
7dde300b2e1846a16ca36b11,233,missing_delivery,NO_RECEIVED_PAYLOAD,sender -> receiver (no payload at receiving capture),[],WITHHOLD,,,C,False,False,,True
35bd6a389e9b45d854a974f1,234,missing_delivery,NO_RECEIVED_PAYLOAD,sender -> receiver (no payload at receiving capture),[],WITHHOLD,,,B,False,False,,True
fb40caa2a86cb9b202cac32a,235,missing_delivery,NO_RECEIVED_PAYLOAD,sender -> receiver (no payload at receiving capture),[],WITHHOLD,,,A,False,False,,True
b749acb3498148ef8905dba3,236,missing_delivery,NO_RECEIVED_PAYLOAD,sender -> receiver (no payload at receiving capture),[],WITHHOLD,,,F,False,False,,True
1dc7bb7aca827602bac9e493,237,missing_delivery,NO_RECEIVED_PAYLOAD,sender -> receiver (no payload at receiving capture),[],WITHHOLD,,,A,False,False,,True
78ee1ea60894748cb4e418c7,238,missing_delivery,NO_RECEIVED_PAYLOAD,sender -> receiver (no payload at receiving capture),[],WITHHOLD,,,F,False,False,,True
4e606e85ddb83b821aa66169,239,missing_delivery,NO_RECEIVED_PAYLOAD,sender -> receiver (no payload at receiving capture),[],WITHHOLD,,,F,False,False,,True
99ef8fa6dbd18009c2b1af00,240,missing_delivery,NO_RECEIVED_PAYLOAD,sender -> receiver (no payload at receiving capture),[],WITHHOLD,,,E,False,False,,True
a98b62eafd9ccb6384acf231,241,missing_delivery,NO_RECEIVED_PAYLOAD,sender -> receiver (no payload at receiving capture),[],WITHHOLD,,,G,False,False,,True
de6dba2f960227982b097205,242,missing_delivery,NO_RECEIVED_PAYLOAD,sender -> receiver (no payload at receiving capture),[],WITHHOLD,,,F,False,False,,True
ea12da4134c408e9f5b01df2,243,missing_delivery,NO_RECEIVED_PAYLOAD,sender -> receiver (no payload at receiving capture),[],WITHHOLD,,,C,False,False,,True
d8a1f876637ed26edb0925a1,244,missing_delivery,NO_RECEIVED_PAYLOAD,sender -> receiver (no payload at receiving capture),[],WITHHOLD,,,C,False,False,,True
5bfe7594230a4eee7ca8e3b3,245,missing_delivery,NO_RECEIVED_PAYLOAD,sender -> receiver (no payload at receiving capture),[],WITHHOLD,,,A,False,False,,True
7888d0af94ae84a7d37bbe5c,246,missing_delivery,NO_RECEIVED_PAYLOAD,sender -> receiver (no payload at receiving capture),[],WITHHOLD,,,D,False,False,,True
037c4a70073245a0a86fc9dc,247,missing_delivery,NO_RECEIVED_PAYLOAD,sender -> receiver (no payload at receiving capture),[],WITHHOLD,,,A,False,False,,True
b1119252688d53a5a3fef600,248,missing_delivery,NO_RECEIVED_PAYLOAD,sender -> receiver (no payload at receiving capture),[],WITHHOLD,,,F,False,False,,True
61c2afcde3aef45a8672992b,249,missing_delivery,NO_RECEIVED_PAYLOAD,sender -> receiver (no payload at receiving capture),[],WITHHOLD,,,D,False,False,,True
44a654e5bd9fbfdc362d8572,0,missing_sender_capture_with_flip,CHECKED_TO_RECEIVER_GAP,checked -> receiver (sender capture absent),"[""answer""]",WITHHOLD,E,,D,True,False,False,True
9521fa2b50eee4e23a8c1bbd,1,missing_sender_capture_with_flip,CHECKED_TO_RECEIVER_GAP,checked -> receiver (sender capture absent),"[""answer""]",WITHHOLD,C,,B,True,False,False,True
bdfed24228b36d080692cb8c,2,missing_sender_capture_with_flip,CHECKED_TO_RECEIVER_GAP,checked -> receiver (sender capture absent),"[""answer""]",WITHHOLD,B,,A,True,False,False,True
5addf320c975ed2b94d29f0e,3,missing_sender_capture_with_flip,CHECKED_TO_RECEIVER_GAP,checked -> receiver (sender capture absent),"[""answer""]",WITHHOLD,B,,A,True,False,False,True
e815fc7c20237ab1d0926cb1,4,missing_sender_capture_with_flip,CHECKED_TO_RECEIVER_GAP,checked -> receiver (sender capture absent),"[""answer""]",WITHHOLD,G,,F,True,False,False,True
091424b1c1571a5c41125c29,5,missing_sender_capture_with_flip,CHECKED_TO_RECEIVER_GAP,checked -> receiver (sender capture absent),"[""answer""]",WITHHOLD,C,,B,True,False,False,True
256636e80848159d72b2dc77,6,missing_sender_capture_with_flip,CHECKED_TO_RECEIVER_GAP,checked -> receiver (sender capture absent),"[""answer""]",WITHHOLD,F,,E,True,False,False,True
46c83910c0bb706d623ecf4b,7,missing_sender_capture_with_flip,CHECKED_TO_RECEIVER_GAP,checked -> receiver (sender capture absent),"[""answer""]",WITHHOLD,C,,B,True,False,False,True
69b6140dcdb3734c6c2ef981,8,missing_sender_capture_with_flip,CHECKED_TO_RECEIVER_GAP,checked -> receiver (sender capture absent),"[""answer""]",WITHHOLD,D,,C,True,False,False,True
c452a5a1486cdddbcbac9a0e,9,missing_sender_capture_with_flip,CHECKED_TO_RECEIVER_GAP,checked -> receiver (sender capture absent),"[""answer""]",WITHHOLD,C,,B,True,False,False,True
e516b8c58218371c4a4bfb41,10,missing_sender_capture_with_flip,CHECKED_TO_RECEIVER_GAP,checked -> receiver (sender capture absent),"[""answer""]",WITHHOLD,A,,G,True,False,False,True
21f03b44f0eeb325993fbe67,11,missing_sender_capture_with_flip,CHECKED_TO_RECEIVER_GAP,checked -> receiver (sender capture absent),"[""answer""]",WITHHOLD,D,,C,True,False,False,True
a49f81faf0a5ec91e04698c4,12,missing_sender_capture_with_flip,CHECKED_TO_RECEIVER_GAP,checked -> receiver (sender capture absent),"[""answer""]",WITHHOLD,E,,D,True,False,False,True
0fd5e0a54e4eade8b70e00ae,13,missing_sender_capture_with_flip,CHECKED_TO_RECEIVER_GAP,checked -> receiver (sender capture absent),"[""answer""]",WITHHOLD,G,,F,True,False,False,True
98c58f997627df697b4710f8,14,missing_sender_capture_with_flip,CHECKED_TO_RECEIVER_GAP,checked -> receiver (sender capture absent),"[""answer""]",WITHHOLD,B,,A,True,False,False,True
7c2b7f0c0eced31c683e661b,15,missing_sender_capture_with_flip,CHECKED_TO_RECEIVER_GAP,checked -> receiver (sender capture absent),"[""answer""]",WITHHOLD,F,,E,True,False,False,True
b46d329a3c2296ca5f8dd5dd,16,missing_sender_capture_with_flip,CHECKED_TO_RECEIVER_GAP,checked -> receiver (sender capture absent),"[""answer""]",WITHHOLD,C,,B,True,False,False,True
d8c254da01341e7b9c8f930c,17,missing_sender_capture_with_flip,CHECKED_TO_RECEIVER_GAP,checked -> receiver (sender capture absent),"[""answer""]",WITHHOLD,F,,E,True,False,False,True
1940e53d75c2b6eda561854f,18,missing_sender_capture_with_flip,CHECKED_TO_RECEIVER_GAP,checked -> receiver (sender capture absent),"[""answer""]",WITHHOLD,A,,G,True,False,False,True
a092a80a4679d6011d7c34d8,19,missing_sender_capture_with_flip,CHECKED_TO_RECEIVER_GAP,checked -> receiver (sender capture absent),"[""answer""]",WITHHOLD,B,,A,True,False,False,True
d946f7a07abf4363e0f55905,20,missing_sender_capture_with_flip,CHECKED_TO_RECEIVER_GAP,checked -> receiver (sender capture absent),"[""answer""]",WITHHOLD,E,,D,True,False,False,True
76f7b6918881a6e5e27e5af9,21,missing_sender_capture_with_flip,CHECKED_TO_RECEIVER_GAP,checked -> receiver (sender capture absent),"[""answer""]",WITHHOLD,D,,C,True,False,False,True
7c118ee3af0c004110e26d30,22,missing_sender_capture_with_flip,CHECKED_TO_RECEIVER_GAP,checked -> receiver (sender capture absent),"[""answer""]",WITHHOLD,B,,A,True,False,False,True
58d4a9bfebbcf2b4f1e1ce98,23,missing_sender_capture_with_flip,CHECKED_TO_RECEIVER_GAP,checked -> receiver (sender capture absent),"[""answer""]",WITHHOLD,F,,E,True,False,False,True
051c2e2a0e437650cf31581d,24,missing_sender_capture_with_flip,CHECKED_TO_RECEIVER_GAP,checked -> receiver (sender capture absent),"[""answer""]",WITHHOLD,E,,D,True,False,False,True
5c9b4af0fbbd79263ba14ac0,25,missing_sender_capture_with_flip,CHECKED_TO_RECEIVER_GAP,checked -> receiver (sender capture absent),"[""answer""]",WITHHOLD,B,,A,True,False,False,True
594ada9d63338b15619032f1,26,missing_sender_capture_with_flip,CHECKED_TO_RECEIVER_GAP,checked -> receiver (sender capture absent),"[""answer""]",WITHHOLD,G,,F,True,False,False,True
afffcbbc4c3cba5dfe610ff2,27,missing_sender_capture_with_flip,CHECKED_TO_RECEIVER_GAP,checked -> receiver (sender capture absent),"[""answer""]",WITHHOLD,D,,C,True,False,False,True
fbc9ed43d18300f13564d76f,28,missing_sender_capture_with_flip,CHECKED_TO_RECEIVER_GAP,checked -> receiver (sender capture absent),"[""answer""]",WITHHOLD,C,,B,True,False,False,True
ba12c306cd0d91c06f77c773,29,missing_sender_capture_with_flip,CHECKED_TO_RECEIVER_GAP,checked -> receiver (sender capture absent),"[""answer""]",WITHHOLD,F,,E,True,False,False,True
f3c43249081dc27d4b116736,30,missing_sender_capture_with_flip,CHECKED_TO_RECEIVER_GAP,checked -> receiver (sender capture absent),"[""answer""]",WITHHOLD,D,,C,True,False,False,True
14235de851809b8ae79c9c7c,31,missing_sender_capture_with_flip,CHECKED_TO_RECEIVER_GAP,checked -> receiver (sender capture absent),"[""answer""]",WITHHOLD,E,,D,True,False,False,True
8f553a22a91b51cb068dfeff,32,missing_sender_capture_with_flip,CHECKED_TO_RECEIVER_GAP,checked -> receiver (sender capture absent),"[""answer""]",WITHHOLD,D,,C,True,False,False,True
6837328d8df66d61b180f4fd,33,missing_sender_capture_with_flip,CHECKED_TO_RECEIVER_GAP,checked -> receiver (sender capture absent),"[""answer""]",WITHHOLD,B,,A,True,False,False,True
45c52d2e6a8899b6b8581a48,34,missing_sender_capture_with_flip,CHECKED_TO_RECEIVER_GAP,checked -> receiver (sender capture absent),"[""answer""]",WITHHOLD,A,,G,True,False,False,True
a11a0222261322c70782ff46,35,missing_sender_capture_with_flip,CHECKED_TO_RECEIVER_GAP,checked -> receiver (sender capture absent),"[""answer""]",WITHHOLD,B,,A,True,False,False,True
c2df767b9fb7da6d9399d20b,36,missing_sender_capture_with_flip,CHECKED_TO_RECEIVER_GAP,checked -> receiver (sender capture absent),"[""answer""]",WITHHOLD,G,,F,True,False,False,True
c08a20d77d74c728ffd708a9,37,missing_sender_capture_with_flip,CHECKED_TO_RECEIVER_GAP,checked -> receiver (sender capture absent),"[""answer""]",WITHHOLD,D,,C,True,False,False,True
2a0628944abe681db3c16ea4,38,missing_sender_capture_with_flip,CHECKED_TO_RECEIVER_GAP,checked -> receiver (sender capture absent),"[""answer""]",WITHHOLD,B,,A,True,False,False,True
82d3d10a79a033cfad248ff2,39,missing_sender_capture_with_flip,CHECKED_TO_RECEIVER_GAP,checked -> receiver (sender capture absent),"[""answer""]",WITHHOLD,A,,G,True,False,False,True
bddc9eeac02b2b454277f877,40,missing_sender_capture_with_flip,CHECKED_TO_RECEIVER_GAP,checked -> receiver (sender capture absent),"[""answer""]",WITHHOLD,D,,C,True,False,False,True
04cde52562cd1bb5b75ff660,41,missing_sender_capture_with_flip,CHECKED_TO_RECEIVER_GAP,checked -> receiver (sender capture absent),"[""answer""]",WITHHOLD,E,,D,True,False,False,True
e1a99656b1ff23bc4dd05160,42,missing_sender_capture_with_flip,CHECKED_TO_RECEIVER_GAP,checked -> receiver (sender capture absent),"[""answer""]",WITHHOLD,F,,E,True,False,False,True
2e603e85b92d9344bac6f8f6,43,missing_sender_capture_with_flip,CHECKED_TO_RECEIVER_GAP,checked -> receiver (sender capture absent),"[""answer""]",WITHHOLD,E,,D,True,False,False,True
f774b57af87388d8e9ebc5b9,44,missing_sender_capture_with_flip,CHECKED_TO_RECEIVER_GAP,checked -> receiver (sender capture absent),"[""answer""]",WITHHOLD,B,,A,True,False,False,True
eba45a9003d19887941cb2ac,45,missing_sender_capture_with_flip,CHECKED_TO_RECEIVER_GAP,checked -> receiver (sender capture absent),"[""answer""]",WITHHOLD,C,,B,True,False,False,True
b33cb2cd4548967a4bccf045,46,missing_sender_capture_with_flip,CHECKED_TO_RECEIVER_GAP,checked -> receiver (sender capture absent),"[""answer""]",WITHHOLD,E,,D,True,False,False,True
e6610da4cdf6688830089ce5,47,missing_sender_capture_with_flip,CHECKED_TO_RECEIVER_GAP,checked -> receiver (sender capture absent),"[""answer""]",WITHHOLD,C,,B,True,False,False,True
3ecc18d55daa929be17fff23,48,missing_sender_capture_with_flip,CHECKED_TO_RECEIVER_GAP,checked -> receiver (sender capture absent),"[""answer""]",WITHHOLD,G,,F,True,False,False,True
68a16ea026ba950e0a45a9d5,49,missing_sender_capture_with_flip,CHECKED_TO_RECEIVER_GAP,checked -> receiver (sender capture absent),"[""answer""]",WITHHOLD,G,,F,True,False,False,True
9219c5e55b04f137afd2fd6e,50,missing_sender_capture_with_flip,CHECKED_TO_RECEIVER_GAP,checked -> receiver (sender capture absent),"[""answer""]",WITHHOLD,G,,F,True,False,False,True
7e3a3389ce6434a815a4cf23,51,missing_sender_capture_with_flip,CHECKED_TO_RECEIVER_GAP,checked -> receiver (sender capture absent),"[""answer""]",WITHHOLD,B,,A,True,False,False,True
7d5ec595b7f40b960cc04c72,52,missing_sender_capture_with_flip,CHECKED_TO_RECEIVER_GAP,checked -> receiver (sender capture absent),"[""answer""]",WITHHOLD,D,,C,True,False,False,True
f265ba96a98817d12bafe259,53,missing_sender_capture_with_flip,CHECKED_TO_RECEIVER_GAP,checked -> receiver (sender capture absent),"[""answer""]",WITHHOLD,E,,D,True,False,False,True
e86bfaec90a2ed465601f251,54,missing_sender_capture_with_flip,CHECKED_TO_RECEIVER_GAP,checked -> receiver (sender capture absent),"[""answer""]",WITHHOLD,C,,B,True,False,False,True
14c690b4834a852b963c84ac,55,missing_sender_capture_with_flip,CHECKED_TO_RECEIVER_GAP,checked -> receiver (sender capture absent),"[""answer""]",WITHHOLD,F,,E,True,False,False,True
935bab0e20b3746d60f9f154,56,missing_sender_capture_with_flip,CHECKED_TO_RECEIVER_GAP,checked -> receiver (sender capture absent),"[""answer""]",WITHHOLD,A,,G,True,False,False,True
57ff57714ad8bcaaf0c6efbf,57,missing_sender_capture_with_flip,CHECKED_TO_RECEIVER_GAP,checked -> receiver (sender capture absent),"[""answer""]",WITHHOLD,G,,F,True,False,False,True
8257dce482d5f31ea600ee14,58,missing_sender_capture_with_flip,CHECKED_TO_RECEIVER_GAP,checked -> receiver (sender capture absent),"[""answer""]",WITHHOLD,E,,D,True,False,False,True
0100b02135b0fdc0aad30bce,59,missing_sender_capture_with_flip,CHECKED_TO_RECEIVER_GAP,checked -> receiver (sender capture absent),"[""answer""]",WITHHOLD,E,,D,True,False,False,True
0439573707705aea0c408bba,60,missing_sender_capture_with_flip,CHECKED_TO_RECEIVER_GAP,checked -> receiver (sender capture absent),"[""answer""]",WITHHOLD,A,,G,True,False,False,True
fc62a8197640a2f0198bc6a3,61,missing_sender_capture_with_flip,CHECKED_TO_RECEIVER_GAP,checked -> receiver (sender capture absent),"[""answer""]",WITHHOLD,G,,F,True,False,False,True
40cc80c86c18fc0078943298,62,missing_sender_capture_with_flip,CHECKED_TO_RECEIVER_GAP,checked -> receiver (sender capture absent),"[""answer""]",WITHHOLD,C,,B,True,False,False,True
ccb56fd0a50661fd96de95b9,63,missing_sender_capture_with_flip,CHECKED_TO_RECEIVER_GAP,checked -> receiver (sender capture absent),"[""answer""]",WITHHOLD,A,,G,True,False,False,True
4f1f995bcfc82785ab7da1b4,64,missing_sender_capture_with_flip,CHECKED_TO_RECEIVER_GAP,checked -> receiver (sender capture absent),"[""answer""]",WITHHOLD,B,,A,True,False,False,True
402b114bfbf1371e436d2c58,65,missing_sender_capture_with_flip,CHECKED_TO_RECEIVER_GAP,checked -> receiver (sender capture absent),"[""answer""]",WITHHOLD,A,,G,True,False,False,True
e910cbd0e5562fe8521d0ad8,66,missing_sender_capture_with_flip,CHECKED_TO_RECEIVER_GAP,checked -> receiver (sender capture absent),"[""answer""]",WITHHOLD,F,,E,True,False,False,True
942812c5d0278837942a075c,67,missing_sender_capture_with_flip,CHECKED_TO_RECEIVER_GAP,checked -> receiver (sender capture absent),"[""answer""]",WITHHOLD,D,,C,True,False,False,True
35cc12f487359a3194a8c598,68,missing_sender_capture_with_flip,CHECKED_TO_RECEIVER_GAP,checked -> receiver (sender capture absent),"[""answer""]",WITHHOLD,G,,F,True,False,False,True
14ccb8838edb3323bf8aeba7,69,missing_sender_capture_with_flip,CHECKED_TO_RECEIVER_GAP,checked -> receiver (sender capture absent),"[""answer""]",WITHHOLD,A,,G,True,False,False,True
c37e5fa4a9f58bed122c4083,70,missing_sender_capture_with_flip,CHECKED_TO_RECEIVER_GAP,checked -> receiver (sender capture absent),"[""answer""]",WITHHOLD,C,,B,True,False,False,True
aa2603aece24077c2f829063,71,missing_sender_capture_with_flip,CHECKED_TO_RECEIVER_GAP,checked -> receiver (sender capture absent),"[""answer""]",WITHHOLD,D,,C,True,False,False,True
d4a0ef4429b61b2663764d82,72,missing_sender_capture_with_flip,CHECKED_TO_RECEIVER_GAP,checked -> receiver (sender capture absent),"[""answer""]",WITHHOLD,G,,F,True,False,False,True
fcf4f249c2a7a7ec650104d8,73,missing_sender_capture_with_flip,CHECKED_TO_RECEIVER_GAP,checked -> receiver (sender capture absent),"[""answer""]",WITHHOLD,F,,E,True,False,False,True
fe99ee800ff36e62560de603,74,missing_sender_capture_with_flip,CHECKED_TO_RECEIVER_GAP,checked -> receiver (sender capture absent),"[""answer""]",WITHHOLD,B,,A,True,False,False,True
71986e060de07122ea9053f1,75,missing_sender_capture_with_flip,CHECKED_TO_RECEIVER_GAP,checked -> receiver (sender capture absent),"[""answer""]",WITHHOLD,D,,C,True,False,False,True
13028dfdcbc5162bfcf411b1,76,missing_sender_capture_with_flip,CHECKED_TO_RECEIVER_GAP,checked -> receiver (sender capture absent),"[""answer""]",WITHHOLD,B,,A,True,False,False,True
c6ee5152aaf67d38f36a9057,77,missing_sender_capture_with_flip,CHECKED_TO_RECEIVER_GAP,checked -> receiver (sender capture absent),"[""answer""]",WITHHOLD,A,,G,True,False,False,True
ec662f8622421629b22f2bce,78,missing_sender_capture_with_flip,CHECKED_TO_RECEIVER_GAP,checked -> receiver (sender capture absent),"[""answer""]",WITHHOLD,B,,A,True,False,False,True
032d79c6ec9370151d517162,79,missing_sender_capture_with_flip,CHECKED_TO_RECEIVER_GAP,checked -> receiver (sender capture absent),"[""answer""]",WITHHOLD,C,,B,True,False,False,True
7064f77f5e0c72f5a7cc6d35,80,missing_sender_capture_with_flip,CHECKED_TO_RECEIVER_GAP,checked -> receiver (sender capture absent),"[""answer""]",WITHHOLD,B,,A,True,False,False,True
af2c96dcea8b29745eb892cc,81,missing_sender_capture_with_flip,CHECKED_TO_RECEIVER_GAP,checked -> receiver (sender capture absent),"[""answer""]",WITHHOLD,E,,D,True,False,False,True
b9552339fc6e68e119b0f5ba,82,missing_sender_capture_with_flip,CHECKED_TO_RECEIVER_GAP,checked -> receiver (sender capture absent),"[""answer""]",WITHHOLD,F,,E,True,False,False,True
085aa06d847c3bf3f2e18707,83,missing_sender_capture_with_flip,CHECKED_TO_RECEIVER_GAP,checked -> receiver (sender capture absent),"[""answer""]",WITHHOLD,B,,A,True,False,False,True
addf334695f9bf0d0acca02a,84,missing_sender_capture_with_flip,CHECKED_TO_RECEIVER_GAP,checked -> receiver (sender capture absent),"[""answer""]",WITHHOLD,C,,B,True,False,False,True
23b232ac9bc309800dc9ce3b,85,missing_sender_capture_with_flip,CHECKED_TO_RECEIVER_GAP,checked -> receiver (sender capture absent),"[""answer""]",WITHHOLD,A,,G,True,False,False,True
61178496d79179e8a1f337c2,86,missing_sender_capture_with_flip,CHECKED_TO_RECEIVER_GAP,checked -> receiver (sender capture absent),"[""answer""]",WITHHOLD,E,,D,True,False,False,True
3d2f2401ffa06b4e67fe14dc,87,missing_sender_capture_with_flip,CHECKED_TO_RECEIVER_GAP,checked -> receiver (sender capture absent),"[""answer""]",WITHHOLD,E,,D,True,False,False,True
55b37aa7f2cc0ae1ec3dd849,88,missing_sender_capture_with_flip,CHECKED_TO_RECEIVER_GAP,checked -> receiver (sender capture absent),"[""answer""]",WITHHOLD,F,,E,True,False,False,True
27988986d61d31ec06719149,89,missing_sender_capture_with_flip,CHECKED_TO_RECEIVER_GAP,checked -> receiver (sender capture absent),"[""answer""]",WITHHOLD,E,,D,True,False,False,True
fe34d0aaee39655a0ce2e51c,90,missing_sender_capture_with_flip,CHECKED_TO_RECEIVER_GAP,checked -> receiver (sender capture absent),"[""answer""]",WITHHOLD,G,,F,True,False,False,True
a5a815f41002e5766df49e15,91,missing_sender_capture_with_flip,CHECKED_TO_RECEIVER_GAP,checked -> receiver (sender capture absent),"[""answer""]",WITHHOLD,G,,F,True,False,False,True
c680e2dd02f514e69557c79d,92,missing_sender_capture_with_flip,CHECKED_TO_RECEIVER_GAP,checked -> receiver (sender capture absent),"[""answer""]",WITHHOLD,E,,D,True,False,False,True
2f2a2274d0e9af30ecb0f460,93,missing_sender_capture_with_flip,CHECKED_TO_RECEIVER_GAP,checked -> receiver (sender capture absent),"[""answer""]",WITHHOLD,A,,G,True,False,False,True
53c7a645e4a464dbfaaea534,94,missing_sender_capture_with_flip,CHECKED_TO_RECEIVER_GAP,checked -> receiver (sender capture absent),"[""answer""]",WITHHOLD,E,,D,True,False,False,True
bd9066611956efbb74660e19,95,missing_sender_capture_with_flip,CHECKED_TO_RECEIVER_GAP,checked -> receiver (sender capture absent),"[""answer""]",WITHHOLD,B,,A,True,False,False,True
53207e480e8b872766551bc0,96,missing_sender_capture_with_flip,CHECKED_TO_RECEIVER_GAP,checked -> receiver (sender capture absent),"[""answer""]",WITHHOLD,A,,G,True,False,False,True
e01f2a792606d5e96420b807,97,missing_sender_capture_with_flip,CHECKED_TO_RECEIVER_GAP,checked -> receiver (sender capture absent),"[""answer""]",WITHHOLD,F,,E,True,False,False,True
924f630d946af028dc1c4af7,98,missing_sender_capture_with_flip,CHECKED_TO_RECEIVER_GAP,checked -> receiver (sender capture absent),"[""answer""]",WITHHOLD,G,,F,True,False,False,True
4d94df06748bdcad753d6d13,99,missing_sender_capture_with_flip,CHECKED_TO_RECEIVER_GAP,checked -> receiver (sender capture absent),"[""answer""]",WITHHOLD,E,,D,True,False,False,True
f3d9856e38590cdce23749c7,100,missing_sender_capture_with_flip,CHECKED_TO_RECEIVER_GAP,checked -> receiver (sender capture absent),"[""answer""]",WITHHOLD,B,,A,True,False,False,True
cfbd669f5eb8df04b82640b5,101,missing_sender_capture_with_flip,CHECKED_TO_RECEIVER_GAP,checked -> receiver (sender capture absent),"[""answer""]",WITHHOLD,D,,C,True,False,False,True
2ab98a8d2f8644fea7848a23,102,missing_sender_capture_with_flip,CHECKED_TO_RECEIVER_GAP,checked -> receiver (sender capture absent),"[""answer""]",WITHHOLD,F,,E,True,False,False,True
f7475d697fb96146eeba542e,103,missing_sender_capture_with_flip,CHECKED_TO_RECEIVER_GAP,checked -> receiver (sender capture absent),"[""answer""]",WITHHOLD,C,,B,True,False,False,True
480ac7f43fdeac51bd713ce6,104,missing_sender_capture_with_flip,CHECKED_TO_RECEIVER_GAP,checked -> receiver (sender capture absent),"[""answer""]",WITHHOLD,D,,C,True,False,False,True
2ee246bb1325fec21b25896a,105,missing_sender_capture_with_flip,CHECKED_TO_RECEIVER_GAP,checked -> receiver (sender capture absent),"[""answer""]",WITHHOLD,E,,D,True,False,False,True
c81dd4c913c5a0cb6307ef98,106,missing_sender_capture_with_flip,CHECKED_TO_RECEIVER_GAP,checked -> receiver (sender capture absent),"[""answer""]",WITHHOLD,C,,B,True,False,False,True
c5148d5568e6bd5ffafcc4f6,107,missing_sender_capture_with_flip,CHECKED_TO_RECEIVER_GAP,checked -> receiver (sender capture absent),"[""answer""]",WITHHOLD,D,,C,True,False,False,True
4f3fd7fe69921eb6297f8d12,108,missing_sender_capture_with_flip,CHECKED_TO_RECEIVER_GAP,checked -> receiver (sender capture absent),"[""answer""]",WITHHOLD,D,,C,True,False,False,True
df25d1e33e587c9cbd857993,109,missing_sender_capture_with_flip,CHECKED_TO_RECEIVER_GAP,checked -> receiver (sender capture absent),"[""answer""]",WITHHOLD,B,,A,True,False,False,True
58d600212c843a1f8cef86ae,110,missing_sender_capture_with_flip,CHECKED_TO_RECEIVER_GAP,checked -> receiver (sender capture absent),"[""answer""]",WITHHOLD,F,,E,True,False,False,True
b19feb4964a784d429216d4e,111,missing_sender_capture_with_flip,CHECKED_TO_RECEIVER_GAP,checked -> receiver (sender capture absent),"[""answer""]",WITHHOLD,C,,B,True,False,False,True
b2fac81683b9fd99130660ac,112,missing_sender_capture_with_flip,CHECKED_TO_RECEIVER_GAP,checked -> receiver (sender capture absent),"[""answer""]",WITHHOLD,G,,F,True,False,False,True
06b23e617ef94a1dd5c7514e,113,missing_sender_capture_with_flip,CHECKED_TO_RECEIVER_GAP,checked -> receiver (sender capture absent),"[""answer""]",WITHHOLD,C,,B,True,False,False,True
68489de98cdf525a29485877,114,missing_sender_capture_with_flip,CHECKED_TO_RECEIVER_GAP,checked -> receiver (sender capture absent),"[""answer""]",WITHHOLD,A,,G,True,False,False,True
f91e1e29507602433131f0a3,115,missing_sender_capture_with_flip,CHECKED_TO_RECEIVER_GAP,checked -> receiver (sender capture absent),"[""answer""]",WITHHOLD,F,,E,True,False,False,True
b952ff4c727151c699d7aa0f,116,missing_sender_capture_with_flip,CHECKED_TO_RECEIVER_GAP,checked -> receiver (sender capture absent),"[""answer""]",WITHHOLD,E,,D,True,False,False,True
e030eb185806b36041e17f7e,117,missing_sender_capture_with_flip,CHECKED_TO_RECEIVER_GAP,checked -> receiver (sender capture absent),"[""answer""]",WITHHOLD,E,,D,True,False,False,True
a95ace3422f9d040f571d895,118,missing_sender_capture_with_flip,CHECKED_TO_RECEIVER_GAP,checked -> receiver (sender capture absent),"[""answer""]",WITHHOLD,A,,G,True,False,False,True
08c09b306f3420adad7c1428,119,missing_sender_capture_with_flip,CHECKED_TO_RECEIVER_GAP,checked -> receiver (sender capture absent),"[""answer""]",WITHHOLD,F,,E,True,False,False,True
ad84e02debbab94bcd15d60f,120,missing_sender_capture_with_flip,CHECKED_TO_RECEIVER_GAP,checked -> receiver (sender capture absent),"[""answer""]",WITHHOLD,E,,D,True,False,False,True
9a0a65b474d08b67f003a8f4,121,missing_sender_capture_with_flip,CHECKED_TO_RECEIVER_GAP,checked -> receiver (sender capture absent),"[""answer""]",WITHHOLD,A,,G,True,False,False,True
e88ac4c251714c46029f0f3a,122,missing_sender_capture_with_flip,CHECKED_TO_RECEIVER_GAP,checked -> receiver (sender capture absent),"[""answer""]",WITHHOLD,D,,C,True,False,False,True
3eb0fab6f2d74e27d8166a15,123,missing_sender_capture_with_flip,CHECKED_TO_RECEIVER_GAP,checked -> receiver (sender capture absent),"[""answer""]",WITHHOLD,E,,D,True,False,False,True
7b48ff5dde222a3c9c0d39f0,124,missing_sender_capture_with_flip,CHECKED_TO_RECEIVER_GAP,checked -> receiver (sender capture absent),"[""answer""]",WITHHOLD,B,,A,True,False,False,True
f6bfcb2db556f735a8fcb273,125,missing_sender_capture_with_flip,CHECKED_TO_RECEIVER_GAP,checked -> receiver (sender capture absent),"[""answer""]",WITHHOLD,A,,G,True,False,False,True
d7bbeea0ddfe3ab495180325,126,missing_sender_capture_with_flip,CHECKED_TO_RECEIVER_GAP,checked -> receiver (sender capture absent),"[""answer""]",WITHHOLD,E,,D,True,False,False,True
2b225c6c183af3d9964998a5,127,missing_sender_capture_with_flip,CHECKED_TO_RECEIVER_GAP,checked -> receiver (sender capture absent),"[""answer""]",WITHHOLD,G,,F,True,False,False,True
a6bd34e19039e0d0bce8b56c,128,missing_sender_capture_with_flip,CHECKED_TO_RECEIVER_GAP,checked -> receiver (sender capture absent),"[""answer""]",WITHHOLD,C,,B,True,False,False,True
9bd10948b06059dd7b072360,129,missing_sender_capture_with_flip,CHECKED_TO_RECEIVER_GAP,checked -> receiver (sender capture absent),"[""answer""]",WITHHOLD,B,,A,True,False,False,True
4f1c935168548290fafad0fe,130,missing_sender_capture_with_flip,CHECKED_TO_RECEIVER_GAP,checked -> receiver (sender capture absent),"[""answer""]",WITHHOLD,D,,C,True,False,False,True
cb9353bf46226cae657a85ef,131,missing_sender_capture_with_flip,CHECKED_TO_RECEIVER_GAP,checked -> receiver (sender capture absent),"[""answer""]",WITHHOLD,A,,G,True,False,False,True
d799f2b979720be50b38465d,132,missing_sender_capture_with_flip,CHECKED_TO_RECEIVER_GAP,checked -> receiver (sender capture absent),"[""answer""]",WITHHOLD,B,,A,True,False,False,True
81cdaf56a95b25c1d7117fd4,133,missing_sender_capture_with_flip,CHECKED_TO_RECEIVER_GAP,checked -> receiver (sender capture absent),"[""answer""]",WITHHOLD,C,,B,True,False,False,True
76594dc680850c832cd00d3e,134,missing_sender_capture_with_flip,CHECKED_TO_RECEIVER_GAP,checked -> receiver (sender capture absent),"[""answer""]",WITHHOLD,A,,G,True,False,False,True
73b83e95dd7213ebc8f78a77,135,missing_sender_capture_with_flip,CHECKED_TO_RECEIVER_GAP,checked -> receiver (sender capture absent),"[""answer""]",WITHHOLD,E,,D,True,False,False,True
233f99073c7573a2f733cfb4,136,missing_sender_capture_with_flip,CHECKED_TO_RECEIVER_GAP,checked -> receiver (sender capture absent),"[""answer""]",WITHHOLD,C,,B,True,False,False,True
32cb2ebc4db11c511cedd345,137,missing_sender_capture_with_flip,CHECKED_TO_RECEIVER_GAP,checked -> receiver (sender capture absent),"[""answer""]",WITHHOLD,F,,E,True,False,False,True
c5bbd4494d275e673b82cdb5,138,missing_sender_capture_with_flip,CHECKED_TO_RECEIVER_GAP,checked -> receiver (sender capture absent),"[""answer""]",WITHHOLD,A,,G,True,False,False,True
408e51eb8a1e5f2b83a2277b,139,missing_sender_capture_with_flip,CHECKED_TO_RECEIVER_GAP,checked -> receiver (sender capture absent),"[""answer""]",WITHHOLD,F,,E,True,False,False,True
9180639ceebe2502d963b963,140,missing_sender_capture_with_flip,CHECKED_TO_RECEIVER_GAP,checked -> receiver (sender capture absent),"[""answer""]",WITHHOLD,F,,E,True,False,False,True
069540d8e1a9b74d8d153266,141,missing_sender_capture_with_flip,CHECKED_TO_RECEIVER_GAP,checked -> receiver (sender capture absent),"[""answer""]",WITHHOLD,D,,C,True,False,False,True
fd6ac15b257b069d2cc663b6,142,missing_sender_capture_with_flip,CHECKED_TO_RECEIVER_GAP,checked -> receiver (sender capture absent),"[""answer""]",WITHHOLD,E,,D,True,False,False,True
f5fe3fcf483282a75eeae97f,143,missing_sender_capture_with_flip,CHECKED_TO_RECEIVER_GAP,checked -> receiver (sender capture absent),"[""answer""]",WITHHOLD,C,,B,True,False,False,True
f0f8835ad23320ee989bf65c,144,missing_sender_capture_with_flip,CHECKED_TO_RECEIVER_GAP,checked -> receiver (sender capture absent),"[""answer""]",WITHHOLD,F,,E,True,False,False,True
3425563f29b647bbda6056ce,145,missing_sender_capture_with_flip,CHECKED_TO_RECEIVER_GAP,checked -> receiver (sender capture absent),"[""answer""]",WITHHOLD,C,,B,True,False,False,True
dc4a771e4952b3ca268b3ea2,146,missing_sender_capture_with_flip,CHECKED_TO_RECEIVER_GAP,checked -> receiver (sender capture absent),"[""answer""]",WITHHOLD,E,,D,True,False,False,True
3cf44712ce92f2b3da9178c4,147,missing_sender_capture_with_flip,CHECKED_TO_RECEIVER_GAP,checked -> receiver (sender capture absent),"[""answer""]",WITHHOLD,G,,F,True,False,False,True
de9529535a15d6f483ab46ec,148,missing_sender_capture_with_flip,CHECKED_TO_RECEIVER_GAP,checked -> receiver (sender capture absent),"[""answer""]",WITHHOLD,F,,E,True,False,False,True
54b8f0b62613b017c0775bf6,149,missing_sender_capture_with_flip,CHECKED_TO_RECEIVER_GAP,checked -> receiver (sender capture absent),"[""answer""]",WITHHOLD,G,,F,True,False,False,True
b96328309bd3334da92db5ac,150,missing_sender_capture_with_flip,CHECKED_TO_RECEIVER_GAP,checked -> receiver (sender capture absent),"[""answer""]",WITHHOLD,E,,D,True,False,False,True
78e49371af7eb3c2b40c5a36,151,missing_sender_capture_with_flip,CHECKED_TO_RECEIVER_GAP,checked -> receiver (sender capture absent),"[""answer""]",WITHHOLD,D,,C,True,False,False,True
885854b68388ed9a344ae684,152,missing_sender_capture_with_flip,CHECKED_TO_RECEIVER_GAP,checked -> receiver (sender capture absent),"[""answer""]",WITHHOLD,D,,C,True,False,False,True
003a10075f89e18159c8ea21,153,missing_sender_capture_with_flip,CHECKED_TO_RECEIVER_GAP,checked -> receiver (sender capture absent),"[""answer""]",WITHHOLD,G,,F,True,False,False,True
a3be0fb519aa6ecf2793f345,154,missing_sender_capture_with_flip,CHECKED_TO_RECEIVER_GAP,checked -> receiver (sender capture absent),"[""answer""]",WITHHOLD,D,,C,True,False,False,True
2a2995b69aef2fe1b168fe86,155,missing_sender_capture_with_flip,CHECKED_TO_RECEIVER_GAP,checked -> receiver (sender capture absent),"[""answer""]",WITHHOLD,F,,E,True,False,False,True
a03b773f151ca03f87465a33,156,missing_sender_capture_with_flip,CHECKED_TO_RECEIVER_GAP,checked -> receiver (sender capture absent),"[""answer""]",WITHHOLD,C,,B,True,False,False,True
23e49d84b629bc0c82efed67,157,missing_sender_capture_with_flip,CHECKED_TO_RECEIVER_GAP,checked -> receiver (sender capture absent),"[""answer""]",WITHHOLD,D,,C,True,False,False,True
3f0030fe0b932a2504c09bcf,158,missing_sender_capture_with_flip,CHECKED_TO_RECEIVER_GAP,checked -> receiver (sender capture absent),"[""answer""]",WITHHOLD,C,,B,True,False,False,True
ca6ceb471734fce031727e4f,159,missing_sender_capture_with_flip,CHECKED_TO_RECEIVER_GAP,checked -> receiver (sender capture absent),"[""answer""]",WITHHOLD,F,,E,True,False,False,True
a52539df6069701589f0db24,160,missing_sender_capture_with_flip,CHECKED_TO_RECEIVER_GAP,checked -> receiver (sender capture absent),"[""answer""]",WITHHOLD,F,,E,True,False,False,True
72c3c45b695fbf17861fc016,161,missing_sender_capture_with_flip,CHECKED_TO_RECEIVER_GAP,checked -> receiver (sender capture absent),"[""answer""]",WITHHOLD,B,,A,True,False,False,True
aba8508b2f7349ef8fe86d7e,162,missing_sender_capture_with_flip,CHECKED_TO_RECEIVER_GAP,checked -> receiver (sender capture absent),"[""answer""]",WITHHOLD,G,,F,True,False,False,True
587b04fa6399da7c5d502a4a,163,missing_sender_capture_with_flip,CHECKED_TO_RECEIVER_GAP,checked -> receiver (sender capture absent),"[""answer""]",WITHHOLD,F,,E,True,False,False,True
059afe66befc6e6979f1a623,164,missing_sender_capture_with_flip,CHECKED_TO_RECEIVER_GAP,checked -> receiver (sender capture absent),"[""answer""]",WITHHOLD,B,,A,True,False,False,True
7020aa1672739517bae8c2af,165,missing_sender_capture_with_flip,CHECKED_TO_RECEIVER_GAP,checked -> receiver (sender capture absent),"[""answer""]",WITHHOLD,C,,B,True,False,False,True
066bc72e912598c5fb26f619,166,missing_sender_capture_with_flip,CHECKED_TO_RECEIVER_GAP,checked -> receiver (sender capture absent),"[""answer""]",WITHHOLD,D,,C,True,False,False,True
6b59843ad4d3dfd83223eecc,167,missing_sender_capture_with_flip,CHECKED_TO_RECEIVER_GAP,checked -> receiver (sender capture absent),"[""answer""]",WITHHOLD,A,,G,True,False,False,True
2571c07fe7e92d6af6738913,168,missing_sender_capture_with_flip,CHECKED_TO_RECEIVER_GAP,checked -> receiver (sender capture absent),"[""answer""]",WITHHOLD,G,,F,True,False,False,True
35dcb043ab6df7565796bda2,169,missing_sender_capture_with_flip,CHECKED_TO_RECEIVER_GAP,checked -> receiver (sender capture absent),"[""answer""]",WITHHOLD,D,,C,True,False,False,True
7476c682322ba7e2613de819,170,missing_sender_capture_with_flip,CHECKED_TO_RECEIVER_GAP,checked -> receiver (sender capture absent),"[""answer""]",WITHHOLD,B,,A,True,False,False,True
6a16e78b375c1f5b818542ae,171,missing_sender_capture_with_flip,CHECKED_TO_RECEIVER_GAP,checked -> receiver (sender capture absent),"[""answer""]",WITHHOLD,D,,C,True,False,False,True
c843030345dbf0cb75e1f54a,172,missing_sender_capture_with_flip,CHECKED_TO_RECEIVER_GAP,checked -> receiver (sender capture absent),"[""answer""]",WITHHOLD,B,,A,True,False,False,True
a4316fa7c9a4411393bf6af1,173,missing_sender_capture_with_flip,CHECKED_TO_RECEIVER_GAP,checked -> receiver (sender capture absent),"[""answer""]",WITHHOLD,F,,E,True,False,False,True
b9a2a163dddbae520f007aa3,174,missing_sender_capture_with_flip,CHECKED_TO_RECEIVER_GAP,checked -> receiver (sender capture absent),"[""answer""]",WITHHOLD,G,,F,True,False,False,True
8b26142a68aa96974aa9ae24,175,missing_sender_capture_with_flip,CHECKED_TO_RECEIVER_GAP,checked -> receiver (sender capture absent),"[""answer""]",WITHHOLD,A,,G,True,False,False,True
18b5a783e944f772524147bd,176,missing_sender_capture_with_flip,CHECKED_TO_RECEIVER_GAP,checked -> receiver (sender capture absent),"[""answer""]",WITHHOLD,G,,F,True,False,False,True
bd048957e4e68deb1566ba84,177,missing_sender_capture_with_flip,CHECKED_TO_RECEIVER_GAP,checked -> receiver (sender capture absent),"[""answer""]",WITHHOLD,G,,F,True,False,False,True
5fd06ad6f0ff10c14c4b8fe1,178,missing_sender_capture_with_flip,CHECKED_TO_RECEIVER_GAP,checked -> receiver (sender capture absent),"[""answer""]",WITHHOLD,B,,A,True,False,False,True
f9a89f8e21b106996505ff43,179,missing_sender_capture_with_flip,CHECKED_TO_RECEIVER_GAP,checked -> receiver (sender capture absent),"[""answer""]",WITHHOLD,C,,B,True,False,False,True
7333bea43d949423ecca689b,180,missing_sender_capture_with_flip,CHECKED_TO_RECEIVER_GAP,checked -> receiver (sender capture absent),"[""answer""]",WITHHOLD,A,,G,True,False,False,True
33b2a121fa760bff687afcdf,181,missing_sender_capture_with_flip,CHECKED_TO_RECEIVER_GAP,checked -> receiver (sender capture absent),"[""answer""]",WITHHOLD,B,,A,True,False,False,True
8263c14c3b45d5b8070d6b12,182,missing_sender_capture_with_flip,CHECKED_TO_RECEIVER_GAP,checked -> receiver (sender capture absent),"[""answer""]",WITHHOLD,D,,C,True,False,False,True
35dd35cf6e055efc9abf1b5f,183,missing_sender_capture_with_flip,CHECKED_TO_RECEIVER_GAP,checked -> receiver (sender capture absent),"[""answer""]",WITHHOLD,C,,B,True,False,False,True
1ec20d00bfc97e3db11a5ab1,184,missing_sender_capture_with_flip,CHECKED_TO_RECEIVER_GAP,checked -> receiver (sender capture absent),"[""answer""]",WITHHOLD,E,,D,True,False,False,True
adeb1b21afa9da29acbe55fa,185,missing_sender_capture_with_flip,CHECKED_TO_RECEIVER_GAP,checked -> receiver (sender capture absent),"[""answer""]",WITHHOLD,B,,A,True,False,False,True
80378dedb5204100152b1720,186,missing_sender_capture_with_flip,CHECKED_TO_RECEIVER_GAP,checked -> receiver (sender capture absent),"[""answer""]",WITHHOLD,A,,G,True,False,False,True
009f696de48f588b8cbbb36d,187,missing_sender_capture_with_flip,CHECKED_TO_RECEIVER_GAP,checked -> receiver (sender capture absent),"[""answer""]",WITHHOLD,C,,B,True,False,False,True
f200dada4c582f6bbfcba4c0,188,missing_sender_capture_with_flip,CHECKED_TO_RECEIVER_GAP,checked -> receiver (sender capture absent),"[""answer""]",WITHHOLD,D,,C,True,False,False,True
c55a949d355e3f081a4b9fe3,189,missing_sender_capture_with_flip,CHECKED_TO_RECEIVER_GAP,checked -> receiver (sender capture absent),"[""answer""]",WITHHOLD,C,,B,True,False,False,True
549f39dc89c439137388aed3,190,missing_sender_capture_with_flip,CHECKED_TO_RECEIVER_GAP,checked -> receiver (sender capture absent),"[""answer""]",WITHHOLD,C,,B,True,False,False,True
cc04f39c1ccdea9f1e160c04,191,missing_sender_capture_with_flip,CHECKED_TO_RECEIVER_GAP,checked -> receiver (sender capture absent),"[""answer""]",WITHHOLD,F,,E,True,False,False,True
d2c09031c894c4376ed05473,192,missing_sender_capture_with_flip,CHECKED_TO_RECEIVER_GAP,checked -> receiver (sender capture absent),"[""answer""]",WITHHOLD,F,,E,True,False,False,True
f1eadf944d5694bd387617ce,193,missing_sender_capture_with_flip,CHECKED_TO_RECEIVER_GAP,checked -> receiver (sender capture absent),"[""answer""]",WITHHOLD,D,,C,True,False,False,True
263fbcecaaebb1c43674e8dd,194,missing_sender_capture_with_flip,CHECKED_TO_RECEIVER_GAP,checked -> receiver (sender capture absent),"[""answer""]",WITHHOLD,A,,G,True,False,False,True
809ce3b476f16826cdf6795c,195,missing_sender_capture_with_flip,CHECKED_TO_RECEIVER_GAP,checked -> receiver (sender capture absent),"[""answer""]",WITHHOLD,D,,C,True,False,False,True
85da1bf455d4980fbf801c0e,196,missing_sender_capture_with_flip,CHECKED_TO_RECEIVER_GAP,checked -> receiver (sender capture absent),"[""answer""]",WITHHOLD,E,,D,True,False,False,True
1fe356be9f7bfd96ec55c49e,197,missing_sender_capture_with_flip,CHECKED_TO_RECEIVER_GAP,checked -> receiver (sender capture absent),"[""answer""]",WITHHOLD,F,,E,True,False,False,True
407526c11c437730f4afdfc8,198,missing_sender_capture_with_flip,CHECKED_TO_RECEIVER_GAP,checked -> receiver (sender capture absent),"[""answer""]",WITHHOLD,C,,B,True,False,False,True
a096e8883d08c4f5bbc34e1d,199,missing_sender_capture_with_flip,CHECKED_TO_RECEIVER_GAP,checked -> receiver (sender capture absent),"[""answer""]",WITHHOLD,E,,D,True,False,False,True
51d210fbf4613fb8cb4dce64,200,missing_sender_capture_with_flip,CHECKED_TO_RECEIVER_GAP,checked -> receiver (sender capture absent),"[""answer""]",WITHHOLD,F,,E,True,False,False,True
d8d2fe9fac70cd881a44176d,201,missing_sender_capture_with_flip,CHECKED_TO_RECEIVER_GAP,checked -> receiver (sender capture absent),"[""answer""]",WITHHOLD,C,,B,True,False,False,True
9f7105a1dffd38c7b938eeb9,202,missing_sender_capture_with_flip,CHECKED_TO_RECEIVER_GAP,checked -> receiver (sender capture absent),"[""answer""]",WITHHOLD,C,,B,True,False,False,True
5e77b177d3d08c707a56938a,203,missing_sender_capture_with_flip,CHECKED_TO_RECEIVER_GAP,checked -> receiver (sender capture absent),"[""answer""]",WITHHOLD,A,,G,True,False,False,True
4d26c397e1513c9f7a8a2ca4,204,missing_sender_capture_with_flip,CHECKED_TO_RECEIVER_GAP,checked -> receiver (sender capture absent),"[""answer""]",WITHHOLD,B,,A,True,False,False,True
46bac6c1a266ee9ac377c4a6,205,missing_sender_capture_with_flip,CHECKED_TO_RECEIVER_GAP,checked -> receiver (sender capture absent),"[""answer""]",WITHHOLD,E,,D,True,False,False,True
80d7ebb3ba0ad635871ea4a7,206,missing_sender_capture_with_flip,CHECKED_TO_RECEIVER_GAP,checked -> receiver (sender capture absent),"[""answer""]",WITHHOLD,C,,B,True,False,False,True
7e0e30fb58e43a72979b1971,207,missing_sender_capture_with_flip,CHECKED_TO_RECEIVER_GAP,checked -> receiver (sender capture absent),"[""answer""]",WITHHOLD,B,,A,True,False,False,True
369b1a5e34a475a039ab60ec,208,missing_sender_capture_with_flip,CHECKED_TO_RECEIVER_GAP,checked -> receiver (sender capture absent),"[""answer""]",WITHHOLD,F,,E,True,False,False,True
2f380bac33f9b00de9757278,209,missing_sender_capture_with_flip,CHECKED_TO_RECEIVER_GAP,checked -> receiver (sender capture absent),"[""answer""]",WITHHOLD,A,,G,True,False,False,True
b0c6a3f10dbef9f099de8f69,210,missing_sender_capture_with_flip,CHECKED_TO_RECEIVER_GAP,checked -> receiver (sender capture absent),"[""answer""]",WITHHOLD,D,,C,True,False,False,True
321737c1055d39c5154f31a8,211,missing_sender_capture_with_flip,CHECKED_TO_RECEIVER_GAP,checked -> receiver (sender capture absent),"[""answer""]",WITHHOLD,D,,C,True,False,False,True
3d3fb9a62e8941498097fe49,212,missing_sender_capture_with_flip,CHECKED_TO_RECEIVER_GAP,checked -> receiver (sender capture absent),"[""answer""]",WITHHOLD,A,,G,True,False,False,True
999b006ff34bf769834b688a,213,missing_sender_capture_with_flip,CHECKED_TO_RECEIVER_GAP,checked -> receiver (sender capture absent),"[""answer""]",WITHHOLD,G,,F,True,False,False,True
7d59854be3157ffa254714f6,214,missing_sender_capture_with_flip,CHECKED_TO_RECEIVER_GAP,checked -> receiver (sender capture absent),"[""answer""]",WITHHOLD,D,,C,True,False,False,True
868ec6ce2174faa08cb9105a,215,missing_sender_capture_with_flip,CHECKED_TO_RECEIVER_GAP,checked -> receiver (sender capture absent),"[""answer""]",WITHHOLD,E,,D,True,False,False,True
f8826fa95010a428a2ee0817,216,missing_sender_capture_with_flip,CHECKED_TO_RECEIVER_GAP,checked -> receiver (sender capture absent),"[""answer""]",WITHHOLD,E,,D,True,False,False,True
4fc9a21266b6d21ffa675e9d,217,missing_sender_capture_with_flip,CHECKED_TO_RECEIVER_GAP,checked -> receiver (sender capture absent),"[""answer""]",WITHHOLD,C,,B,True,False,False,True
01415f7c053d750addd1fa4d,218,missing_sender_capture_with_flip,CHECKED_TO_RECEIVER_GAP,checked -> receiver (sender capture absent),"[""answer""]",WITHHOLD,E,,D,True,False,False,True
f7d1a198d96811d779d3a491,219,missing_sender_capture_with_flip,CHECKED_TO_RECEIVER_GAP,checked -> receiver (sender capture absent),"[""answer""]",WITHHOLD,B,,A,True,False,False,True
f4bf2556af4e3f66f2851649,220,missing_sender_capture_with_flip,CHECKED_TO_RECEIVER_GAP,checked -> receiver (sender capture absent),"[""answer""]",WITHHOLD,A,,G,True,False,False,True
0648c8279f2cba3de49f3584,221,missing_sender_capture_with_flip,CHECKED_TO_RECEIVER_GAP,checked -> receiver (sender capture absent),"[""answer""]",WITHHOLD,C,,B,True,False,False,True
83d2322fe4ec37b402df6fc6,222,missing_sender_capture_with_flip,CHECKED_TO_RECEIVER_GAP,checked -> receiver (sender capture absent),"[""answer""]",WITHHOLD,D,,C,True,False,False,True
c3ad463472cd20c058a6ff86,223,missing_sender_capture_with_flip,CHECKED_TO_RECEIVER_GAP,checked -> receiver (sender capture absent),"[""answer""]",WITHHOLD,A,,G,True,False,False,True
fc304463d45e2a6d9b7318ad,224,missing_sender_capture_with_flip,CHECKED_TO_RECEIVER_GAP,checked -> receiver (sender capture absent),"[""answer""]",WITHHOLD,E,,D,True,False,False,True
6f60a03b5fbfbf61510fe0cd,225,missing_sender_capture_with_flip,CHECKED_TO_RECEIVER_GAP,checked -> receiver (sender capture absent),"[""answer""]",WITHHOLD,G,,F,True,False,False,True
41ffd67859929e5f0a8a1c47,226,missing_sender_capture_with_flip,CHECKED_TO_RECEIVER_GAP,checked -> receiver (sender capture absent),"[""answer""]",WITHHOLD,C,,B,True,False,False,True
919f90d6f341b36b4b82b6be,227,missing_sender_capture_with_flip,CHECKED_TO_RECEIVER_GAP,checked -> receiver (sender capture absent),"[""answer""]",WITHHOLD,D,,C,True,False,False,True
aca62e848d5357c0e61cd075,228,missing_sender_capture_with_flip,CHECKED_TO_RECEIVER_GAP,checked -> receiver (sender capture absent),"[""answer""]",WITHHOLD,F,,E,True,False,False,True
b082a9ac4dffd62fa3c164be,229,missing_sender_capture_with_flip,CHECKED_TO_RECEIVER_GAP,checked -> receiver (sender capture absent),"[""answer""]",WITHHOLD,F,,E,True,False,False,True
5c1564fb1aeaf6386cf50589,230,missing_sender_capture_with_flip,CHECKED_TO_RECEIVER_GAP,checked -> receiver (sender capture absent),"[""answer""]",WITHHOLD,G,,F,True,False,False,True
24bb5c0de006d7d5ad85b0c3,231,missing_sender_capture_with_flip,CHECKED_TO_RECEIVER_GAP,checked -> receiver (sender capture absent),"[""answer""]",WITHHOLD,G,,F,True,False,False,True
ac27f167124dd80c2074a912,232,missing_sender_capture_with_flip,CHECKED_TO_RECEIVER_GAP,checked -> receiver (sender capture absent),"[""answer""]",WITHHOLD,A,,G,True,False,False,True
cc88b2900af7d49b7d533474,233,missing_sender_capture_with_flip,CHECKED_TO_RECEIVER_GAP,checked -> receiver (sender capture absent),"[""answer""]",WITHHOLD,D,,C,True,False,False,True
07e46b5c99578e0b71cacb67,234,missing_sender_capture_with_flip,CHECKED_TO_RECEIVER_GAP,checked -> receiver (sender capture absent),"[""answer""]",WITHHOLD,C,,B,True,False,False,True
35e5921bab3e2afaf0fdee49,235,missing_sender_capture_with_flip,CHECKED_TO_RECEIVER_GAP,checked -> receiver (sender capture absent),"[""answer""]",WITHHOLD,B,,A,True,False,False,True
5fcaf3ef857527ddce0ce6bb,236,missing_sender_capture_with_flip,CHECKED_TO_RECEIVER_GAP,checked -> receiver (sender capture absent),"[""answer""]",WITHHOLD,G,,F,True,False,False,True
4335b3bc429444552ae20098,237,missing_sender_capture_with_flip,CHECKED_TO_RECEIVER_GAP,checked -> receiver (sender capture absent),"[""answer""]",WITHHOLD,B,,A,True,False,False,True
537a7850a0b999e383f41cbe,238,missing_sender_capture_with_flip,CHECKED_TO_RECEIVER_GAP,checked -> receiver (sender capture absent),"[""answer""]",WITHHOLD,G,,F,True,False,False,True
3654795566fdec40fbf1f046,239,missing_sender_capture_with_flip,CHECKED_TO_RECEIVER_GAP,checked -> receiver (sender capture absent),"[""answer""]",WITHHOLD,G,,F,True,False,False,True
ad34b88b9da5419e75831be0,240,missing_sender_capture_with_flip,CHECKED_TO_RECEIVER_GAP,checked -> receiver (sender capture absent),"[""answer""]",WITHHOLD,F,,E,True,False,False,True
f6ea0697137b85a3c1b2123a,241,missing_sender_capture_with_flip,CHECKED_TO_RECEIVER_GAP,checked -> receiver (sender capture absent),"[""answer""]",WITHHOLD,A,,G,True,False,False,True
932d96195b3f7bf35e187fbe,242,missing_sender_capture_with_flip,CHECKED_TO_RECEIVER_GAP,checked -> receiver (sender capture absent),"[""answer""]",WITHHOLD,G,,F,True,False,False,True
8af944181324dbb31992a206,243,missing_sender_capture_with_flip,CHECKED_TO_RECEIVER_GAP,checked -> receiver (sender capture absent),"[""answer""]",WITHHOLD,D,,C,True,False,False,True
f0745606b36fd47d63ce4064,244,missing_sender_capture_with_flip,CHECKED_TO_RECEIVER_GAP,checked -> receiver (sender capture absent),"[""answer""]",WITHHOLD,D,,C,True,False,False,True
4e9f354cc24d4044f7b81053,245,missing_sender_capture_with_flip,CHECKED_TO_RECEIVER_GAP,checked -> receiver (sender capture absent),"[""answer""]",WITHHOLD,B,,A,True,False,False,True
187004773046e97adda0234a,246,missing_sender_capture_with_flip,CHECKED_TO_RECEIVER_GAP,checked -> receiver (sender capture absent),"[""answer""]",WITHHOLD,E,,D,True,False,False,True
d007f321cbd8137c40d6ede5,247,missing_sender_capture_with_flip,CHECKED_TO_RECEIVER_GAP,checked -> receiver (sender capture absent),"[""answer""]",WITHHOLD,B,,A,True,False,False,True
1fc6da27c55b6e7113c18d02,248,missing_sender_capture_with_flip,CHECKED_TO_RECEIVER_GAP,checked -> receiver (sender capture absent),"[""answer""]",WITHHOLD,G,,F,True,False,False,True
b43012879153245fc35fbbac,249,missing_sender_capture_with_flip,CHECKED_TO_RECEIVER_GAP,checked -> receiver (sender capture absent),"[""answer""]",WITHHOLD,E,,D,True,False,False,True
bf89046d8b71f1db35bbdff2,0,transient_flip_restored,NO_OBSERVED_CHANGE,,[],ACCEPT,D,D,D,False,False,True,True
4fd21e2bf63ed4eab5c8328b,1,transient_flip_restored,NO_OBSERVED_CHANGE,,[],ACCEPT,B,B,B,False,False,True,True
3be0a1b3c144bbde844a38e7,2,transient_flip_restored,NO_OBSERVED_CHANGE,,[],ACCEPT,A,A,A,False,False,True,True
75e5c5d2c4e1f973cbd4e875,3,transient_flip_restored,NO_OBSERVED_CHANGE,,[],ACCEPT,A,A,A,False,False,True,True
de99d899d9c7b670b89d22c2,4,transient_flip_restored,NO_OBSERVED_CHANGE,,[],ACCEPT,F,F,F,False,False,True,True
125a994b5f6d67e116c5d9bd,5,transient_flip_restored,NO_OBSERVED_CHANGE,,[],ACCEPT,B,B,B,False,False,True,True
84ab3d36576a265b3683d891,6,transient_flip_restored,NO_OBSERVED_CHANGE,,[],ACCEPT,E,E,E,False,False,True,True
7f12fadd9c1bf9e317d89e5b,7,transient_flip_restored,NO_OBSERVED_CHANGE,,[],ACCEPT,B,B,B,False,False,True,True
4e214d06215483d11d8b0ea2,8,transient_flip_restored,NO_OBSERVED_CHANGE,,[],ACCEPT,C,C,C,False,False,True,True
b7e8a99c7c35d573ea4f2954,9,transient_flip_restored,NO_OBSERVED_CHANGE,,[],ACCEPT,B,B,B,False,False,True,True
c9ab15eb60c21b3ab5567ee4,10,transient_flip_restored,NO_OBSERVED_CHANGE,,[],ACCEPT,G,G,G,False,False,True,True
27d870f1109c64ba716b6865,11,transient_flip_restored,NO_OBSERVED_CHANGE,,[],ACCEPT,C,C,C,False,False,True,True
34e6a95d55620f04feb8dcec,12,transient_flip_restored,NO_OBSERVED_CHANGE,,[],ACCEPT,D,D,D,False,False,True,True
9c3da1e67b8ed0f3a76b83ab,13,transient_flip_restored,NO_OBSERVED_CHANGE,,[],ACCEPT,F,F,F,False,False,True,True
5674a1ea9353c2688ce7930a,14,transient_flip_restored,NO_OBSERVED_CHANGE,,[],ACCEPT,A,A,A,False,False,True,True
494efc2921da676bb7b875c0,15,transient_flip_restored,NO_OBSERVED_CHANGE,,[],ACCEPT,E,E,E,False,False,True,True
5435fadc6270ff86f307a304,16,transient_flip_restored,NO_OBSERVED_CHANGE,,[],ACCEPT,B,B,B,False,False,True,True
1de9dfa312ce09595e6fc4ce,17,transient_flip_restored,NO_OBSERVED_CHANGE,,[],ACCEPT,E,E,E,False,False,True,True
0055daa97210491a24814ea0,18,transient_flip_restored,NO_OBSERVED_CHANGE,,[],ACCEPT,G,G,G,False,False,True,True
9e2d9b31a1e896322e36eadb,19,transient_flip_restored,NO_OBSERVED_CHANGE,,[],ACCEPT,A,A,A,False,False,True,True
57e9dce60af0fa26a3758ef8,20,transient_flip_restored,NO_OBSERVED_CHANGE,,[],ACCEPT,D,D,D,False,False,True,True
2b2aea2dd9c8e088c27cf9dd,21,transient_flip_restored,NO_OBSERVED_CHANGE,,[],ACCEPT,C,C,C,False,False,True,True
e0381cd1356010664228a26e,22,transient_flip_restored,NO_OBSERVED_CHANGE,,[],ACCEPT,A,A,A,False,False,True,True
e12b4993fbdadce77fecb7b5,23,transient_flip_restored,NO_OBSERVED_CHANGE,,[],ACCEPT,E,E,E,False,False,True,True
b7a8fef34f51672caae04cb9,24,transient_flip_restored,NO_OBSERVED_CHANGE,,[],ACCEPT,D,D,D,False,False,True,True
65f791f3e2377837efd1fd52,25,transient_flip_restored,NO_OBSERVED_CHANGE,,[],ACCEPT,A,A,A,False,False,True,True
8acbe2f117cdc944eb46e604,26,transient_flip_restored,NO_OBSERVED_CHANGE,,[],ACCEPT,F,F,F,False,False,True,True
17d2ea9ebd8120fa2a3aec7e,27,transient_flip_restored,NO_OBSERVED_CHANGE,,[],ACCEPT,C,C,C,False,False,True,True
23339784c756f41f00f87894,28,transient_flip_restored,NO_OBSERVED_CHANGE,,[],ACCEPT,B,B,B,False,False,True,True
bc9907eaeee7da7cb5acbcb1,29,transient_flip_restored,NO_OBSERVED_CHANGE,,[],ACCEPT,E,E,E,False,False,True,True
b321531f6178b5781329d7ce,30,transient_flip_restored,NO_OBSERVED_CHANGE,,[],ACCEPT,C,C,C,False,False,True,True
a7340f0bfd00fcced59617db,31,transient_flip_restored,NO_OBSERVED_CHANGE,,[],ACCEPT,D,D,D,False,False,True,True
3622d2cec25dc2766c1cad29,32,transient_flip_restored,NO_OBSERVED_CHANGE,,[],ACCEPT,C,C,C,False,False,True,True
d729a2e291b313ba7956956f,33,transient_flip_restored,NO_OBSERVED_CHANGE,,[],ACCEPT,A,A,A,False,False,True,True
0ff8674bf974727196f5f563,34,transient_flip_restored,NO_OBSERVED_CHANGE,,[],ACCEPT,G,G,G,False,False,True,True
bd3d0ed580c7addd47312c10,35,transient_flip_restored,NO_OBSERVED_CHANGE,,[],ACCEPT,A,A,A,False,False,True,True
3a3ce7dfea672f1bdba0e0ee,36,transient_flip_restored,NO_OBSERVED_CHANGE,,[],ACCEPT,F,F,F,False,False,True,True
27edfbbdd94e34e50def3dfa,37,transient_flip_restored,NO_OBSERVED_CHANGE,,[],ACCEPT,C,C,C,False,False,True,True
c7db196e5550e72f12c7e9e0,38,transient_flip_restored,NO_OBSERVED_CHANGE,,[],ACCEPT,A,A,A,False,False,True,True
7aa478b2455a70beb23daec9,39,transient_flip_restored,NO_OBSERVED_CHANGE,,[],ACCEPT,G,G,G,False,False,True,True
20b747283e30fdc03514e0a3,40,transient_flip_restored,NO_OBSERVED_CHANGE,,[],ACCEPT,C,C,C,False,False,True,True
2b4fad563818fd4c95691727,41,transient_flip_restored,NO_OBSERVED_CHANGE,,[],ACCEPT,D,D,D,False,False,True,True
a71f6433da00ce405ccfdaad,42,transient_flip_restored,NO_OBSERVED_CHANGE,,[],ACCEPT,E,E,E,False,False,True,True
1abab077ea1f86a7c2aa7fe5,43,transient_flip_restored,NO_OBSERVED_CHANGE,,[],ACCEPT,D,D,D,False,False,True,True
61d4cdcbe0bea533a2fd7a93,44,transient_flip_restored,NO_OBSERVED_CHANGE,,[],ACCEPT,A,A,A,False,False,True,True
27993927af382aa1a0bd8475,45,transient_flip_restored,NO_OBSERVED_CHANGE,,[],ACCEPT,B,B,B,False,False,True,True
1cd3a0544fe790670fa56821,46,transient_flip_restored,NO_OBSERVED_CHANGE,,[],ACCEPT,D,D,D,False,False,True,True
b6e0d5c0c610013052ba070d,47,transient_flip_restored,NO_OBSERVED_CHANGE,,[],ACCEPT,B,B,B,False,False,True,True
669a4269f682a14032ef749a,48,transient_flip_restored,NO_OBSERVED_CHANGE,,[],ACCEPT,F,F,F,False,False,True,True
505cbd0cdde8538067292544,49,transient_flip_restored,NO_OBSERVED_CHANGE,,[],ACCEPT,F,F,F,False,False,True,True
e00fde909ab3f702f09f6c2f,50,transient_flip_restored,NO_OBSERVED_CHANGE,,[],ACCEPT,F,F,F,False,False,True,True
b35f31cb1a6180ce07b4690e,51,transient_flip_restored,NO_OBSERVED_CHANGE,,[],ACCEPT,A,A,A,False,False,True,True
9c9226f878047cf591c7129a,52,transient_flip_restored,NO_OBSERVED_CHANGE,,[],ACCEPT,C,C,C,False,False,True,True
07fc28a1dac0874ca840520a,53,transient_flip_restored,NO_OBSERVED_CHANGE,,[],ACCEPT,D,D,D,False,False,True,True
621f4c52ab9f26d6fc5930fc,54,transient_flip_restored,NO_OBSERVED_CHANGE,,[],ACCEPT,B,B,B,False,False,True,True
808435461a39bde4866a359e,55,transient_flip_restored,NO_OBSERVED_CHANGE,,[],ACCEPT,E,E,E,False,False,True,True
e4303e4fc22196995a3c5c20,56,transient_flip_restored,NO_OBSERVED_CHANGE,,[],ACCEPT,G,G,G,False,False,True,True
0a3556687c3a95223a022d21,57,transient_flip_restored,NO_OBSERVED_CHANGE,,[],ACCEPT,F,F,F,False,False,True,True
06a8304c31bc8f63260c3037,58,transient_flip_restored,NO_OBSERVED_CHANGE,,[],ACCEPT,D,D,D,False,False,True,True
06d3c11faca7446d75b07d62,59,transient_flip_restored,NO_OBSERVED_CHANGE,,[],ACCEPT,D,D,D,False,False,True,True
ece94ab1292f54a62d38b806,60,transient_flip_restored,NO_OBSERVED_CHANGE,,[],ACCEPT,G,G,G,False,False,True,True
f86d6a0a6b53cdb966da1fa8,61,transient_flip_restored,NO_OBSERVED_CHANGE,,[],ACCEPT,F,F,F,False,False,True,True
f9ce1b69f4ca98076249f27c,62,transient_flip_restored,NO_OBSERVED_CHANGE,,[],ACCEPT,B,B,B,False,False,True,True
ee603d3d57159ecf82ae069e,63,transient_flip_restored,NO_OBSERVED_CHANGE,,[],ACCEPT,G,G,G,False,False,True,True
94ce16dba3fc1bcf67824224,64,transient_flip_restored,NO_OBSERVED_CHANGE,,[],ACCEPT,A,A,A,False,False,True,True
02d4343132e22a332e9d188a,65,transient_flip_restored,NO_OBSERVED_CHANGE,,[],ACCEPT,G,G,G,False,False,True,True
a3d337b0a1cdb667ad9c5a86,66,transient_flip_restored,NO_OBSERVED_CHANGE,,[],ACCEPT,E,E,E,False,False,True,True
92a19dcfac41b9f11e4e5c1a,67,transient_flip_restored,NO_OBSERVED_CHANGE,,[],ACCEPT,C,C,C,False,False,True,True
f76a00ffa766646f19f2e72f,68,transient_flip_restored,NO_OBSERVED_CHANGE,,[],ACCEPT,F,F,F,False,False,True,True
873a9c91a9681c8effc2b9c8,69,transient_flip_restored,NO_OBSERVED_CHANGE,,[],ACCEPT,G,G,G,False,False,True,True
ac8738bc9e11b4addbe2d729,70,transient_flip_restored,NO_OBSERVED_CHANGE,,[],ACCEPT,B,B,B,False,False,True,True
e87dd253b49acf47c6d2b9cd,71,transient_flip_restored,NO_OBSERVED_CHANGE,,[],ACCEPT,C,C,C,False,False,True,True
81726c255939c15504210ec0,72,transient_flip_restored,NO_OBSERVED_CHANGE,,[],ACCEPT,F,F,F,False,False,True,True
efc423d63efc21273ce1bd62,73,transient_flip_restored,NO_OBSERVED_CHANGE,,[],ACCEPT,E,E,E,False,False,True,True
45aa61afcc0f1d56ff4a447f,74,transient_flip_restored,NO_OBSERVED_CHANGE,,[],ACCEPT,A,A,A,False,False,True,True
6da10ad7d8d9166b752bde19,75,transient_flip_restored,NO_OBSERVED_CHANGE,,[],ACCEPT,C,C,C,False,False,True,True
6664a7ab9665ac93e8b25b42,76,transient_flip_restored,NO_OBSERVED_CHANGE,,[],ACCEPT,A,A,A,False,False,True,True
54688d1d7be36f0bf7192cb6,77,transient_flip_restored,NO_OBSERVED_CHANGE,,[],ACCEPT,G,G,G,False,False,True,True
04160a213c98b53fe7dbecd2,78,transient_flip_restored,NO_OBSERVED_CHANGE,,[],ACCEPT,A,A,A,False,False,True,True
e6c0690ad962743dca70c889,79,transient_flip_restored,NO_OBSERVED_CHANGE,,[],ACCEPT,B,B,B,False,False,True,True
67981c1ba61778b573bf42c7,80,transient_flip_restored,NO_OBSERVED_CHANGE,,[],ACCEPT,A,A,A,False,False,True,True
0706f91047410d6a225faa40,81,transient_flip_restored,NO_OBSERVED_CHANGE,,[],ACCEPT,D,D,D,False,False,True,True
a47fe9f2e3fb482bbd1baf95,82,transient_flip_restored,NO_OBSERVED_CHANGE,,[],ACCEPT,E,E,E,False,False,True,True
f10f1d9e7eb466f8256095d2,83,transient_flip_restored,NO_OBSERVED_CHANGE,,[],ACCEPT,A,A,A,False,False,True,True
97967f8b11f40e16726ca965,84,transient_flip_restored,NO_OBSERVED_CHANGE,,[],ACCEPT,B,B,B,False,False,True,True
f71a8ad1709dadcb5c558fb3,85,transient_flip_restored,NO_OBSERVED_CHANGE,,[],ACCEPT,G,G,G,False,False,True,True
dbb36caff05922590faae694,86,transient_flip_restored,NO_OBSERVED_CHANGE,,[],ACCEPT,D,D,D,False,False,True,True
e3a8e66af763aae70235fda9,87,transient_flip_restored,NO_OBSERVED_CHANGE,,[],ACCEPT,D,D,D,False,False,True,True
5b3561ac3e523a7e7db544af,88,transient_flip_restored,NO_OBSERVED_CHANGE,,[],ACCEPT,E,E,E,False,False,True,True
162a943229a66cf944100333,89,transient_flip_restored,NO_OBSERVED_CHANGE,,[],ACCEPT,D,D,D,False,False,True,True
59cc11ab3bf4774dadcc2005,90,transient_flip_restored,NO_OBSERVED_CHANGE,,[],ACCEPT,F,F,F,False,False,True,True
4ac3a2162e10c9279850a64d,91,transient_flip_restored,NO_OBSERVED_CHANGE,,[],ACCEPT,F,F,F,False,False,True,True
df98fd137c65a1f9ccdf60ed,92,transient_flip_restored,NO_OBSERVED_CHANGE,,[],ACCEPT,D,D,D,False,False,True,True
9f7de3f1de0f8d39e549d5bd,93,transient_flip_restored,NO_OBSERVED_CHANGE,,[],ACCEPT,G,G,G,False,False,True,True
6b654eab1fa8873fe1f17f80,94,transient_flip_restored,NO_OBSERVED_CHANGE,,[],ACCEPT,D,D,D,False,False,True,True
0238ec05d381d5f1b25eb091,95,transient_flip_restored,NO_OBSERVED_CHANGE,,[],ACCEPT,A,A,A,False,False,True,True
16bde771d7b45280af8ef8a9,96,transient_flip_restored,NO_OBSERVED_CHANGE,,[],ACCEPT,G,G,G,False,False,True,True
adbb61a02522ea8060705936,97,transient_flip_restored,NO_OBSERVED_CHANGE,,[],ACCEPT,E,E,E,False,False,True,True
c1435d7f8df6e874c450e238,98,transient_flip_restored,NO_OBSERVED_CHANGE,,[],ACCEPT,F,F,F,False,False,True,True
1997a227109c5861e26eae90,99,transient_flip_restored,NO_OBSERVED_CHANGE,,[],ACCEPT,D,D,D,False,False,True,True
022b8079f9621c23698b600e,100,transient_flip_restored,NO_OBSERVED_CHANGE,,[],ACCEPT,A,A,A,False,False,True,True
c5ca2a401d5287e2cde2f03d,101,transient_flip_restored,NO_OBSERVED_CHANGE,,[],ACCEPT,C,C,C,False,False,True,True
a30353fd4d789a1d449ce4b7,102,transient_flip_restored,NO_OBSERVED_CHANGE,,[],ACCEPT,E,E,E,False,False,True,True
14dbe5c2ce1ebc674f52728e,103,transient_flip_restored,NO_OBSERVED_CHANGE,,[],ACCEPT,B,B,B,False,False,True,True
3d52ecac04a5068605974631,104,transient_flip_restored,NO_OBSERVED_CHANGE,,[],ACCEPT,C,C,C,False,False,True,True
9ed1c1632e356cfe9e4ba1c5,105,transient_flip_restored,NO_OBSERVED_CHANGE,,[],ACCEPT,D,D,D,False,False,True,True
96ff08296ade30c7b2ec540c,106,transient_flip_restored,NO_OBSERVED_CHANGE,,[],ACCEPT,B,B,B,False,False,True,True
927aed30c553f2c6915d51ee,107,transient_flip_restored,NO_OBSERVED_CHANGE,,[],ACCEPT,C,C,C,False,False,True,True
239e9d261b7d3536abbe5d3c,108,transient_flip_restored,NO_OBSERVED_CHANGE,,[],ACCEPT,C,C,C,False,False,True,True
e1cc271703c2ce258242a3fe,109,transient_flip_restored,NO_OBSERVED_CHANGE,,[],ACCEPT,A,A,A,False,False,True,True
efba151099b00f5a677ecb30,110,transient_flip_restored,NO_OBSERVED_CHANGE,,[],ACCEPT,E,E,E,False,False,True,True
c5a5368c9e2330750a3e7835,111,transient_flip_restored,NO_OBSERVED_CHANGE,,[],ACCEPT,B,B,B,False,False,True,True
c7a4fc962bc643bf8b898a49,112,transient_flip_restored,NO_OBSERVED_CHANGE,,[],ACCEPT,F,F,F,False,False,True,True
2697f1d69c72281c0711b59d,113,transient_flip_restored,NO_OBSERVED_CHANGE,,[],ACCEPT,B,B,B,False,False,True,True
020ca6dccbef6ce1bb5c9d1b,114,transient_flip_restored,NO_OBSERVED_CHANGE,,[],ACCEPT,G,G,G,False,False,True,True
53bad66e66e52b5e8277674b,115,transient_flip_restored,NO_OBSERVED_CHANGE,,[],ACCEPT,E,E,E,False,False,True,True
76f629367d325444e68ea4ff,116,transient_flip_restored,NO_OBSERVED_CHANGE,,[],ACCEPT,D,D,D,False,False,True,True
d4423705d35844a30b7978ad,117,transient_flip_restored,NO_OBSERVED_CHANGE,,[],ACCEPT,D,D,D,False,False,True,True
d9447b382d99ca68b413265f,118,transient_flip_restored,NO_OBSERVED_CHANGE,,[],ACCEPT,G,G,G,False,False,True,True
59c8bea345c79e706ef39ca6,119,transient_flip_restored,NO_OBSERVED_CHANGE,,[],ACCEPT,E,E,E,False,False,True,True
dbb4425648c57289a41e5cee,120,transient_flip_restored,NO_OBSERVED_CHANGE,,[],ACCEPT,D,D,D,False,False,True,True
4c6ebc0e03567c0a69cc3566,121,transient_flip_restored,NO_OBSERVED_CHANGE,,[],ACCEPT,G,G,G,False,False,True,True
cfde70846dbaf827077ca735,122,transient_flip_restored,NO_OBSERVED_CHANGE,,[],ACCEPT,C,C,C,False,False,True,True
6a0705b6d650aca7095fd6d4,123,transient_flip_restored,NO_OBSERVED_CHANGE,,[],ACCEPT,D,D,D,False,False,True,True
890ba68f226566c1d7a9d539,124,transient_flip_restored,NO_OBSERVED_CHANGE,,[],ACCEPT,A,A,A,False,False,True,True
051cf98606242972c901a432,125,transient_flip_restored,NO_OBSERVED_CHANGE,,[],ACCEPT,G,G,G,False,False,True,True
e434f8b3c189360cdfaac2fe,126,transient_flip_restored,NO_OBSERVED_CHANGE,,[],ACCEPT,D,D,D,False,False,True,True
80907f37e3ea24611b72f114,127,transient_flip_restored,NO_OBSERVED_CHANGE,,[],ACCEPT,F,F,F,False,False,True,True
dbfa48a63e6071811728140c,128,transient_flip_restored,NO_OBSERVED_CHANGE,,[],ACCEPT,B,B,B,False,False,True,True
b71fe0f8296ac2e4705e7f3a,129,transient_flip_restored,NO_OBSERVED_CHANGE,,[],ACCEPT,A,A,A,False,False,True,True
47fb4feca232d0cbe28df7ff,130,transient_flip_restored,NO_OBSERVED_CHANGE,,[],ACCEPT,C,C,C,False,False,True,True
d7dee77376a1c0214e0b3e36,131,transient_flip_restored,NO_OBSERVED_CHANGE,,[],ACCEPT,G,G,G,False,False,True,True
1b115194a70960049adbeffd,132,transient_flip_restored,NO_OBSERVED_CHANGE,,[],ACCEPT,A,A,A,False,False,True,True
b46c48fe36402ae531a94f1d,133,transient_flip_restored,NO_OBSERVED_CHANGE,,[],ACCEPT,B,B,B,False,False,True,True
9c6e75c3693cbf946dd5de2f,134,transient_flip_restored,NO_OBSERVED_CHANGE,,[],ACCEPT,G,G,G,False,False,True,True
f952d5d5fbba5d951db30a00,135,transient_flip_restored,NO_OBSERVED_CHANGE,,[],ACCEPT,D,D,D,False,False,True,True
294ce9291c0b9c07fdde861c,136,transient_flip_restored,NO_OBSERVED_CHANGE,,[],ACCEPT,B,B,B,False,False,True,True
6ebf8a168975dcec842d0d04,137,transient_flip_restored,NO_OBSERVED_CHANGE,,[],ACCEPT,E,E,E,False,False,True,True
9cfb1efd3bc72e8ec4e72b85,138,transient_flip_restored,NO_OBSERVED_CHANGE,,[],ACCEPT,G,G,G,False,False,True,True
56962f3eae9159c8be9e583c,139,transient_flip_restored,NO_OBSERVED_CHANGE,,[],ACCEPT,E,E,E,False,False,True,True
e568a89565a7cf9008105456,140,transient_flip_restored,NO_OBSERVED_CHANGE,,[],ACCEPT,E,E,E,False,False,True,True
192abf2e2993fd045547baea,141,transient_flip_restored,NO_OBSERVED_CHANGE,,[],ACCEPT,C,C,C,False,False,True,True
970281cf7ce4535892556fb0,142,transient_flip_restored,NO_OBSERVED_CHANGE,,[],ACCEPT,D,D,D,False,False,True,True
d5f115557d0a2d71e734f9ac,143,transient_flip_restored,NO_OBSERVED_CHANGE,,[],ACCEPT,B,B,B,False,False,True,True
a0e63737fec0e51dc83c9015,144,transient_flip_restored,NO_OBSERVED_CHANGE,,[],ACCEPT,E,E,E,False,False,True,True
22a02887f1c65c6e26851c1e,145,transient_flip_restored,NO_OBSERVED_CHANGE,,[],ACCEPT,B,B,B,False,False,True,True
f36788b7450707627e5d852a,146,transient_flip_restored,NO_OBSERVED_CHANGE,,[],ACCEPT,D,D,D,False,False,True,True
cd16ab613329042947dc627b,147,transient_flip_restored,NO_OBSERVED_CHANGE,,[],ACCEPT,F,F,F,False,False,True,True
57a5a7f88d2df28b8556e8bf,148,transient_flip_restored,NO_OBSERVED_CHANGE,,[],ACCEPT,E,E,E,False,False,True,True
a80775da4e81931dd63095e5,149,transient_flip_restored,NO_OBSERVED_CHANGE,,[],ACCEPT,F,F,F,False,False,True,True
9a0d73c6cba1d7cf7abf7a44,150,transient_flip_restored,NO_OBSERVED_CHANGE,,[],ACCEPT,D,D,D,False,False,True,True
5d7773d89fb10f9c13623164,151,transient_flip_restored,NO_OBSERVED_CHANGE,,[],ACCEPT,C,C,C,False,False,True,True
2c6931f82ab59a3fbe89c568,152,transient_flip_restored,NO_OBSERVED_CHANGE,,[],ACCEPT,C,C,C,False,False,True,True
b7df7e6f6e31e542c8a760d3,153,transient_flip_restored,NO_OBSERVED_CHANGE,,[],ACCEPT,F,F,F,False,False,True,True
2aa1b9207f2a0bfd4d7060ca,154,transient_flip_restored,NO_OBSERVED_CHANGE,,[],ACCEPT,C,C,C,False,False,True,True
84c84089d9af06a9797d9c04,155,transient_flip_restored,NO_OBSERVED_CHANGE,,[],ACCEPT,E,E,E,False,False,True,True
f66a1cfbdd17ce7aa369e847,156,transient_flip_restored,NO_OBSERVED_CHANGE,,[],ACCEPT,B,B,B,False,False,True,True
763e86097ac10ba0e8b90719,157,transient_flip_restored,NO_OBSERVED_CHANGE,,[],ACCEPT,C,C,C,False,False,True,True
fc6ea87f0a8578776e5cec0c,158,transient_flip_restored,NO_OBSERVED_CHANGE,,[],ACCEPT,B,B,B,False,False,True,True
55ef0425199d91e2f040e590,159,transient_flip_restored,NO_OBSERVED_CHANGE,,[],ACCEPT,E,E,E,False,False,True,True
6653172c439f222c337f5d0b,160,transient_flip_restored,NO_OBSERVED_CHANGE,,[],ACCEPT,E,E,E,False,False,True,True
622f0922b7949de43e4e5b2f,161,transient_flip_restored,NO_OBSERVED_CHANGE,,[],ACCEPT,A,A,A,False,False,True,True
d1b7f2c6db5f9fb24dffe9a4,162,transient_flip_restored,NO_OBSERVED_CHANGE,,[],ACCEPT,F,F,F,False,False,True,True
a9ec1e23df7b7e5b83201945,163,transient_flip_restored,NO_OBSERVED_CHANGE,,[],ACCEPT,E,E,E,False,False,True,True
7e68b3a461a114b480ec098b,164,transient_flip_restored,NO_OBSERVED_CHANGE,,[],ACCEPT,A,A,A,False,False,True,True
af14d43e436d7964bfe4acae,165,transient_flip_restored,NO_OBSERVED_CHANGE,,[],ACCEPT,B,B,B,False,False,True,True
3adf548fc6c5ce40d479e768,166,transient_flip_restored,NO_OBSERVED_CHANGE,,[],ACCEPT,C,C,C,False,False,True,True
720e7b9b056f2715fe3abe17,167,transient_flip_restored,NO_OBSERVED_CHANGE,,[],ACCEPT,G,G,G,False,False,True,True
97686644b92ea52ef88677e5,168,transient_flip_restored,NO_OBSERVED_CHANGE,,[],ACCEPT,F,F,F,False,False,True,True
2d7d1ceacae9d87b7b5a3d2e,169,transient_flip_restored,NO_OBSERVED_CHANGE,,[],ACCEPT,C,C,C,False,False,True,True
8593a4650784567efa7b3a18,170,transient_flip_restored,NO_OBSERVED_CHANGE,,[],ACCEPT,A,A,A,False,False,True,True
12cc1604873dcffad6bf3494,171,transient_flip_restored,NO_OBSERVED_CHANGE,,[],ACCEPT,C,C,C,False,False,True,True
b7679efb3c4f7bbf5621d734,172,transient_flip_restored,NO_OBSERVED_CHANGE,,[],ACCEPT,A,A,A,False,False,True,True
2c278acdeb1cdf1ef47a5389,173,transient_flip_restored,NO_OBSERVED_CHANGE,,[],ACCEPT,E,E,E,False,False,True,True
6d452365609694181b7d4ed1,174,transient_flip_restored,NO_OBSERVED_CHANGE,,[],ACCEPT,F,F,F,False,False,True,True
5f2c0b426327153573f791ad,175,transient_flip_restored,NO_OBSERVED_CHANGE,,[],ACCEPT,G,G,G,False,False,True,True
67b5eb4644411500b327b036,176,transient_flip_restored,NO_OBSERVED_CHANGE,,[],ACCEPT,F,F,F,False,False,True,True
c4b0fa85ac93e745ecbe985f,177,transient_flip_restored,NO_OBSERVED_CHANGE,,[],ACCEPT,F,F,F,False,False,True,True
5a476ff77c960397b4d32ac6,178,transient_flip_restored,NO_OBSERVED_CHANGE,,[],ACCEPT,A,A,A,False,False,True,True
fc5c0cd32464b253c0cfd12e,179,transient_flip_restored,NO_OBSERVED_CHANGE,,[],ACCEPT,B,B,B,False,False,True,True
c7a1ae090bc9dbbc06e819df,180,transient_flip_restored,NO_OBSERVED_CHANGE,,[],ACCEPT,G,G,G,False,False,True,True
79b917ecaf95c6d1c65612a1,181,transient_flip_restored,NO_OBSERVED_CHANGE,,[],ACCEPT,A,A,A,False,False,True,True
65e7d65084e03b58bd700a34,182,transient_flip_restored,NO_OBSERVED_CHANGE,,[],ACCEPT,C,C,C,False,False,True,True
349f109575db6670eff57222,183,transient_flip_restored,NO_OBSERVED_CHANGE,,[],ACCEPT,B,B,B,False,False,True,True
0ea79eaf50815242f65bce90,184,transient_flip_restored,NO_OBSERVED_CHANGE,,[],ACCEPT,D,D,D,False,False,True,True
237ed0ac46de44f474e91a8b,185,transient_flip_restored,NO_OBSERVED_CHANGE,,[],ACCEPT,A,A,A,False,False,True,True
01e7c05726afe75d042d94d7,186,transient_flip_restored,NO_OBSERVED_CHANGE,,[],ACCEPT,G,G,G,False,False,True,True
329cec57063e34020e46d7f9,187,transient_flip_restored,NO_OBSERVED_CHANGE,,[],ACCEPT,B,B,B,False,False,True,True
8139a7dc61db30db24b3bd26,188,transient_flip_restored,NO_OBSERVED_CHANGE,,[],ACCEPT,C,C,C,False,False,True,True
2255b32917b5ed6ed2fd00cb,189,transient_flip_restored,NO_OBSERVED_CHANGE,,[],ACCEPT,B,B,B,False,False,True,True
4cbf003d0fce9686bbd53352,190,transient_flip_restored,NO_OBSERVED_CHANGE,,[],ACCEPT,B,B,B,False,False,True,True
1341d0399d6d2d75f4d9aacd,191,transient_flip_restored,NO_OBSERVED_CHANGE,,[],ACCEPT,E,E,E,False,False,True,True
7e9f7e8230ab3516555035a1,192,transient_flip_restored,NO_OBSERVED_CHANGE,,[],ACCEPT,E,E,E,False,False,True,True
0190496239716b4bd33efc95,193,transient_flip_restored,NO_OBSERVED_CHANGE,,[],ACCEPT,C,C,C,False,False,True,True
e67b3b261fd09eb4e5270d15,194,transient_flip_restored,NO_OBSERVED_CHANGE,,[],ACCEPT,G,G,G,False,False,True,True
36b550fbb44bc246c086fed1,195,transient_flip_restored,NO_OBSERVED_CHANGE,,[],ACCEPT,C,C,C,False,False,True,True
3f7fa81b042b5189df14f02f,196,transient_flip_restored,NO_OBSERVED_CHANGE,,[],ACCEPT,D,D,D,False,False,True,True
57998fafba6bedddf00fcd2c,197,transient_flip_restored,NO_OBSERVED_CHANGE,,[],ACCEPT,E,E,E,False,False,True,True
ca1cdc25d81b7868c8a34799,198,transient_flip_restored,NO_OBSERVED_CHANGE,,[],ACCEPT,B,B,B,False,False,True,True
fae84e81ca62084fe1c2c1fa,199,transient_flip_restored,NO_OBSERVED_CHANGE,,[],ACCEPT,D,D,D,False,False,True,True
6a51c42ffa57d292a73ea40f,200,transient_flip_restored,NO_OBSERVED_CHANGE,,[],ACCEPT,E,E,E,False,False,True,True
1936965d06e843ea3f2601b1,201,transient_flip_restored,NO_OBSERVED_CHANGE,,[],ACCEPT,B,B,B,False,False,True,True
8fc824254688152373df5e4c,202,transient_flip_restored,NO_OBSERVED_CHANGE,,[],ACCEPT,B,B,B,False,False,True,True
4b24c569b9cd1ec1b1128eec,203,transient_flip_restored,NO_OBSERVED_CHANGE,,[],ACCEPT,G,G,G,False,False,True,True
d4f850fdd7b6fcbe8bc409c8,204,transient_flip_restored,NO_OBSERVED_CHANGE,,[],ACCEPT,A,A,A,False,False,True,True
fac67763ed7fc06fea0bb1b2,205,transient_flip_restored,NO_OBSERVED_CHANGE,,[],ACCEPT,D,D,D,False,False,True,True
5662ac614aea9f276c64afd0,206,transient_flip_restored,NO_OBSERVED_CHANGE,,[],ACCEPT,B,B,B,False,False,True,True
cf38fb7b4237b67240377736,207,transient_flip_restored,NO_OBSERVED_CHANGE,,[],ACCEPT,A,A,A,False,False,True,True
c34c4210e0f72f98b404e419,208,transient_flip_restored,NO_OBSERVED_CHANGE,,[],ACCEPT,E,E,E,False,False,True,True
7c7356ed572209999d19bfd8,209,transient_flip_restored,NO_OBSERVED_CHANGE,,[],ACCEPT,G,G,G,False,False,True,True
37062b76e7920318890cdb67,210,transient_flip_restored,NO_OBSERVED_CHANGE,,[],ACCEPT,C,C,C,False,False,True,True
2fdbd4256b629f7f7ff58a19,211,transient_flip_restored,NO_OBSERVED_CHANGE,,[],ACCEPT,C,C,C,False,False,True,True
3ded5088f22f22478f5a14cd,212,transient_flip_restored,NO_OBSERVED_CHANGE,,[],ACCEPT,G,G,G,False,False,True,True
3d1645f7c0bf97860c30596c,213,transient_flip_restored,NO_OBSERVED_CHANGE,,[],ACCEPT,F,F,F,False,False,True,True
ee558bd2399bf75cfbeb1441,214,transient_flip_restored,NO_OBSERVED_CHANGE,,[],ACCEPT,C,C,C,False,False,True,True
9809713b53bdb9ba061837cd,215,transient_flip_restored,NO_OBSERVED_CHANGE,,[],ACCEPT,D,D,D,False,False,True,True
db81239c535595c7c8bec507,216,transient_flip_restored,NO_OBSERVED_CHANGE,,[],ACCEPT,D,D,D,False,False,True,True
474d761e128eef53a10a1f8b,217,transient_flip_restored,NO_OBSERVED_CHANGE,,[],ACCEPT,B,B,B,False,False,True,True
733e67826c3b456057356001,218,transient_flip_restored,NO_OBSERVED_CHANGE,,[],ACCEPT,D,D,D,False,False,True,True
51b36cf474c478a90ee0d878,219,transient_flip_restored,NO_OBSERVED_CHANGE,,[],ACCEPT,A,A,A,False,False,True,True
66c1e7f6a7cba09f14b6f6ca,220,transient_flip_restored,NO_OBSERVED_CHANGE,,[],ACCEPT,G,G,G,False,False,True,True
c8e4a1607763da5acf4daa87,221,transient_flip_restored,NO_OBSERVED_CHANGE,,[],ACCEPT,B,B,B,False,False,True,True
5d2d94aa26c2affb7bfb5fcc,222,transient_flip_restored,NO_OBSERVED_CHANGE,,[],ACCEPT,C,C,C,False,False,True,True
91117a196595b773cdf4644b,223,transient_flip_restored,NO_OBSERVED_CHANGE,,[],ACCEPT,G,G,G,False,False,True,True
b66e550c93eda0dfc8db8a84,224,transient_flip_restored,NO_OBSERVED_CHANGE,,[],ACCEPT,D,D,D,False,False,True,True
56dfc1401b9f536cfce13539,225,transient_flip_restored,NO_OBSERVED_CHANGE,,[],ACCEPT,F,F,F,False,False,True,True
8c3eab3308dcf6274917250e,226,transient_flip_restored,NO_OBSERVED_CHANGE,,[],ACCEPT,B,B,B,False,False,True,True
69e0cb2217e8dc4d726e0a90,227,transient_flip_restored,NO_OBSERVED_CHANGE,,[],ACCEPT,C,C,C,False,False,True,True
d9deec3426052db1776ce032,228,transient_flip_restored,NO_OBSERVED_CHANGE,,[],ACCEPT,E,E,E,False,False,True,True
1dde29e27bc3e4d8f9f19997,229,transient_flip_restored,NO_OBSERVED_CHANGE,,[],ACCEPT,E,E,E,False,False,True,True
0ec187ee598c59892bdc100e,230,transient_flip_restored,NO_OBSERVED_CHANGE,,[],ACCEPT,F,F,F,False,False,True,True
26a90fee76bcae4d54a2396e,231,transient_flip_restored,NO_OBSERVED_CHANGE,,[],ACCEPT,F,F,F,False,False,True,True
8bc9f70bea194717eb4d2972,232,transient_flip_restored,NO_OBSERVED_CHANGE,,[],ACCEPT,G,G,G,False,False,True,True
942968f5734155df4761fa27,233,transient_flip_restored,NO_OBSERVED_CHANGE,,[],ACCEPT,C,C,C,False,False,True,True
00dc10a70bc014a25567f614,234,transient_flip_restored,NO_OBSERVED_CHANGE,,[],ACCEPT,B,B,B,False,False,True,True
68fe3cb3147f8bd231fb7bf6,235,transient_flip_restored,NO_OBSERVED_CHANGE,,[],ACCEPT,A,A,A,False,False,True,True
3420a134594be7145a0b10d5,236,transient_flip_restored,NO_OBSERVED_CHANGE,,[],ACCEPT,F,F,F,False,False,True,True
929340f0192895de657c4f46,237,transient_flip_restored,NO_OBSERVED_CHANGE,,[],ACCEPT,A,A,A,False,False,True,True
ba0e4e5e4d136bb604503b06,238,transient_flip_restored,NO_OBSERVED_CHANGE,,[],ACCEPT,F,F,F,False,False,True,True
4c822e0e2bef73f332064bce,239,transient_flip_restored,NO_OBSERVED_CHANGE,,[],ACCEPT,F,F,F,False,False,True,True
417b0760743301c7e783b48b,240,transient_flip_restored,NO_OBSERVED_CHANGE,,[],ACCEPT,E,E,E,False,False,True,True
5fe10503c554eb96285e9032,241,transient_flip_restored,NO_OBSERVED_CHANGE,,[],ACCEPT,G,G,G,False,False,True,True
bd225392a42bb2e454da16f8,242,transient_flip_restored,NO_OBSERVED_CHANGE,,[],ACCEPT,F,F,F,False,False,True,True
dedb23d01504a5a84450e02c,243,transient_flip_restored,NO_OBSERVED_CHANGE,,[],ACCEPT,C,C,C,False,False,True,True
4192d217f4cd698d5a75361d,244,transient_flip_restored,NO_OBSERVED_CHANGE,,[],ACCEPT,C,C,C,False,False,True,True
cc7c23d2d5c4dcd7fa01db56,245,transient_flip_restored,NO_OBSERVED_CHANGE,,[],ACCEPT,A,A,A,False,False,True,True
9caedc4afe4e55022e860799,246,transient_flip_restored,NO_OBSERVED_CHANGE,,[],ACCEPT,D,D,D,False,False,True,True
72532d941079824b3d30dd23,247,transient_flip_restored,NO_OBSERVED_CHANGE,,[],ACCEPT,A,A,A,False,False,True,True
fea45e514041f4a9e2807de0,248,transient_flip_restored,NO_OBSERVED_CHANGE,,[],ACCEPT,F,F,F,False,False,True,True
cc7190bbc7d8d06159825731,249,transient_flip_restored,NO_OBSERVED_CHANGE,,[],ACCEPT,D,D,D,False,False,True,True
